-- MariaDB dump 10.19  Distrib 10.4.18-MariaDB, for Linux (x86_64)
--
-- Host: localhost    Database: tecsa
-- ------------------------------------------------------
-- Server version	10.4.18-MariaDB

/*!40101 SET @OLD_CHARACTER_SET_CLIENT=@@CHARACTER_SET_CLIENT */;
/*!40101 SET @OLD_CHARACTER_SET_RESULTS=@@CHARACTER_SET_RESULTS */;
/*!40101 SET @OLD_COLLATION_CONNECTION=@@COLLATION_CONNECTION */;
/*!40101 SET NAMES utf8mb4 */;
/*!40103 SET @OLD_TIME_ZONE=@@TIME_ZONE */;
/*!40103 SET TIME_ZONE='+00:00' */;
/*!40014 SET @OLD_UNIQUE_CHECKS=@@UNIQUE_CHECKS, UNIQUE_CHECKS=0 */;
/*!40014 SET @OLD_FOREIGN_KEY_CHECKS=@@FOREIGN_KEY_CHECKS, FOREIGN_KEY_CHECKS=0 */;
/*!40101 SET @OLD_SQL_MODE=@@SQL_MODE, SQL_MODE='NO_AUTO_VALUE_ON_ZERO' */;
/*!40111 SET @OLD_SQL_NOTES=@@SQL_NOTES, SQL_NOTES=0 */;

--
-- Current Database: `tecsa`
--

CREATE DATABASE /*!32312 IF NOT EXISTS*/ `tecsa` /*!40100 DEFAULT CHARACTER SET latin1 COLLATE latin1_spanish_ci */;

USE `tecsa`;

--
-- Table structure for table `campos`
--

DROP TABLE IF EXISTS `campos`;
/*!40101 SET @saved_cs_client     = @@character_set_client */;
/*!40101 SET character_set_client = utf8 */;
CREATE TABLE `campos` (
  `id` int(10) NOT NULL AUTO_INCREMENT,
  `id_seccion` int(10) NOT NULL,
  `nombre` varchar(100) COLLATE latin1_spanish_ci NOT NULL,
  `orden` int(2) NOT NULL,
  `tipo` varchar(40) COLLATE latin1_spanish_ci NOT NULL,
  `configuracion` varchar(10000) COLLATE latin1_spanish_ci NOT NULL,
  `descripcion` varchar(200) COLLATE latin1_spanish_ci NOT NULL,
  `id_oficio` int(10) NOT NULL DEFAULT 0,
  `requerido` tinyint(1) NOT NULL DEFAULT 0,
  `requerido_crear` tinyint(4) NOT NULL DEFAULT 0,
  `titulo` tinyint(4) NOT NULL DEFAULT 0,
  `rubrica` varchar(100) COLLATE latin1_spanish_ci NOT NULL,
  `no_para_rubrica` varchar(100) COLLATE latin1_spanish_ci NOT NULL DEFAULT '',
  `zona` varchar(100) COLLATE latin1_spanish_ci NOT NULL,
  `condicion_zona` varchar(3000) COLLATE latin1_spanish_ci NOT NULL,
  `orden_titulo` tinyint(4) NOT NULL DEFAULT -1,
  `orden_informe` tinyint(4) NOT NULL DEFAULT -1,
  `orden_subtitulo` tinyint(4) NOT NULL DEFAULT -1,
  `orden_subinforme` tinyint(4) NOT NULL DEFAULT -1,
  `borrado` datetime DEFAULT NULL,
  PRIMARY KEY (`id`)
) ENGINE=InnoDB AUTO_INCREMENT=246 DEFAULT CHARSET=latin1 COLLATE=latin1_spanish_ci;
/*!40101 SET character_set_client = @saved_cs_client */;

--
-- Dumping data for table `campos`
--

LOCK TABLES `campos` WRITE;
/*!40000 ALTER TABLE `campos` DISABLE KEYS */;
INSERT INTO `campos` VALUES (41,18,'Nº Expediente',0,'1','{\"maxCh\":\"30\",\"defecto\":\"\",\"auto\":{\"valor\":\"=concatenar(indice_anual(true),\'/\',fecha(\'Y\',momento()))\",\"evento\":\"21\"}}','Número identificativo del expediente',2,1,0,1,'','','','',-1,-1,-1,-1,NULL),(42,18,'Tipo de expediente',1,'7','{\"opc\":[\"Matrícula simple\",\"Matricula con exención de discapacidad\",\"Matrícula con exención por industrial\",\"Matrícula con exención por familia numerosa\",\"Matrícula con IVA reducido por discapacidad\",\"Matrícula con IVA reducido y exención por discapacidad\",\"Matrícula Taxi\"],\"defecto\":\"\"}','Exenciones y reducciones justificadas',2,1,0,0,'','','','{\"Matriculacion_simple\":[\"Matrícula simple\"],\"Matriculacion_discapacidad\":[\"Matricula con exención de discapacidad\",\"Matrícula con IVA reducido por discapacidad\",\"Matrícula con IVA reducido y exención por discapacidad\"],\"Matriculacion_industrial\":[\"Matrícula con exención por industrial\"],\"Matriculacion_IVA_fNumerosa\":[\"Matrícula con exención por familia numerosa\"],\"Matriculacion_IVA_discapacidad\":[],\"Matriculacion_IVA_exencion_discapacidad\":[\"Matrícula con IVA reducido y exención por discapacidad\"],\"Requerimiento_AEAT\":[\"Matricula con exención de discapacidad\",\"Matrícula con exención por industrial\",\"Matrícula con exención por familia numerosa\",\"Matrícula con IVA reducido por discapacidad\",\"Matrícula con IVA reducido y exención por discapacidad\"],\"Matriculacion_Taxi\":[\"Matrícula Taxi\"]}',1,-1,-1,-1,NULL),(43,18,'Sociedad',2,'7','{\"opc\":[\"Tysa\",\"Gysa\",\"Inauto\",\"Gadir\",\"Noray\",\"Fyrsa\",\"Surauto\",\"Autos Pisa\"],\"defecto\":\"\"}','Sociedad',2,1,1,0,'','','','',3,-1,-1,-1,NULL),(44,18,'Delegación',3,'9','{\"dependeDe\":\"43\",\"opc\":{\"Tysa\":[\"Sevilla\",\"Su Eminencia\",\"Córdoba\",\"Lucena\"],\"Gysa\":[\"Jerez\",\"Córdoba\"],\"Inauto\":[\"Jerez\",\"Cádiz\"],\"Gadir\":[\"Jerez\",\"El Puerto\"],\"Noray\":[\"Cádiz\",\"Algeciras\",\"Chiclana\"],\"Fyrsa\":[\"Córdoba\"],\"Surauto\":[\"Jerez\",\"Algeciras\"],\"Autos Pisa\":[\"Sevilla\"]}}','Delegación',2,1,0,0,'','','','',-1,-1,-1,-1,NULL),(45,18,'Nombre y Apellidos o Razón social',4,'1','{\"maxCh\":\"200\",\"defecto\":\"\"}','',2,1,1,0,'','','','',2,-1,-1,-1,NULL),(46,18,'DNI',8,'1','{\"maxCh\":\"9\",\"defecto\":\"\"}','',2,1,0,0,'','','cliente_particular','',-1,-1,-1,-1,NULL),(47,18,'Bastidor',16,'1','{\"maxCh\":\"30\"}','Código VIN',2,1,0,0,'','','','',4,-1,-1,-1,NULL),(48,18,'Marca',18,'1','{\"maxCh\":\"30\",\"defecto\":\"\"}','',2,1,0,0,'','','','',-1,-1,-1,-1,NULL),(49,18,'Modelo',19,'2','{\"maxCh\":\"1000\",\"maxLn\":\"3\",\"defecto\":\"\"}','Modelo de vehículo',2,1,0,0,'','Iniciado admon','','',-1,-1,-1,-1,NULL),(50,18,'Base Imponible',20,'4','{\"dec\":\"2\",\"defecto\":\"\"}','',2,1,0,0,'','','','',-1,-1,-1,-1,NULL),(51,20,'Tasa',0,'4','{\"dec\":\"2\",\"defecto\":\"\"}','',3,0,0,0,'','','','',-1,0,0,-1,NULL),(52,20,'Código Tasa',1,'1','{\"maxCh\":\"100\",\"defecto\":\"\"}','Sitúe el cursor en este campo y lea el código con pistola o teclee',3,0,0,0,'','','','',-1,-1,-1,-1,NULL),(53,20,'Póliza Colegio',2,'4','{\"dec\":\"2\",\"defecto\":\"\"}','',3,0,0,0,'','','','',-1,1,1,-1,NULL),(54,20,'Impuesto Municipal',3,'4','{\"dec\":\"2\",\"defecto\":\"\"}','Sello',3,0,0,0,'','','','',-1,2,2,-1,NULL),(55,20,'Honorarios sin IVA',4,'4','{\"dec\":\"2\",\"defecto\":\"\"}','',3,0,0,0,'','','','',-1,3,3,-1,NULL),(56,20,'Importe factura Gestoría',5,'4','{\"dec\":\"2\",\"defecto\":\"\"}','',2,0,0,0,'','','','',-1,4,4,-1,NULL),(57,21,'Matrícula',5,'1','{\"maxCh\":\"10\",\"defecto\":\"\"}','',3,1,0,0,'','','','',-1,-1,-1,-1,NULL),(58,21,'Gestoría externa',6,'4','{\"dec\":\"2\"}','',3,0,0,0,'','','','',-1,5,5,-1,NULL),(59,23,'Nº Expediente',0,'1','{\"maxCh\":\"30\",\"defecto\":\"\",\"auto\":{\"valor\":\"=concatenar(indice_anual(true),\'/\',fecha(\'Y\',momento()))\",\"evento\":\"22\"}}','Número identificativo del expediente',2,1,0,1,'','','','',-1,-1,-1,-1,NULL),(60,23,'Tipo de expediente',1,'7','{\"opc\":[\"Transferencia\",\"Notificación de venta\",\"Notificación de venta y Transferencia\",\"Transferencia y Cambio servicio\",\"Otros\"],\"defecto\":\"\"}','Exenciones y reducciones justificadas',2,1,0,0,'','','','{\"Transferencia\":[\"Transferencia\",\"Notificación de venta y Transferencia\",\"Transferencia y Cambio servicio\"],\"Venta\":[\"Notificación de venta\",\"Notificación de venta y Transferencia\"],\"Otros\":[\"Otros\"],\"transferencia_venta\":[\"Transferencia\",\"Notificación de venta\",\"Notificación de venta y Transferencia\"],\"cambio_servicio\":[\"Transferencia y Cambio servicio\"],\"solo_notificacion\":[\"Notificación de venta\"],\"no_otros\":[\"Transferencia\",\"Notificación de venta\",\"Notificación de venta y Transferencia\",\"Transferencia y Cambio servicio\"]}',1,-1,-1,-1,NULL),(61,23,'Sociedad',3,'7','{\"opc\":[\"Tysa\",\"Gysa\",\"Inauto\",\"Gadir\",\"Noray\",\"Fyrsa\",\"Surauto\",\"Autos Pisa\"],\"defecto\":\"\"}','Sociedad',2,1,1,0,'','','','',3,-1,-1,-1,NULL),(62,23,'Delegación',4,'9','{\"dependeDe\":\"61\",\"opc\":{\"Tysa\":[\"Sevilla\",\"Su Eminencia\",\"Córdoba\",\"Lucena\"],\"Gysa\":[\"Jerez\",\"Córdoba\"],\"Inauto\":[\"Jerez\",\"Cádiz\"],\"Gadir\":[\"Jerez\",\"El Puerto\"],\"Noray\":[\"Cádiz\",\"Algeciras\",\"Chiclana\"],\"Fyrsa\":[\"Córdoba\"],\"Surauto\":[\"Jerez\",\"Algeciras\"],\"Autos Pisa\":[\"Sevilla\"]}}','Delegación',2,1,0,0,'','','','',-1,-1,-1,-1,NULL),(63,23,'Nombre y Apellidos del cliente',5,'1','{\"maxCh\":\"200\"}','',2,1,0,0,'','','','',2,-1,-1,-1,NULL),(64,23,'DNI',10,'1','{\"maxCh\":\"9\",\"defecto\":\"\"}','',2,1,0,0,'','','cliente_particular','',-1,-1,-1,-1,NULL),(65,23,'Bastidor',16,'1','{\"maxCh\":\"30\"}','Código VIN',2,1,0,0,'','','','',-1,-1,-1,-1,'2023-09-14 18:04:36'),(66,23,'Marca',20,'1','{\"maxCh\":\"30\"}','',2,1,0,0,'','','','',-1,-1,-1,-1,NULL),(67,23,'Modelo',21,'2','{\"maxCh\":\"1000\",\"maxLn\":\"3\"}','Modelo de vehículo',2,1,0,0,'','','','',-1,-1,-1,-1,NULL),(68,23,'Base Imponible',22,'4','{\"dec\":\"2\",\"defecto\":\"\"}','',2,0,0,0,'','','','',-1,-1,-1,-1,NULL),(69,25,'Tasa',0,'4','{\"dec\":\"2\",\"defecto\":\"\"}','',3,0,0,0,'','','','',-1,0,0,-1,NULL),(70,25,'Código Tasa',1,'1','{\"maxCh\":\"100\",\"defecto\":\"\"}','Sitúe el cursor en este campo y lea el código con pistola o teclee',3,0,0,0,'','','','',-1,-1,-1,-1,NULL),(71,25,'Póliza Colegio',2,'4','{\"dec\":\"2\",\"defecto\":\"\"}','',3,0,0,0,'','','','',-1,1,1,-1,NULL),(72,25,'Impuesto Municipal',3,'4','{\"dec\":\"2\",\"defecto\":\"\"}','Sello',3,0,0,0,'','','','',-1,2,2,-1,NULL),(73,25,'Honorarios sin IVA',4,'4','{\"dec\":\"2\",\"defecto\":\"\"}','',3,0,0,0,'','','','',-1,3,3,-1,NULL),(74,25,'Importe factura Gestoría',8,'4','{\"dec\":\"2\",\"defecto\":\"\"}','',2,0,0,0,'','','','',-1,4,4,-1,NULL),(75,23,'Matrícula',19,'1','{\"maxCh\":\"10\",\"defecto\":\"\"}','',2,1,1,0,'','','','',4,-1,-1,-1,NULL),(76,26,'Gestoría externa',1,'4','{\"dec\":\"2\"}','',3,0,0,0,'','','','',-1,5,5,-1,NULL),(90,19,'Documento DNI',0,'11','{\"maxTam\":\"100\",\"defecto\":\"\"}','Fichero adjunto',2,0,0,0,'','','','',-1,-1,-1,-1,NULL),(91,19,'Orden de mandato electrónico',3,'11','{\"maxTam\":\"100\",\"defecto\":\"\"}','Fichero adjunto',2,0,0,0,'','','','',-1,-1,-1,-1,NULL),(92,19,'Ficha Técnica del vehículo',4,'11','{\"maxTam\":\"100\",\"defecto\":\"\"}','Fichero adjunto',2,0,0,0,'','','Matriculacion_simple','',-1,-1,-1,-1,NULL),(93,19,'Factura de venta',5,'11','{\"maxTam\":\"100\",\"defecto\":\"\"}','O cuadre con base imponible. Fichero adj',2,0,0,0,'','','Matriculacion_simple','',-1,-1,-1,-1,NULL),(94,19,'Ficha técnica del vehículo',6,'11','{\"maxTam\":\"100\",\"defecto\":\"\"}','',2,0,0,0,'','','Matriculacion_discapacidad','',-1,-1,-1,-1,NULL),(95,19,'Autorización hacienda',7,'11','{\"maxTam\":\"100\",\"defecto\":\"\"}','Firmada por el cliente. Fichero adjunto.',2,0,0,0,'','','Matriculacion_discapacidad','',-1,-1,-1,-1,NULL),(96,19,'Modelo 05',8,'11','{\"maxTam\":\"100\",\"defecto\":\"\"}','Fichero adjunto',2,0,0,0,'','','Matriculacion_discapacidad','',-1,-1,-1,-1,NULL),(97,19,'Certificado de discapacidad',10,'11','{\"maxTam\":\"100\",\"defecto\":\"\"}','(Cádiz) o tarjeta de discapacidad.',2,0,0,0,'','','Matriculacion_discapacidad','',-1,-1,-1,-1,NULL),(98,19,'Factura de venta',11,'11','{\"maxTam\":\"100\",\"defecto\":\"\"}','',2,0,0,0,'','','Matriculacion_discapacidad','',-1,-1,-1,-1,NULL),(99,19,'Conductor habilitado',13,'6','{\"defecto\":\"\"}','Otra persona va a trasladar al discapacitado',2,1,0,0,'','','Matriculacion_discapacidad','{\"Matriculacion_discapacidad_conductor\":1,\"Matriculacion_discapacidad_propio\":0}',-1,-1,-1,-1,NULL),(100,19,'Carné de conducir del conductor',15,'11','{\"maxTam\":\"100\",\"defecto\":\"\"}','',2,0,0,0,'','','Matriculacion_discapacidad_conductor','',-1,-1,-1,-1,NULL),(101,19,'Declaración jurada',13,'11','{\"maxTam\":\"100\",\"defecto\":\"\"}','Declara que traslada a una persona con discapacidad',2,0,0,0,'','','Matriculacion_discapacidad_conductor','',-1,-1,-1,-1,'2023-06-19 07:49:16'),(102,19,'Certificado de empadronamiento colectivo',16,'11','{\"maxTam\":\"100\",\"defecto\":\"\"}','Requisito exigido por Hacienda puesto que está habiendo mucho fraude, si no se aporta le llegará un requerimiento al cliente',2,0,0,0,'','','Matriculacion_discapacidad_conductor','',-1,-1,-1,-1,NULL),(103,19,'Ficha técnica del vehículo',17,'11','{\"maxTam\":\"100\",\"defecto\":\"\"}','',2,0,0,0,'','','Matriculacion_industrial','',-1,-1,-1,-1,NULL),(104,19,'Certificado IAE actualizado',18,'11','{\"maxTam\":\"100\",\"defecto\":\"\"}','',2,0,0,0,'','','Matriculacion_industrial','',-1,-1,-1,-1,NULL),(105,19,'DNI del cónyuge',19,'11','{\"maxTam\":\"100\",\"defecto\":\"\"}','',2,0,0,0,'','','Matriculacion_IVA_fNumerosa','',-1,-1,-1,-1,NULL),(106,19,'Autorización hacienda',20,'11','{\"maxTam\":\"100\",\"defecto\":\"\"}','Firmado por cliente',2,0,0,0,'','','Matriculacion_IVA_fNumerosa','',-1,-1,-1,-1,NULL),(107,19,'Modelo 05',21,'11','{\"maxTam\":\"100\",\"defecto\":\"\"}','Firmado por el cliente',2,0,0,0,'','','Matriculacion_IVA_fNumerosa','',-1,-1,-1,-1,NULL),(108,19,'Tarjetas familia numerosa',22,'11','{\"maxTam\":\"100\",\"defecto\":\"\"}','De todos los miembros de la familia, fichero único',2,0,0,0,'','','Matriculacion_IVA_fNumerosa','',-1,-1,-1,-1,NULL),(109,19,'Ficha técnica',23,'11','{\"maxTam\":\"100\",\"defecto\":\"\"}','',2,0,0,0,'','','Matriculacion_IVA_fNumerosa','',-1,-1,-1,-1,NULL),(110,19,'Factura de venta',24,'11','{\"maxTam\":\"100\",\"defecto\":\"\"}','',2,0,0,0,'','','Matriculacion_IVA_fNumerosa','',-1,-1,-1,-1,NULL),(111,23,'Detalle tipo expediente',2,'7','{\"opc\":[\"Levantamiento reserva de dominio\",\"Solicitud justificante provisional\",\"Solicitud informe tráfico\",\"Otros\"],\"defecto\":\"\"}','Especifique',2,1,0,0,'','','Otros','{\"con_documentacion_def\":[\"Levantamiento reserva de dominio\",\"Otros\"]}',-1,-1,-1,-1,NULL),(112,24,'DNI',0,'11','{\"maxTam\":\"100\",\"verificador\":\"\",\"campos\":[],\"defecto\":\"\"}','',2,0,0,0,'','','no_habitual','',-1,-1,-1,-1,NULL),(113,24,'Orden de mandato electrónico',3,'11','{\"maxTam\":\"100\",\"verificador\":\"\",\"campos\":[],\"defecto\":\"\"}','Cumplimentada y firmada por el cliente',2,0,0,0,'','','no_habitual','',-1,-1,-1,-1,NULL),(114,24,'Ficha técnica',6,'11','{\"maxTam\":\"100\",\"defecto\":\"\"}','Ambas caras',2,0,0,0,'','','','',-1,-1,-1,-1,NULL),(115,24,'Permiso de circulación',7,'11','{\"maxTam\":\"100\",\"defecto\":\"\"}','',2,0,0,0,'','','','',-1,-1,-1,-1,NULL),(116,24,'Informe de tráfico',8,'11','{\"maxTam\":\"100\",\"defecto\":\"\"}','Libre de cargas',2,0,0,0,'','','Transferencia','',-1,-1,-1,-1,NULL),(117,24,'Factura de venta',9,'11','{\"maxTam\":\"100\",\"defecto\":\"\"}','',2,0,0,0,'','','Transferencia+vendedor_autonomo','',-1,-1,-1,-1,NULL),(118,24,'Contrato de compraventa',7,'11','{\"maxTam\":\"100\",\"defecto\":\"\"}','Cumplimentado y firmado',2,0,0,0,'','','Venta','',-1,-1,-1,-1,'2023-07-02 15:37:01'),(119,24,'Informe de tráfico',8,'11','{\"maxTam\":\"100\",\"defecto\":\"\"}','Libre de cargas',2,0,0,0,'','','Venta','',-1,-1,-1,-1,'2023-07-02 15:33:34'),(120,24,'Factura de venta',9,'11','{\"maxTam\":\"100\",\"defecto\":\"\"}','',2,0,0,0,'','','Venta_Transferencia','',-1,-1,-1,-1,'2023-07-02 15:28:55'),(121,24,'Contrato de compraventa',9,'11','{\"maxTam\":\"100\",\"defecto\":\"\"}','Cumplimentado y filtrado',2,0,0,0,'','','Venta_Transferencia','',-1,-1,-1,-1,'2023-07-02 15:30:05'),(123,21,'Documentación definitiva',7,'11','{\"maxTam\":\"100\",\"defecto\":\"\"}','PDF con el conjunto de la documentación definitiva',3,1,0,0,'Terminada','','','',-1,-1,-1,-1,NULL),(124,19,'Carnet de conducir del solicitante',14,'11','{\"maxTam\":\"100\",\"defecto\":\"\"}','',2,0,0,0,'','','Matriculacion_discapacidad_propio','',-1,-1,-1,-1,NULL),(125,19,'Modelo 04',25,'11','{\"maxTam\":\"100\",\"defecto\":\"\"}','Firmado por el cliente',2,0,0,0,'','','Matriculacion_IVA_discapacidad','',-1,-1,-1,-1,NULL),(126,19,'Autorización hacienda',26,'11','{\"maxTam\":\"100\",\"defecto\":\"\"}','',2,0,0,0,'','','Matriculacion_IVA_discapacidad','',-1,-1,-1,-1,NULL),(127,19,'Certificado de discapacidad',27,'11','{\"maxTam\":\"100\",\"defecto\":\"\"}','',2,0,0,0,'','','Matriculacion_IVA_discapacidad','',-1,-1,-1,-1,NULL),(128,19,'Conductor habilitado',29,'6','{\"defecto\":\"\"}','Otra persona va a trasladar al discapacitado',2,0,0,0,'','','Matriculacion_IVA_discapacidad','{\"Matriculacion_IVA_discapacidad_conductor\":1,\"Matriculacion_IVA_discapacidad_propio\":0}',-1,-1,-1,-1,NULL),(129,19,'Carnet de conducir del solicitante',30,'11','{\"maxTam\":\"100\",\"defecto\":\"\"}','',2,0,0,0,'','','Matriculacion_IVA_discapacidad_propio','',-1,-1,-1,-1,NULL),(130,19,'Carné de conducir del conductor',31,'11','{\"maxTam\":\"100\",\"defecto\":\"\"}','',2,0,0,0,'','','Matriculacion_IVA_discapacidad_conductor','',-1,-1,-1,-1,NULL),(131,19,'Certificado de empadronamiento colectivo',32,'11','{\"maxTam\":\"100\",\"defecto\":\"\"}','',2,0,0,0,'','','Matriculacion_IVA_discapacidad_conductor','',-1,-1,-1,-1,NULL),(132,19,'Declaración jurada firmada por el cliente',28,'11','{\"maxTam\":\"100\",\"defecto\":\"\"}','',2,0,0,0,'','','Matriculacion_IVA_discapacidad','',-1,-1,-1,-1,NULL),(133,27,'Nº Expediente',0,'1','{\"maxCh\":\"30\",\"defecto\":\"\",\"auto\":{\"valor\":\"=concatenar(indice_anual(true),\'/\',fecha(\'Y\',momento()))\",\"evento\":\"22\"}}','Número identificativo del expediente',2,1,0,1,'','','','',-1,-1,-1,-1,NULL),(134,27,'Tipo de expediente',1,'7','{\"opc\":[\"Transferencia\",\"Notificación de venta\",\"Notificación de venta+transferencia simultanea\",\"Otros\",\"\"]}','Exenciones y reducciones justificadas',2,1,0,0,'','','','{\"Transferencia\":\"Transferencia\",\"Venta\":\"Notificación de venta\",\"Venta_Transferencia\":\"Notificación de venta+transferencia simultanea\",\"Otros\":\"Otros\"}',-1,-1,-1,-1,NULL),(135,27,'Sociedad',3,'7','{\"opc\":[\"Tysa\",\"Gysa\",\"Inauto\",\"Gadir\",\"Noray\",\"Fyrsa\",\"Surauto\",\"Autos Pisa\"],\"defecto\":\"\"}','Sociedad',2,0,1,0,'','','','',-1,-1,-1,-1,NULL),(136,27,'Delegación',4,'9','{\"dependeDe\":null,\"opc\":{\"Tysa\":[\"Sevilla\",\"Su Eminencia\",\"Córdoba\",\"Lucena\"],\"Gysa\":[\"Jerez\",\"Córdoba\"],\"Inauto\":[\"Jerez\",\"Cádiz\"],\"Gadir\":[\"Jerez\",\"El Puerto\"],\"Noray\":[\"Cádiz\",\"Algeciras\",\"Chiclana\"],\"Fyrsa\":[\"Córdoba\"],\"Surauto\":[\"Jerez\",\"Algeciras\"],\"Autos Pisa\":[\"Sevilla\"]},\"defecto\":\"\"}','Delegación',2,0,0,0,'','','','',-1,-1,-1,-1,NULL),(137,27,'Nombre y Apellidos del cliente',5,'1','{\"maxCh\":\"200\",\"defecto\":\"\"}','',2,0,0,0,'','','','',0,-1,-1,-1,NULL),(138,27,'DNI',6,'1','{\"maxCh\":\"9\",\"defecto\":\"\"}','',2,0,0,0,'','','','',-1,-1,-1,-1,NULL),(139,27,'Bastidor',7,'1','{\"maxCh\":\"30\",\"defecto\":\"\"}','Código VIN',2,0,0,0,'','','','',-1,-1,-1,-1,NULL),(140,27,'Marca',9,'1','{\"maxCh\":\"30\",\"defecto\":\"\"}','',2,0,0,0,'','','','',-1,6,-1,-1,NULL),(141,27,'Modelo',10,'2','{\"maxCh\":\"1000\",\"maxLn\":\"3\",\"defecto\":\"\"}','Modelo de vehículo',2,0,0,0,'','','','',-1,-1,-1,-1,NULL),(142,27,'Base Imponible',11,'4','{\"dec\":\"2\",\"defecto\":\"\"}','',2,0,0,0,'','','','',-1,-1,-1,-1,NULL),(143,29,'Tasa',0,'4','{\"dec\":\"2\"}','',2,0,0,0,'','','','',-1,0,-1,-1,NULL),(144,29,'Código Tasa',1,'1','{\"maxCh\":\"100\"}','Sitúe el cursor en este campo y lea el código con pistola o teclee',2,0,0,0,'','','','',-1,-1,-1,-1,NULL),(145,29,'Póliza Colegio',2,'4','{\"dec\":\"2\"}','',2,0,0,0,'','','','',-1,1,-1,-1,NULL),(146,29,'Impuesto Municipal',3,'4','{\"dec\":\"2\"}','Sello',2,0,0,0,'','','','',-1,2,-1,-1,NULL),(147,29,'Honorarios sin IVA',4,'4','{\"dec\":\"2\"}','',2,0,0,0,'','','','',-1,3,-1,-1,NULL),(148,29,'Importe Resumen venta',5,'4','{\"dec\":\"2\"}','',2,0,0,0,'','','','',-1,4,-1,-1,NULL),(149,27,'Matrícula',8,'1','{\"maxCh\":\"10\",\"defecto\":\"\"}','',2,0,0,0,'','','','',-1,-1,-1,-1,NULL),(150,30,'Gestoría externa',0,'4','{\"dec\":\"2\"}','',3,0,0,0,'','','','',-1,5,-1,-1,NULL),(151,27,'Detalle tipo expediente',2,'7','{\"opc\":[\"Levantamiento reserva de dominio\",\"Solicitud justificante provisional\",\"Otros\"],\"defecto\":\"\"}','Especifique',2,0,0,0,'','','Otros','',-1,-1,-1,-1,NULL),(152,28,'DNI',0,'11','{\"maxTam\":\"100\",\"verificador\":\"\",\"campos\":[\"0|5\",\"0|6\"],\"defecto\":\"\"}','',2,1,0,0,'','','','',-1,-1,-1,-1,NULL),(153,28,'Orden de mandato electrónico',1,'11','{\"maxTam\":\"100\",\"defecto\":\"\"}','Cumplimentada y firmada por el cliente',2,0,0,0,'','','','',-1,-1,-1,-1,NULL),(154,28,'Ficha técnica',2,'11','{\"maxTam\":\"100\",\"defecto\":\"\"}','Ambas caras',2,0,0,0,'','','','',-1,-1,-1,-1,NULL),(155,28,'Permiso de circulación',3,'11','{\"maxTam\":\"100\",\"defecto\":\"\"}','',2,0,0,0,'','','','',-1,-1,-1,-1,NULL),(156,28,'Informe de tráfico',4,'11','{\"maxTam\":\"100\",\"defecto\":\"\"}','Libre de cargas',2,0,0,0,'','','Transferencia','',-1,-1,-1,-1,NULL),(157,28,'Factura de venta',5,'11','{\"maxTam\":\"100\",\"defecto\":\"\"}','',2,0,0,0,'','','Transferencia','',-1,-1,-1,-1,NULL),(158,28,'Contrato de compraventa',6,'11','{\"maxTam\":\"100\",\"defecto\":\"\"}','Cumplimentado y firmado',2,0,0,0,'','','Venta','',-1,-1,-1,-1,NULL),(159,28,'Informe de tráfico',7,'11','{\"maxTam\":\"100\",\"defecto\":\"\"}','Libre de cargas',2,0,0,0,'','','Venta_Transferencia','',-1,-1,-1,-1,NULL),(160,28,'Factura de venta',8,'11','{\"maxTam\":\"100\",\"defecto\":\"\"}','',2,0,0,0,'','','Venta_Transferencia','',-1,-1,-1,-1,NULL),(161,28,'Contrato de compraventa',9,'11','{\"maxTam\":\"100\",\"defecto\":\"\"}','Cumplimentado y filtrado',2,0,0,0,'','','Venta_Transferencia','',-1,-1,-1,-1,NULL),(164,19,'Declaración jurada firmada por el cliente',12,'11','{\"maxTam\":\"100\",\"defecto\":\"\"}','',2,0,0,0,'','','Matriculacion_discapacidad','',-1,-1,-1,-1,NULL),(165,19,'Modelo 04',9,'11','{\"maxTam\":\"100\",\"defecto\":\"\"}','',2,0,0,0,'','','Matriculacion_IVA_exencion_discapacidad','',-1,-1,-1,-1,NULL),(166,21,'Permiso circulación provisional',0,'11','{\"maxTam\":\"100\",\"defecto\":\"\"}','',3,0,0,0,'','','','',-1,-1,-1,-1,NULL),(167,21,'Ficha técnica provisional',1,'11','{\"maxTam\":\"100\",\"defecto\":\"\"}','',3,0,0,0,'','','','',-1,-1,-1,-1,NULL),(168,21,'Modelo 576',2,'11','{\"maxTam\":\"100\",\"defecto\":\"\"}','',3,0,0,0,'','','','',-1,-1,-1,-1,NULL),(169,21,'Alta IVTM',3,'11','{\"maxTam\":\"100\",\"defecto\":\"\"}','',3,0,0,0,'','','','',-1,-1,-1,-1,NULL),(170,21,'Pago IVTM',4,'11','{\"maxTam\":\"100\",\"defecto\":\"\"}','',3,0,0,0,'','','','',-1,-1,-1,-1,NULL),(171,26,'Permiso circulación provisional',0,'11','{\"maxTam\":\"100\",\"defecto\":\"\"}','',3,0,0,0,'','','','',-1,-1,-1,-1,NULL),(172,26,'Documentación definitiva',2,'11','{\"maxTam\":\"100\",\"verificador\":\"\",\"campos\":[],\"defecto\":\"\"}','PDF con el conjunto de la documentación definitiva',3,1,0,0,'Terminada','','con_documentacion_def+no_otros','',-1,-1,-1,-1,NULL),(173,34,'Documentación adicional (I/V)',0,'11','{\"maxTam\":\"100\",\"defecto\":\"\"}','',0,0,0,0,'','','','',-1,-1,-1,-1,NULL),(174,34,'Documentación adicional (II/V)',1,'11','{\"maxTam\":\"100\",\"defecto\":\"\"}','',0,0,0,0,'','','','',-1,-1,-1,-1,NULL),(175,34,'Documentación adicional (III/V)',2,'11','{\"maxTam\":\"100\",\"defecto\":\"\"}','',0,0,0,0,'','','','',-1,-1,-1,-1,NULL),(176,34,'Documentación adicional (IV/V)',3,'11','{\"maxTam\":\"100\",\"defecto\":\"\"}','',0,0,0,0,'','','','',-1,-1,-1,-1,NULL),(177,34,'Documentación adicional (V/V)',4,'11','{\"maxTam\":\"100\",\"defecto\":\"\"}','',0,0,0,0,'','','','',-1,-1,-1,-1,NULL),(178,35,'Documentación adicional (I/V)',0,'11','{\"maxTam\":\"100\",\"defecto\":\"\"}','',0,0,0,0,'','','','',-1,-1,-1,-1,NULL),(179,35,'Documentación adicional (II/V)',1,'11','{\"maxTam\":\"100\",\"defecto\":\"\"}','',0,0,0,0,'','','','',-1,-1,-1,-1,NULL),(180,35,'Documentación adicional (III/V)',2,'11','{\"maxTam\":\"100\",\"defecto\":\"\"}','',0,0,0,0,'','','','',-1,-1,-1,-1,NULL),(181,35,'Documentación adicional (IV/V)',3,'11','{\"maxTam\":\"100\",\"defecto\":\"\"}','',0,0,0,0,'','','','',-1,-1,-1,-1,NULL),(182,35,'Documentación adicional (V/V)',4,'11','{\"maxTam\":\"100\",\"defecto\":\"\"}','',0,0,0,0,'','','','',-1,-1,-1,-1,NULL),(183,21,'Requerimiento AEAT',8,'6','{\"defecto\":\"\"}','',3,0,0,0,'','','Requerimiento_AEAT','{\"Hay_requerimiento_AEAT\":1}',-1,-1,-1,-1,NULL),(184,21,'Requerimiento de AEAT',9,'11','{\"maxTam\":\"100\",\"defecto\":\"\"}','',3,0,0,0,'','','Hay_requerimiento_AEAT','',-1,-1,-1,-1,NULL),(185,21,'Documentación acreditativa AEAT',10,'11','{\"maxTam\":\"100\",\"defecto\":\"\"}','',2,0,0,0,'','','Hay_requerimiento_AEAT','',-1,-1,-1,-1,NULL),(186,21,'Resolución AEAT',11,'11','{\"maxTam\":\"100\",\"defecto\":\"\"}','',3,0,0,0,'','','Requerimiento_AEAT','',-1,-1,-1,-1,NULL),(187,19,'Orden de mandato',33,'11','{\"maxTam\":\"100\",\"defecto\":\"\"}','',2,0,0,0,'','','Matriculacion_discapacidad','',-1,-1,-1,-1,NULL),(188,18,'El cliente es una sociedad',7,'6','{\"defecto\":\"\"}','',2,1,0,0,'','','','{\"cliente_societario\":1,\"cliente_particular\":0}',-1,-1,-1,-1,NULL),(189,18,'CIF',10,'1','{\"maxCh\":\"\",\"defecto\":\"\"}','',2,1,0,0,'','','cliente_societario','',-1,-1,-1,-1,NULL),(190,18,'DNI administrador',11,'11','{\"maxTam\":\"100\",\"defecto\":\"\"}','Fichero escaneado',2,0,0,0,'','','cliente_societario','',-1,-1,-1,-1,NULL),(191,18,'CIF documento',12,'11','{\"maxTam\":\"100\",\"defecto\":\"\"}','',2,0,0,0,'','','cliente_societario','',-1,-1,-1,-1,NULL),(192,18,'Sustitutivos de poderes',13,'11','{\"maxTam\":\"100\",\"defecto\":\"\"}','',2,0,0,0,'','','cliente_societario','',-1,-1,-1,-1,NULL),(193,19,'Documentación adicional fam. numerosa',34,'11','{\"maxTam\":\"100\",\"defecto\":\"\"}','',2,0,0,0,'','','Matriculacion_IVA_fNumerosa','',-1,-1,-1,-1,NULL),(194,19,'Licencia Taxi',35,'11','{\"maxTam\":\"100\",\"defecto\":\"\"}','',2,0,0,0,'','','Matriculacion_Taxi','',-1,-1,-1,-1,NULL),(195,19,'Impuesto Actividades Económicas',36,'11','{\"maxTam\":\"100\",\"defecto\":\"\"}','',2,0,0,0,'','','Matriculacion_Taxi','',-1,-1,-1,-1,NULL),(196,19,'Modelo 05',37,'11','{\"maxTam\":\"100\",\"defecto\":\"\"}','',2,0,0,0,'','','Matriculacion_Taxi','',-1,-1,-1,-1,NULL),(197,19,'Autorización hacienda',38,'11','{\"maxTam\":\"100\",\"defecto\":\"\"}','Firmada por el cliente. Fichero adjunto',2,0,0,0,'','','Matriculacion_Taxi','',-1,-1,-1,-1,NULL),(198,19,'Ficha Técnica del vehículo',39,'11','{\"maxTam\":\"100\",\"defecto\":\"\"}','',2,0,0,0,'','','Matriculacion_Taxi','',-1,-1,-1,-1,NULL),(199,19,'Factura de venta',40,'11','{\"maxTam\":\"100\",\"defecto\":\"\"}','',2,0,0,0,'','','Matriculacion_Taxi','',-1,-1,-1,-1,NULL),(200,19,'Declaración Responsable',41,'11','{\"maxTam\":\"100\",\"defecto\":\"\"}','',2,0,0,0,'','','Matriculacion_Taxi','',-1,-1,-1,-1,NULL),(201,23,'El cliente es una sociedad',8,'6','{\"defecto\":\"\"}','',2,0,0,0,'','','','{\"cliente_societario\":1,\"cliente_particular\":0}',-1,-1,-1,-1,NULL),(202,23,'CIF',12,'1','{\"maxCh\":\"9\",\"defecto\":\"\"}','',2,1,0,0,'','','cliente_societario','',-1,-1,-1,-1,NULL),(203,23,'DNI Administrador',13,'11','{\"maxTam\":\"100\",\"defecto\":\"\"}','',2,0,0,0,'','','cliente_societario','',-1,-1,-1,-1,NULL),(204,23,'CIF documento',14,'11','{\"maxTam\":\"100\",\"defecto\":\"\"}','',2,0,0,0,'','','cliente_societario','',-1,-1,-1,-1,NULL),(205,23,'Sustitutivos de poderes',15,'11','{\"maxTam\":\"100\",\"defecto\":\"\"}','',2,0,0,0,'','','cliente_societario','',-1,-1,-1,-1,NULL),(206,24,'Contrato de compraventa',10,'11','{\"maxTam\":\"100\",\"defecto\":\"\"}','',2,0,0,0,'','','Venta','',-1,-1,-1,-1,NULL),(207,23,'El vendedor es autónomo',17,'6','{\"defecto\":\"\"}','',2,1,0,0,'','','Venta','{\"vendedor_autonomo\":1}',-1,-1,-1,-1,NULL),(208,24,'Factura de venta (autónomo)',11,'11','{\"maxTam\":\"100\",\"defecto\":\"\"}','',2,0,0,0,'','','vendedor_autonomo','',-1,-1,-1,-1,'2023-07-02 16:45:37'),(209,24,'IAE',11,'11','{\"maxTam\":\"100\",\"verificador\":\"\",\"campos\":[],\"defecto\":\"\"}','',2,0,0,0,'','','vendedor_autonomo+no_habitual','',-1,-1,-1,-1,NULL),(210,24,'DNI comprador',4,'11','{\"maxTam\":\"100\",\"verificador\":\"\",\"campos\":[],\"defecto\":\"\"}','',2,0,0,0,'','','transferencia_venta+no_habitual','',-1,-1,-1,-1,NULL),(211,24,'Orden de mandato electrónico comprador',5,'11','{\"maxTam\":\"100\",\"verificador\":\"\",\"campos\":[],\"defecto\":\"\"}','',2,0,0,0,'','','transferencia_venta+no_habitual','',-1,-1,-1,-1,NULL),(212,25,'Tasa de tráfico venta',5,'4','{\"dec\":\"2\",\"defecto\":\"\"}','',3,0,0,0,'','','cambio_servicio','',-1,-1,-1,-1,NULL),(213,25,'Tasa de tráfico transferencia',6,'4','{\"dec\":\"2\",\"defecto\":\"\"}','',3,0,0,0,'','','cambio_servicio','',-1,-1,-1,-1,NULL),(214,25,'Impuesto Transmisiones Patrimoniales',7,'4','{\"dec\":\"2\",\"defecto\":\"\"}','',3,0,0,0,'','','Transferencia','',-1,-1,-1,-1,NULL),(215,18,'El cliente es extranjero',15,'6','{\"defecto\":\"\"}','',2,1,0,0,'','','','{\"extranjero\":1}',-1,-1,-1,-1,NULL),(216,18,'Pasaporte',16,'1','{\"maxCh\":\"\",\"defecto\":\"\"}','',0,0,0,0,'','','','',-1,-1,-1,-1,'2023-07-02 16:03:48'),(217,19,'Pasaporte',1,'11','{\"maxTam\":\"100\",\"defecto\":\"\"}','',2,0,0,0,'','','extranjero','',-1,-1,-1,-1,NULL),(218,19,'Certificado empadronamiento',2,'11','{\"maxTam\":\"100\",\"defecto\":\"\"}','',2,0,0,0,'','','extranjero+domicilio_cambiado','',-1,-1,-1,-1,NULL),(219,23,'El cliente es extranjero',18,'6','{\"defecto\":\"\"}','',2,1,0,0,'','','','{\"extranjero\":1}',-1,-1,-1,-1,NULL),(220,24,'Pasaporte',1,'11','{\"maxTam\":\"100\",\"verificador\":\"\",\"campos\":[],\"defecto\":\"\"}','',2,0,0,0,'','','extranjero+no_habitual','',-1,-1,-1,-1,NULL),(221,24,'Certificado de empadronamiento',2,'11','{\"maxTam\":\"100\",\"verificador\":\"\",\"campos\":[],\"defecto\":\"\"}','',2,0,0,0,'','','extranjero+domicilio_cambiado+no_habitual','',-1,-1,-1,-1,NULL),(222,23,'El domicilio es distinto del que figura en DNI',11,'6','{\"defecto\":\"\"}','',2,1,0,0,'','','cliente_particular','{\"domicilio_cambiado\":1}',-1,-1,-1,-1,NULL),(223,18,'El domicilio es distinto del que figura en DNI',9,'6','{\"defecto\":\"\"}','',2,1,0,0,'','','cliente_particular','{\"domicilio_cambiado\":1}',-1,-1,-1,-1,NULL),(224,36,'Matrícula',0,'1','{\"maxCh\":\"\",\"defecto\":\"\"}','',3,1,1,1,'','','','',-1,-1,-1,-1,NULL),(225,36,'Sociedad',1,'7','{\"opc\":[\"Tysa\",\"Gysa\",\"Inauto\",\"Gadir\",\"Noray\",\"Fyrsa\",\"Surauto\",\"Autos Pisa\"],\"defecto\":\"\"}','',3,1,1,0,'','','','',0,0,-1,-1,NULL),(226,36,'Importe  ',2,'4','{\"dec\":\"2\",\"defecto\":\"\"}','',3,1,0,0,'','','','',-1,1,-1,-1,NULL),(227,36,'Honorarios',3,'4','{\"dec\":\"2\",\"defecto\":\"\"}','',3,1,0,0,'','','','',-1,2,-1,-1,NULL),(228,36,'Registro',4,'1','{\"maxCh\":\"200\",\"defecto\":\"\"}','',3,1,0,0,'','','','',1,3,-1,-1,NULL),(229,36,'Fecha envío',5,'5','{\"hra\":true,\"defecto\":\"\"}','',3,1,0,0,'','','','',-1,4,-1,-1,NULL),(230,36,'Fecha pago',6,'5','{\"hra\":true,\"defecto\":\"\"}','',3,1,0,0,'','','','',-1,5,-1,-1,NULL),(231,36,'Factura',7,'1','{\"maxCh\":\"\",\"defecto\":\"\"}','',3,1,0,0,'','','','',-1,6,-1,-1,NULL),(232,18,'IAE',14,'11','{\"maxTam\":\"100\",\"defecto\":\"\"}','',2,0,0,0,'','','cliente_societario','',-1,-1,-1,-1,NULL),(233,23,'IAE',16,'11','{\"maxTam\":\"100\",\"defecto\":\"\"}','',2,0,0,0,'','','cliente_societario','',-1,-1,-1,-1,NULL),(234,19,'Se exige documento NRC',42,'6','{\"defecto\":\"\"}','',2,1,0,0,'','','','{\"NRC_exigido\":1}',-1,-1,-1,-1,NULL),(235,19,'Documento NRC',43,'11','{\"maxTam\":\"200\",\"verificador\":\"\",\"campos\":[],\"defecto\":\"\"}','Número de Referencia Completo',2,1,0,0,'','','NRC_exigido','',-1,-1,-1,-1,NULL),(236,18,'Documento',18,'12','{\"documentos\":[191,190,217],\"defecto\":\"\"}','',0,0,0,0,'','','','',-1,-1,-1,-1,'2023-09-23 15:52:16'),(237,24,'Documentacion notificación de venta',12,'12','{\"documentos\":[112,204,115,114,206,117],\"defecto\":\"\"}','Archivo PDF compuesto con los documentos anteriores',0,0,0,0,'','','solo_notificacion','',-1,-1,-1,-1,NULL),(238,19,'Documentación matriculación',44,'12','{\"documentos\":[90,191,192,190,92],\"defecto\":\"\"}','Archivo PDF compuesto por los documentos anteriores',0,0,0,0,'','','','',-1,-1,-1,-1,NULL),(239,24,'Documentación transferencia',13,'12','{\"documentos\":[112,210,115,114,117],\"defecto\":\"\"}','Archivo PDF compuesto por los documentos anteriores',0,0,0,0,'','','Transferencia','',-1,-1,-1,-1,NULL),(240,23,'El cliente es una compraventa habitual',9,'6','{\"defecto\":\"\"}','Gestoría ya dispone de la documentación',2,0,0,0,'','','','{\"no_habitual\":0}',-1,-1,-1,-1,NULL),(241,18,'Urgente',5,'6','{\"defecto\":\"\"}','Expediente prioritario',2,0,0,0,'','','','{\"urgente\":1}',0,-1,-1,-1,NULL),(242,18,'Motivo urgencia',6,'1','{\"maxCh\":\"300\",\"defecto\":\"\"}','Exprese de forma concisa el motivo de la urgencia',2,1,0,0,'','','urgente','',-1,-1,-1,-1,NULL),(243,23,'Urgente',6,'6','{\"defecto\":\"\"}','Expediente prioritario',2,0,0,0,'','','','{\"urgente\":1}',0,-1,-1,-1,NULL),(244,23,'Motivo urgencia',7,'1','{\"maxCh\":\"300\",\"defecto\":\"\"}','Exprese de forma concisa el motivo de la urgencia',2,1,0,0,'','','urgente','',-1,-1,-1,-1,NULL),(245,18,'Servicio vehículo',17,'1','{\"maxCh\":\"100\",\"defecto\":\"\"}','',2,1,0,0,'','','','',-1,-1,-1,-1,NULL);
/*!40000 ALTER TABLE `campos` ENABLE KEYS */;
UNLOCK TABLES;

--
-- Table structure for table `clases_evento`
--

DROP TABLE IF EXISTS `clases_evento`;
/*!40101 SET @saved_cs_client     = @@character_set_client */;
/*!40101 SET character_set_client = utf8 */;
CREATE TABLE `clases_evento` (
  `id` int(10) NOT NULL AUTO_INCREMENT,
  `id_formulario` int(10) NOT NULL,
  `descripcion` varchar(200) COLLATE latin1_spanish_ci NOT NULL,
  `boton` varchar(100) COLLATE latin1_spanish_ci NOT NULL,
  `id_oficio` int(10) NOT NULL,
  `de_estado` tinyint(1) NOT NULL COMMENT '	0: inexistente, 1: en proceso, 2: rechazado, 3: terminado',
  `de_rubrica` varchar(100) COLLATE latin1_spanish_ci NOT NULL,
  `sin_rubrica` varchar(100) COLLATE latin1_spanish_ci NOT NULL,
  `estado` tinyint(1) NOT NULL COMMENT '0: creado, 1: en proceso, 2: rechazado, 3: terminado, 4: cerrado',
  `rubrica` varchar(100) COLLATE latin1_spanish_ci NOT NULL,
  `nivel_autorizado` tinyint(1) NOT NULL COMMENT '0: nadie, 1: usuario, 2: grupo, 3: oficio',
  `seleccion_autorizado` tinyint(1) NOT NULL COMMENT '0: nadie, 1: creador, 2: anterior, 3: elegir',
  `a_oficio` int(10) NOT NULL,
  `requeridos` tinyint(1) NOT NULL DEFAULT 0,
  `comentable` tinyint(4) NOT NULL DEFAULT 0,
  `borrado` datetime NOT NULL,
  PRIMARY KEY (`id`)
) ENGINE=InnoDB AUTO_INCREMENT=51 DEFAULT CHARSET=latin1 COLLATE=latin1_spanish_ci;
/*!40101 SET character_set_client = @saved_cs_client */;

--
-- Dumping data for table `clases_evento`
--

LOCK TABLES `clases_evento` WRITE;
/*!40000 ALTER TABLE `clases_evento` DISABLE KEYS */;
INSERT INTO `clases_evento` VALUES (21,17,'Iniciar un expediente para matriculación de vehículo nuevo','Iniciar expediente VN',2,0,'','',1,'',2,1,0,0,0,'0000-00-00 00:00:00'),(22,18,'Inicio de expediente de tramitación vehiculo de ocasión','Iniciar expediente VO',2,0,'','',1,'',2,1,0,0,0,'0000-00-00 00:00:00'),(23,17,'Todos los datos y documentos han sido documentados, solicita matriculación','Solicitar matriculación',2,1,'','',1,'',2,3,3,1,0,'0000-00-00 00:00:00'),(24,17,'La solicitud contiene un error que debe ser subsanado','Solicitar corrección',3,1,'','',2,'',2,2,0,0,1,'0000-00-00 00:00:00'),(25,17,'Se ha corregido la incidencia, se solicita matriculación','Corregido',2,2,'','Terminada',1,'',2,2,0,1,0,'0000-00-00 00:00:00'),(26,17,'Expediente completado','Finalizar',3,1,'','',3,'Terminada',2,4,3,1,0,'0000-00-00 00:00:00'),(27,18,'Todos los datos y documentos han sido documentados, solicita matriculación','Tramitar',2,1,'','',1,'',2,3,3,1,0,'0000-00-00 00:00:00'),(28,18,'La solicitud contiene un error que debe ser subsanado','Solicitar corrección',3,1,'','',2,'',2,1,0,0,1,'0000-00-00 00:00:00'),(29,18,'Se ha corregido la incidencia, se solicita tramitación','Corregido',2,2,'','Terminada',1,'',2,2,0,1,0,'0000-00-00 00:00:00'),(30,18,'Expediente completado','Finalizar',3,1,'','',3,'Terminada',2,4,0,1,0,'0000-00-00 00:00:00'),(31,17,'Archivado definitivo del expediente','Cerrar expediente',3,3,'','',4,'',0,0,0,1,0,'0000-00-00 00:00:00'),(32,18,'Archivado definitivo del expediente','Cerrar expediente',3,3,'','',4,'',0,0,0,1,0,'0000-00-00 00:00:00'),(33,19,'Inicio de expediente de tramitación vehiculo de ocasión','Iniciar expediente VO especial',2,0,'','',1,'',2,1,0,0,0,'0000-00-00 00:00:00'),(34,19,'Todos los datos y documentos han sido documentados, solicita matriculación','Tramitar',2,1,'','',1,'',2,3,3,1,0,'0000-00-00 00:00:00'),(35,19,'La solicitud contiene un error que debe ser subsanado','Solicitar corrección',3,1,'','',2,'',2,1,0,0,1,'0000-00-00 00:00:00'),(36,19,'Se ha corregido la incidencia, se solicita tramitación','Corregido',2,2,'','',1,'',2,2,0,1,0,'0000-00-00 00:00:00'),(37,19,'Expediente completado','Finalizar',3,1,'','',3,'Terminada',0,0,0,1,0,'0000-00-00 00:00:00'),(38,19,'Archivado definitivo del expediente','Cerrar expediente',3,3,'','',4,'',0,0,0,1,0,'0000-00-00 00:00:00'),(40,17,'','Incidencia en finalización',3,3,'','',2,'',2,1,0,0,1,'0000-00-00 00:00:00'),(41,17,'','Corregida incidencia',2,2,'Terminada','',3,'',2,2,3,1,1,'0000-00-00 00:00:00'),(42,18,'','Corregida incidencia',2,2,'Terminada','',3,'',2,2,0,1,1,'0000-00-00 00:00:00'),(43,18,'','Incidencia en finalización',3,3,'','',2,'',2,1,0,0,1,'0000-00-00 00:00:00'),(44,20,'','Abrir expediente reserva de dominio',3,0,'','',1,'',2,1,0,0,0,'0000-00-00 00:00:00'),(45,20,'','Finalizar',3,1,'','',3,'',2,2,0,1,0,'0000-00-00 00:00:00'),(46,20,'','Archivar expediente',3,3,'','',4,'',0,0,0,1,0,'0000-00-00 00:00:00'),(47,17,'Notifique que los datos esenciales están disponibles para iniciar la tramitación','Adelantar tramitación',2,1,'','',1,'Iniciado',2,4,0,1,0,'0000-00-00 00:00:00'),(48,18,'','Adelantar tramitación',2,1,'','',1,'Inciado',2,4,0,1,0,'0000-00-00 00:00:00'),(49,17,'Recuperar expediente de archivo','Desarchivar',3,4,'','',3,'',3,3,3,0,0,'0000-00-00 00:00:00'),(50,18,'Recuperar expediente de archivo','Desarchivar',3,4,'','',3,'',3,3,3,0,0,'0000-00-00 00:00:00');
/*!40000 ALTER TABLE `clases_evento` ENABLE KEYS */;
UNLOCK TABLES;

--
-- Table structure for table `colas`
--

DROP TABLE IF EXISTS `colas`;
/*!40101 SET @saved_cs_client     = @@character_set_client */;
/*!40101 SET character_set_client = utf8 */;
CREATE TABLE `colas` (
  `id` int(4) NOT NULL AUTO_INCREMENT,
  `id_usuario` int(10) NOT NULL,
  `id_grupo` int(10) NOT NULL,
  `id_oficio` int(10) NOT NULL,
  `abiertos` int(11) NOT NULL DEFAULT 0,
  `total` int(11) NOT NULL DEFAULT 0,
  PRIMARY KEY (`id`)
) ENGINE=InnoDB AUTO_INCREMENT=118 DEFAULT CHARSET=latin1 COLLATE=latin1_spanish_ci;
/*!40101 SET character_set_client = @saved_cs_client */;

--
-- Dumping data for table `colas`
--

LOCK TABLES `colas` WRITE;
/*!40000 ALTER TABLE `colas` DISABLE KEYS */;
INSERT INTO `colas` VALUES (107,0,72,2,4,23),(108,0,74,3,61,120),(109,0,75,2,1,36),(110,0,76,2,6,16),(111,0,77,2,3,9),(112,0,71,2,5,39),(113,0,0,0,18,19),(114,0,80,2,0,7),(115,0,82,2,0,10),(116,0,73,2,3,10),(117,0,0,3,0,1);
/*!40000 ALTER TABLE `colas` ENABLE KEYS */;
UNLOCK TABLES;

--
-- Table structure for table `destinatarios_mensaje`
--

DROP TABLE IF EXISTS `destinatarios_mensaje`;
/*!40101 SET @saved_cs_client     = @@character_set_client */;
/*!40101 SET character_set_client = utf8 */;
CREATE TABLE `destinatarios_mensaje` (
  `id` int(11) NOT NULL AUTO_INCREMENT,
  `mensaje` int(11) NOT NULL,
  `usuario` int(11) NOT NULL,
  `visto` tinyint(1) NOT NULL DEFAULT 0,
  `historico` tinyint(4) NOT NULL DEFAULT 0,
  PRIMARY KEY (`id`)
) ENGINE=InnoDB AUTO_INCREMENT=97 DEFAULT CHARSET=latin1 COLLATE=latin1_spanish_ci;
/*!40101 SET character_set_client = @saved_cs_client */;

--
-- Dumping data for table `destinatarios_mensaje`
--

LOCK TABLES `destinatarios_mensaje` WRITE;
/*!40000 ALTER TABLE `destinatarios_mensaje` DISABLE KEYS */;
INSERT INTO `destinatarios_mensaje` VALUES (61,223,53,1,0),(62,224,53,1,0),(64,226,45,1,0),(65,229,42,0,1),(69,240,53,1,0),(70,243,50,1,0),(71,245,53,1,0),(76,253,54,1,0),(77,256,54,1,0),(78,259,54,1,0),(79,261,43,1,0),(80,262,43,1,0),(81,265,43,1,0),(82,267,43,1,0),(83,272,53,1,0),(84,276,46,1,0),(85,277,46,1,0),(86,299,54,1,0),(87,300,54,1,0),(88,303,54,1,0),(89,304,53,0,0),(90,305,53,0,0),(91,308,53,1,0),(92,309,53,0,0),(93,310,49,1,0),(94,370,50,1,0),(95,371,50,0,0),(96,372,50,0,0);
/*!40000 ALTER TABLE `destinatarios_mensaje` ENABLE KEYS */;
UNLOCK TABLES;

--
-- Table structure for table `eventos`
--

DROP TABLE IF EXISTS `eventos`;
/*!40101 SET @saved_cs_client     = @@character_set_client */;
/*!40101 SET character_set_client = utf8 */;
CREATE TABLE `eventos` (
  `id` int(10) NOT NULL AUTO_INCREMENT,
  `id_expediente` int(10) NOT NULL,
  `id_clase` int(10) NOT NULL,
  `fecha` datetime NOT NULL,
  `id_usr` int(10) NOT NULL,
  `mensaje` int(11) NOT NULL,
  PRIMARY KEY (`id`)
) ENGINE=InnoDB AUTO_INCREMENT=1274 DEFAULT CHARSET=latin1 COLLATE=latin1_spanish_ci;
/*!40101 SET character_set_client = @saved_cs_client */;

--
-- Dumping data for table `eventos`
--

LOCK TABLES `eventos` WRITE;
/*!40000 ALTER TABLE `eventos` DISABLE KEYS */;
INSERT INTO `eventos` VALUES (771,435,22,'2023-09-07 09:34:25',50,0),(772,435,27,'2023-09-07 09:34:43',50,0),(773,435,27,'2023-09-07 09:34:44',50,0),(774,436,22,'2023-09-11 09:40:18',45,0),(775,437,22,'2023-09-11 09:40:42',45,0),(776,437,27,'2023-09-11 09:40:47',45,0),(781,440,21,'2023-09-13 09:11:41',65,0),(782,441,21,'2023-09-13 09:11:52',65,0),(783,442,21,'2023-09-13 09:13:20',65,0),(784,442,47,'2023-09-13 09:13:28',65,0),(785,437,28,'2023-09-14 07:52:25',55,0),(793,445,21,'2023-09-18 11:46:44',48,0),(799,447,22,'2023-09-19 09:38:26',45,0),(800,447,27,'2023-09-19 09:42:06',45,0),(801,448,22,'2023-09-19 09:49:15',45,0),(802,449,22,'2023-09-19 09:59:02',45,0),(803,450,22,'2023-09-19 09:59:06',45,0),(804,451,22,'2023-09-19 10:11:24',45,0),(805,450,27,'2023-09-19 10:31:35',45,0),(808,448,27,'2023-09-19 10:44:53',45,0),(811,454,22,'2023-09-19 14:52:45',49,0),(812,454,27,'2023-09-19 14:52:52',49,0),(813,455,22,'2023-09-19 15:50:59',49,0),(814,455,27,'2023-09-19 15:51:07',49,0),(817,457,22,'2023-09-20 08:00:35',45,0),(818,457,27,'2023-09-20 08:00:43',45,0),(821,459,21,'2023-09-20 09:41:12',50,0),(822,459,23,'2023-09-20 09:41:32',50,0),(823,460,22,'2023-09-20 10:00:33',45,0),(824,460,27,'2023-09-20 10:00:47',45,0),(825,461,22,'2023-09-20 10:37:29',49,0),(826,461,27,'2023-09-20 10:37:36',49,0),(827,462,22,'2023-09-20 10:49:30',49,0),(828,462,27,'2023-09-20 10:49:36',49,0),(829,462,30,'2023-09-20 11:10:21',54,0),(833,435,28,'2023-09-20 15:15:32',54,0),(835,447,30,'2023-09-20 15:19:14',54,0),(836,448,30,'2023-09-20 15:20:57',54,0),(837,450,30,'2023-09-20 15:23:19',54,0),(840,454,30,'2023-09-20 15:29:05',54,0),(841,455,30,'2023-09-20 15:32:13',54,0),(842,457,30,'2023-09-20 15:33:32',54,0),(843,460,30,'2023-09-20 15:35:04',54,0),(844,463,21,'2023-09-20 15:36:31',49,0),(845,463,47,'2023-09-20 15:36:41',49,0),(846,461,30,'2023-09-20 15:37:03',54,0),(849,465,22,'2023-09-21 09:11:54',49,0),(850,465,27,'2023-09-21 09:12:03',49,0),(851,459,26,'2023-09-21 09:19:55',53,0),(852,465,30,'2023-09-21 09:20:49',54,0),(853,466,22,'2023-09-21 09:45:44',49,0),(854,467,22,'2023-09-21 09:45:59',49,0),(855,467,27,'2023-09-21 09:46:33',49,0),(856,467,28,'2023-09-21 09:49:48',54,0),(857,467,28,'2023-09-21 09:49:48',54,0),(875,472,22,'2023-09-21 14:59:03',49,0),(876,472,27,'2023-09-21 14:59:10',49,0),(879,472,30,'2023-09-21 15:49:42',54,0),(880,467,29,'2023-09-21 15:55:15',49,0),(881,467,30,'2023-09-21 16:04:39',54,0),(896,487,22,'2023-09-22 07:29:26',49,0),(897,487,27,'2023-09-22 07:29:34',49,0),(898,488,22,'2023-09-22 07:40:27',49,0),(899,488,27,'2023-09-22 07:40:48',49,0),(900,487,30,'2023-09-22 07:59:36',54,0),(901,489,21,'2023-09-22 08:24:12',43,0),(902,490,21,'2023-09-22 08:31:44',43,0),(903,490,23,'2023-09-22 08:36:02',43,0),(904,488,28,'2023-09-22 08:38:36',54,0),(905,489,23,'2023-09-22 08:44:02',43,0),(906,491,22,'2023-09-22 08:57:57',49,0),(907,491,27,'2023-09-22 08:58:06',49,0),(908,488,29,'2023-09-22 09:04:06',49,0),(912,491,28,'2023-09-22 10:06:54',54,0),(914,491,29,'2023-09-22 10:17:17',49,0),(915,493,21,'2023-09-22 10:31:13',46,0),(916,493,47,'2023-09-22 10:31:26',46,0),(917,494,22,'2023-09-22 10:40:37',47,0),(918,494,27,'2023-09-22 10:40:48',47,0),(919,495,22,'2023-09-22 10:43:20',48,0),(920,491,30,'2023-09-22 10:47:10',54,0),(921,489,24,'2023-09-22 10:55:56',53,0),(922,496,22,'2023-09-22 10:56:28',47,0),(923,496,27,'2023-09-22 10:56:38',47,0),(924,488,28,'2023-09-22 11:02:19',54,0),(925,489,25,'2023-09-22 11:07:27',43,0),(926,490,24,'2023-09-22 11:10:40',53,0),(927,494,28,'2023-09-22 11:19:25',54,0),(928,496,28,'2023-09-22 11:22:37',54,0),(929,490,25,'2023-09-22 11:29:08',43,0),(930,490,24,'2023-09-22 11:31:07',53,0),(932,488,29,'2023-09-22 11:37:47',49,0),(933,497,21,'2023-09-22 11:43:53',48,0),(934,489,26,'2023-09-22 11:54:30',53,0),(935,498,22,'2023-09-22 12:12:40',49,0),(936,498,27,'2023-09-22 12:12:46',49,0),(937,497,23,'2023-09-22 12:28:32',48,0),(938,497,23,'2023-09-22 12:28:32',48,0),(939,495,48,'2023-09-22 12:31:30',48,0),(940,495,48,'2023-09-22 12:33:47',48,0),(941,495,48,'2023-09-22 12:33:48',48,0),(942,497,24,'2023-09-22 12:38:36',53,0),(943,498,30,'2023-09-22 13:21:50',54,0),(944,495,27,'2023-09-22 13:44:04',48,0),(945,495,27,'2023-09-22 13:44:07',48,0),(946,499,21,'2023-09-22 13:46:34',50,0),(947,500,21,'2023-09-22 13:46:42',50,0),(948,500,23,'2023-09-22 13:54:13',50,0),(949,500,23,'2023-09-22 13:54:14',50,0),(950,500,26,'2023-09-22 14:33:13',54,0),(951,499,23,'2023-09-22 14:41:34',50,0),(954,495,30,'2023-09-25 07:02:04',54,0),(955,488,28,'2023-09-25 07:13:13',54,0),(956,503,21,'2023-09-25 07:33:27',46,0),(957,503,47,'2023-09-25 07:33:37',46,0),(958,504,21,'2023-09-25 08:25:49',43,0),(959,504,23,'2023-09-25 08:25:55',43,0),(960,505,21,'2023-09-25 08:27:53',43,0),(961,505,23,'2023-09-25 08:28:01',43,0),(962,505,23,'2023-09-25 08:28:02',43,0),(963,506,21,'2023-09-25 08:50:19',46,0),(964,506,47,'2023-09-25 08:50:27',46,0),(972,503,23,'2023-09-25 09:35:54',46,0),(973,506,23,'2023-09-25 09:36:18',46,0),(974,507,21,'2023-09-25 09:40:44',46,0),(975,507,23,'2023-09-25 09:40:52',46,0),(976,506,24,'2023-09-25 09:59:07',53,0),(977,507,24,'2023-09-25 10:22:23',53,0),(978,506,25,'2023-09-25 10:50:23',46,0),(979,436,27,'2023-09-25 11:19:03',45,0),(980,508,22,'2023-09-25 11:22:25',45,0),(981,508,27,'2023-09-25 11:22:36',45,0),(982,437,29,'2023-09-25 11:28:10',45,0),(983,436,30,'2023-09-25 11:50:03',54,0),(984,437,30,'2023-09-25 11:53:13',54,0),(985,508,30,'2023-09-25 12:22:52',54,0),(986,504,26,'2023-09-25 13:08:03',54,0),(987,505,26,'2023-09-25 13:11:44',54,0),(999,509,22,'2023-09-26 05:57:28',49,0),(1000,509,27,'2023-09-26 05:57:36',49,0),(1001,510,22,'2023-09-26 05:59:43',49,0),(1002,511,22,'2023-09-26 05:59:53',49,0),(1003,511,27,'2023-09-26 05:59:59',49,0),(1004,512,22,'2023-09-26 06:01:32',49,0),(1005,512,27,'2023-09-26 06:01:37',49,0),(1006,513,22,'2023-09-26 06:02:59',49,0),(1007,513,27,'2023-09-26 06:03:12',49,0),(1008,509,30,'2023-09-26 06:30:22',54,0),(1009,511,30,'2023-09-26 06:36:25',54,0),(1010,512,30,'2023-09-26 06:42:53',54,0),(1011,513,30,'2023-09-26 06:46:12',54,0),(1012,514,21,'2023-09-26 06:59:15',50,0),(1013,515,21,'2023-09-26 07:12:56',50,0),(1014,516,21,'2023-09-26 07:33:19',50,0),(1015,517,22,'2023-09-26 07:36:11',49,0),(1016,517,27,'2023-09-26 07:36:19',49,0),(1017,518,22,'2023-09-26 07:40:42',49,0),(1018,518,27,'2023-09-26 07:40:47',49,0),(1019,507,25,'2023-09-26 07:41:22',46,0),(1020,517,30,'2023-09-26 07:50:05',54,0),(1021,518,30,'2023-09-26 07:58:01',54,0),(1022,519,22,'2023-09-26 08:40:09',47,0),(1023,519,27,'2023-09-26 08:40:19',47,0),(1024,520,22,'2023-09-26 08:53:15',47,0),(1025,520,27,'2023-09-26 08:53:33',47,0),(1026,521,22,'2023-09-26 09:01:36',47,0),(1027,521,27,'2023-09-26 09:01:55',47,0),(1028,522,22,'2023-09-26 09:39:16',47,0),(1029,522,27,'2023-09-26 09:39:24',47,0),(1030,494,29,'2023-09-26 10:09:24',47,0),(1031,496,29,'2023-09-26 10:10:58',47,0),(1032,519,28,'2023-09-26 10:14:57',54,0),(1033,519,29,'2023-09-26 10:40:27',47,0),(1034,523,22,'2023-09-26 10:42:43',49,0),(1035,523,27,'2023-09-26 10:42:48',49,0),(1036,524,22,'2023-09-26 10:46:50',46,0),(1037,524,27,'2023-09-26 10:46:59',46,0),(1038,523,30,'2023-09-26 11:19:08',54,0),(1039,494,28,'2023-09-26 11:43:52',54,0),(1040,519,28,'2023-09-26 11:45:23',54,0),(1041,524,28,'2023-09-26 11:49:23',54,0),(1042,496,30,'2023-09-26 11:51:11',54,0),(1043,521,28,'2023-09-26 12:17:26',54,0),(1044,522,28,'2023-09-26 12:27:50',54,0),(1045,525,22,'2023-09-26 14:42:08',49,0),(1046,526,22,'2023-09-26 14:42:36',49,0),(1047,526,27,'2023-09-26 14:42:52',49,0),(1048,527,22,'2023-09-26 15:04:58',49,0),(1049,527,27,'2023-09-26 15:05:07',49,0),(1050,528,22,'2023-09-26 15:37:04',49,0),(1051,529,22,'2023-09-26 15:37:51',47,0),(1052,529,27,'2023-09-26 15:38:33',47,0),(1053,530,22,'2023-09-26 15:43:26',49,0),(1054,530,27,'2023-09-26 15:44:32',49,0),(1055,531,21,'2023-09-26 15:56:30',49,0),(1056,531,23,'2023-09-26 15:56:41',49,0),(1057,488,29,'2023-09-26 15:57:37',49,0),(1058,532,22,'2023-09-26 16:04:10',47,0),(1059,532,27,'2023-09-26 16:04:19',47,0),(1060,466,27,'2023-09-26 16:25:07',49,0),(1061,510,27,'2023-09-26 16:25:24',49,0),(1062,525,27,'2023-09-26 16:25:43',49,0),(1063,528,27,'2023-09-26 16:28:09',49,0),(1064,526,30,'2023-09-27 06:21:59',52,0),(1065,525,28,'2023-09-27 06:32:47',54,0),(1066,533,21,'2023-09-27 06:46:53',49,0),(1067,534,21,'2023-09-27 06:47:25',49,0),(1068,534,23,'2023-09-27 06:47:33',49,0),(1069,535,22,'2023-09-27 06:50:35',49,0),(1070,535,27,'2023-09-27 06:50:41',49,0),(1071,527,30,'2023-09-27 07:00:35',54,0),(1072,536,21,'2023-09-27 07:02:30',49,0),(1073,536,23,'2023-09-27 07:02:41',49,0),(1074,535,30,'2023-09-27 07:04:08',54,0),(1075,534,24,'2023-09-27 07:05:55',53,0),(1076,530,28,'2023-09-27 07:27:22',54,0),(1077,528,28,'2023-09-27 07:30:10',54,0),(1078,466,30,'2023-09-27 07:39:10',54,0),(1079,488,28,'2023-09-27 07:50:01',54,0),(1080,510,30,'2023-09-27 07:54:33',54,0),(1081,524,29,'2023-09-27 08:02:07',47,0),(1082,529,30,'2023-09-27 08:09:33',54,0),(1083,532,30,'2023-09-27 08:10:16',54,0),(1084,524,30,'2023-09-27 08:45:55',54,0),(1085,537,22,'2023-09-27 08:47:41',64,0),(1086,537,27,'2023-09-27 08:47:57',64,0),(1088,532,43,'2023-09-27 09:25:30',54,0),(1089,538,22,'2023-09-27 09:28:32',49,0),(1090,538,27,'2023-09-27 09:28:42',49,0),(1091,539,22,'2023-09-27 10:03:26',45,0),(1092,503,26,'2023-09-27 10:16:36',54,0),(1093,540,22,'2023-09-27 10:22:13',64,0),(1094,540,27,'2023-09-27 10:22:24',64,0),(1095,539,27,'2023-09-27 10:23:42',45,0),(1096,537,30,'2023-09-27 10:57:39',54,0),(1097,541,21,'2023-09-27 11:18:10',48,0),(1098,541,23,'2023-09-27 11:18:56',48,0),(1099,540,30,'2023-09-27 11:28:33',54,0),(1100,542,21,'2023-09-27 12:00:17',48,0),(1101,542,23,'2023-09-27 12:00:37',48,0),(1102,541,26,'2023-09-27 12:19:28',52,0),(1103,538,30,'2023-09-27 12:35:10',54,0),(1104,542,26,'2023-09-27 12:53:51',54,0),(1105,507,24,'2023-09-27 13:13:29',54,0),(1106,539,30,'2023-09-27 13:25:02',54,0),(1107,519,29,'2023-09-27 14:42:06',47,0),(1108,521,29,'2023-09-27 14:43:03',47,0),(1109,543,22,'2023-09-27 14:46:18',64,0),(1110,543,27,'2023-09-27 14:46:26',64,0),(1111,522,29,'2023-09-27 14:48:30',47,0),(1112,544,22,'2023-09-27 15:56:38',47,0),(1113,544,27,'2023-09-27 15:57:00',47,0),(1114,519,30,'2023-09-28 07:15:33',54,0),(1115,521,28,'2023-09-28 07:58:51',54,0),(1116,545,22,'2023-09-28 07:59:27',49,0),(1117,545,27,'2023-09-28 07:59:33',49,0),(1118,546,22,'2023-09-28 08:12:52',45,0),(1119,546,27,'2023-09-28 08:14:32',45,0),(1120,493,23,'2023-09-28 08:34:09',46,0),(1121,547,22,'2023-09-28 08:38:50',49,0),(1122,548,22,'2023-09-28 08:41:43',49,0),(1123,548,27,'2023-09-28 08:41:52',49,0),(1124,463,23,'2023-09-28 09:54:40',49,0),(1125,545,30,'2023-09-28 10:14:20',54,0),(1126,549,22,'2023-09-28 10:29:46',45,0),(1127,522,30,'2023-09-28 10:30:18',54,0),(1128,543,30,'2023-09-28 10:45:31',54,0),(1129,543,30,'2023-09-28 10:45:34',54,0),(1130,544,28,'2023-09-28 11:00:31',54,0),(1131,544,28,'2023-09-28 11:00:34',54,0),(1132,550,22,'2023-09-28 16:08:52',49,0),(1133,550,27,'2023-09-28 16:09:05',49,0),(1134,534,25,'2023-09-28 16:42:20',49,0),(1135,488,29,'2023-09-28 16:42:52',49,0),(1136,525,29,'2023-09-28 16:44:10',49,0),(1137,551,22,'2023-09-29 06:53:26',45,0),(1138,551,27,'2023-09-29 06:53:35',45,0),(1139,552,22,'2023-09-29 10:22:46',45,0),(1140,552,27,'2023-09-29 10:22:57',45,0),(1141,488,28,'2023-09-29 11:56:11',54,0),(1142,550,30,'2023-09-29 12:37:01',54,0),(1143,525,30,'2023-09-29 12:41:40',54,0),(1144,546,28,'2023-09-29 14:38:51',54,0),(1145,553,22,'2023-09-29 15:04:58',47,0),(1146,553,27,'2023-09-29 15:05:08',47,0),(1147,551,30,'2023-09-29 15:40:02',54,0),(1148,552,28,'2023-09-29 16:37:25',54,0),(1149,553,28,'2023-09-29 16:44:35',54,0),(1154,552,29,'2023-10-02 07:34:29',45,0),(1155,555,22,'2023-10-02 07:47:27',45,0),(1156,555,27,'2023-10-02 07:47:42',45,0),(1157,556,22,'2023-10-02 12:43:06',48,0),(1158,556,27,'2023-10-02 12:43:26',48,0),(1159,557,22,'2023-10-02 13:27:35',48,0),(1160,557,27,'2023-10-02 13:27:58',48,0),(1177,560,22,'2023-10-03 08:34:48',64,0),(1178,560,27,'2023-10-03 08:40:29',64,0),(1179,549,27,'2023-10-03 09:49:09',45,0),(1180,557,28,'2023-10-03 10:59:59',54,0),(1181,556,30,'2023-10-04 06:32:02',54,0),(1182,552,30,'2023-10-04 06:46:47',54,0),(1183,561,21,'2023-10-04 10:26:45',50,0),(1184,561,23,'2023-10-04 10:26:53',50,0),(1185,562,21,'2023-10-04 10:31:39',50,0),(1186,562,23,'2023-10-04 10:32:22',50,0),(1187,560,30,'2023-10-04 10:51:35',52,0),(1190,549,30,'2023-10-05 08:48:39',54,0),(1191,555,30,'2023-10-05 09:01:34',54,0),(1192,565,22,'2023-10-05 14:51:32',64,0),(1193,566,22,'2023-10-05 14:52:19',64,0),(1194,566,27,'2023-10-05 14:52:27',64,0),(1195,567,22,'2023-10-05 16:03:08',64,0),(1196,567,27,'2023-10-05 16:03:17',64,0),(1197,566,28,'2023-10-06 11:38:25',54,0),(1198,567,28,'2023-10-06 11:45:21',54,0),(1199,566,29,'2023-10-06 14:43:59',64,0),(1200,567,29,'2023-10-06 14:48:08',64,0),(1201,562,26,'2023-10-09 07:13:47',52,0),(1202,463,26,'2023-10-09 07:17:25',52,0),(1203,493,26,'2023-10-09 07:19:49',52,0),(1204,499,26,'2023-10-09 07:21:24',52,0),(1205,506,26,'2023-10-09 07:43:02',52,0),(1206,531,26,'2023-10-09 07:47:12',52,0),(1207,536,26,'2023-10-09 07:49:38',52,0),(1208,534,26,'2023-10-09 08:03:40',52,0),(1209,561,26,'2023-10-09 08:07:59',52,0),(1212,566,30,'2023-10-09 09:17:44',54,0),(1213,566,30,'2023-10-09 09:17:47',54,0),(1214,567,30,'2023-10-09 09:43:07',54,0),(1215,568,21,'2023-10-10 10:01:14',50,0),(1216,569,22,'2023-10-10 15:02:46',64,0),(1217,569,27,'2023-10-10 15:02:54',64,0),(1218,570,22,'2023-10-10 15:11:49',64,0),(1219,570,27,'2023-10-10 15:11:56',64,0),(1220,571,21,'2023-10-11 07:03:20',50,0),(1221,571,23,'2023-10-11 07:03:27',50,0),(1222,572,21,'2023-10-11 07:06:46',50,0),(1223,572,23,'2023-10-11 07:06:53',50,0),(1224,573,21,'2023-10-11 07:09:11',50,0),(1225,573,23,'2023-10-11 07:09:20',50,0),(1226,574,21,'2023-10-11 07:11:10',50,0),(1227,575,21,'2023-10-11 07:11:20',50,0),(1228,575,23,'2023-10-11 07:11:26',50,0),(1229,576,21,'2023-10-11 14:08:05',50,0),(1230,576,23,'2023-10-11 14:08:23',50,0),(1231,574,23,'2023-10-11 14:09:48',50,0),(1232,577,21,'2023-10-11 14:15:00',50,0),(1233,577,23,'2023-10-11 14:15:08',50,0),(1234,568,23,'2023-10-11 14:36:10',50,0),(1235,573,26,'2023-10-11 15:10:54',52,0),(1236,578,22,'2023-10-11 17:34:37',64,0),(1237,578,27,'2023-10-11 17:34:46',64,0),(1242,520,30,'2023-10-13 09:12:24',52,0),(1243,548,30,'2023-10-13 09:12:55',52,0),(1263,570,28,'2023-10-16 06:45:59',54,0),(1264,569,28,'2023-10-16 06:47:02',54,0),(1265,578,30,'2023-10-16 06:48:29',54,0),(1269,583,21,'2023-10-18 17:12:50',57,0),(1270,583,23,'2023-10-18 17:12:55',57,0),(1271,583,24,'2023-10-18 17:13:19',58,0),(1272,583,25,'2023-10-18 17:13:38',57,0);
/*!40000 ALTER TABLE `eventos` ENABLE KEYS */;
UNLOCK TABLES;

--
-- Table structure for table `expediente_cola`
--

DROP TABLE IF EXISTS `expediente_cola`;
/*!40101 SET @saved_cs_client     = @@character_set_client */;
/*!40101 SET character_set_client = utf8 */;
CREATE TABLE `expediente_cola` (
  `id` int(11) NOT NULL AUTO_INCREMENT,
  `id_cola` int(11) NOT NULL,
  `id_expediente` int(11) NOT NULL,
  `indice` int(11) NOT NULL,
  `enviado` tinyint(4) NOT NULL DEFAULT 0,
  `entrada` datetime NOT NULL DEFAULT current_timestamp(),
  PRIMARY KEY (`id`)
) ENGINE=InnoDB AUTO_INCREMENT=910 DEFAULT CHARSET=latin1 COLLATE=latin1_spanish_ci;
/*!40101 SET character_set_client = @saved_cs_client */;

--
-- Dumping data for table `expediente_cola`
--

LOCK TABLES `expediente_cola` WRITE;
/*!40000 ALTER TABLE `expediente_cola` DISABLE KEYS */;
INSERT INTO `expediente_cola` VALUES (622,107,435,1,0,'2023-09-07 11:34:25'),(623,108,435,2,1,'2023-09-07 11:34:43'),(624,109,436,1,1,'2023-09-11 11:40:18'),(625,109,437,4,1,'2023-09-11 11:40:42'),(626,108,437,6,0,'2023-09-11 11:40:47'),(631,109,440,0,0,'2023-09-13 11:11:41'),(632,109,441,0,0,'2023-09-13 11:11:52'),(633,109,442,0,0,'2023-09-13 11:13:20'),(638,111,445,1,0,'2023-09-18 13:46:44'),(641,109,447,6,1,'2023-09-19 11:38:26'),(642,108,447,4,0,'2023-09-19 11:42:06'),(643,109,448,6,1,'2023-09-19 11:49:15'),(644,109,449,0,0,'2023-09-19 11:59:02'),(645,109,450,8,1,'2023-09-19 11:59:06'),(646,109,451,1,0,'2023-09-19 12:11:24'),(647,108,450,4,0,'2023-09-19 12:31:35'),(650,108,448,6,0,'2023-09-19 12:44:53'),(653,112,454,1,1,'2023-09-19 16:52:45'),(654,108,454,4,0,'2023-09-19 16:52:52'),(655,112,455,1,1,'2023-09-19 17:50:59'),(656,108,455,4,0,'2023-09-19 17:51:07'),(659,109,457,8,1,'2023-09-20 10:00:35'),(660,108,457,5,0,'2023-09-20 10:00:43'),(663,107,459,1,1,'2023-09-20 11:41:12'),(664,108,459,0,0,'2023-09-20 11:41:32'),(665,109,460,8,1,'2023-09-20 12:00:33'),(666,108,460,7,0,'2023-09-20 12:00:47'),(667,112,461,1,1,'2023-09-20 12:37:29'),(668,108,461,7,0,'2023-09-20 12:37:36'),(669,112,462,1,1,'2023-09-20 12:49:30'),(670,108,462,20,0,'2023-09-20 12:49:36'),(682,112,463,1,1,'2023-09-20 17:36:31'),(686,112,465,2,1,'2023-09-21 11:11:54'),(688,108,465,1,0,'2023-09-21 11:20:49'),(689,112,466,2,1,'2023-09-21 11:45:44'),(690,112,467,3,1,'2023-09-21 11:45:59'),(700,112,472,4,1,'2023-09-21 16:59:03'),(702,108,472,1,0,'2023-09-21 17:49:42'),(703,108,467,1,0,'2023-09-21 18:04:39'),(718,112,487,3,1,'2023-09-22 09:29:26'),(720,112,488,5,0,'2023-09-22 09:40:27'),(721,108,488,47,0,'2023-09-22 09:40:48'),(722,108,487,1,0,'2023-09-22 09:59:36'),(723,109,489,8,1,'2023-09-22 10:24:12'),(724,109,490,0,0,'2023-09-22 10:31:44'),(725,108,490,15,1,'2023-09-22 10:36:02'),(727,112,491,3,1,'2023-09-22 10:57:57'),(732,110,493,1,1,'2023-09-22 12:31:13'),(733,110,494,1,0,'2023-09-22 12:40:37'),(734,108,494,25,1,'2023-09-22 12:40:48'),(735,111,495,2,1,'2023-09-22 12:43:20'),(736,108,491,2,0,'2023-09-22 12:47:10'),(737,110,496,2,1,'2023-09-22 12:56:28'),(738,108,496,15,0,'2023-09-22 12:56:38'),(739,111,497,2,0,'2023-09-22 13:43:53'),(740,112,498,3,1,'2023-09-22 14:12:40'),(742,108,497,13,1,'2023-09-22 14:28:32'),(743,108,498,3,0,'2023-09-22 15:21:50'),(744,108,495,0,0,'2023-09-22 15:44:04'),(745,107,499,2,1,'2023-09-22 15:46:34'),(746,107,500,3,1,'2023-09-22 15:46:42'),(747,108,500,1,0,'2023-09-22 15:54:13'),(748,108,499,1,0,'2023-09-22 16:41:34'),(751,110,503,4,1,'2023-09-25 09:33:27'),(752,109,504,8,1,'2023-09-25 10:25:49'),(753,108,504,1,0,'2023-09-25 10:25:55'),(754,109,505,8,1,'2023-09-25 10:27:53'),(755,108,505,1,0,'2023-09-25 10:28:01'),(756,110,506,4,1,'2023-09-25 10:50:19'),(757,108,503,2,0,'2023-09-25 11:35:54'),(758,108,506,3,0,'2023-09-25 11:36:18'),(759,110,507,3,0,'2023-09-25 11:40:44'),(760,108,507,20,1,'2023-09-25 11:40:52'),(761,108,436,4,0,'2023-09-25 13:19:03'),(762,109,508,7,1,'2023-09-25 13:22:25'),(763,108,508,5,0,'2023-09-25 13:22:36'),(764,112,509,4,1,'2023-09-26 07:57:28'),(765,108,509,8,0,'2023-09-26 07:57:36'),(766,112,510,2,1,'2023-09-26 07:59:43'),(767,112,511,5,1,'2023-09-26 07:59:53'),(768,108,511,9,0,'2023-09-26 07:59:59'),(769,112,512,5,1,'2023-09-26 08:01:32'),(770,108,512,10,0,'2023-09-26 08:01:37'),(771,112,513,5,1,'2023-09-26 08:02:59'),(772,108,513,11,0,'2023-09-26 08:03:12'),(773,107,514,2,0,'2023-09-26 08:59:15'),(774,107,515,3,0,'2023-09-26 09:12:56'),(775,107,516,4,0,'2023-09-26 09:33:19'),(776,112,517,5,1,'2023-09-26 09:36:11'),(777,108,517,12,0,'2023-09-26 09:36:19'),(778,112,518,5,1,'2023-09-26 09:40:42'),(779,108,518,13,0,'2023-09-26 09:40:47'),(780,110,519,3,1,'2023-09-26 10:40:09'),(781,108,519,32,0,'2023-09-26 10:40:19'),(782,110,520,4,1,'2023-09-26 10:53:15'),(783,108,520,14,0,'2023-09-26 10:53:33'),(784,110,521,4,0,'2023-09-26 11:01:36'),(785,108,521,39,1,'2023-09-26 11:01:55'),(786,110,522,3,1,'2023-09-26 11:39:16'),(787,108,522,34,0,'2023-09-26 11:39:24'),(788,112,523,5,1,'2023-09-26 12:42:43'),(789,108,523,16,0,'2023-09-26 12:42:48'),(790,110,524,4,1,'2023-09-26 12:46:50'),(791,108,524,25,0,'2023-09-26 12:46:59'),(792,112,525,1,1,'2023-09-26 16:42:08'),(793,112,526,6,1,'2023-09-26 16:42:36'),(794,108,526,17,0,'2023-09-26 16:42:52'),(795,112,527,6,1,'2023-09-26 17:04:58'),(796,108,527,18,0,'2023-09-26 17:05:07'),(797,112,528,3,0,'2023-09-26 17:37:04'),(798,110,529,7,1,'2023-09-26 17:37:51'),(799,108,529,19,0,'2023-09-26 17:38:33'),(800,112,530,2,0,'2023-09-26 17:43:26'),(801,108,530,28,1,'2023-09-26 17:44:32'),(802,112,531,7,1,'2023-09-26 17:56:30'),(803,108,531,20,0,'2023-09-26 17:56:41'),(804,110,532,2,0,'2023-09-26 18:04:10'),(805,108,532,28,1,'2023-09-26 18:04:19'),(806,108,466,21,0,'2023-09-26 18:25:07'),(807,108,510,22,0,'2023-09-26 18:25:24'),(808,108,525,41,0,'2023-09-26 18:25:43'),(809,108,528,33,1,'2023-09-26 18:28:09'),(810,112,533,1,0,'2023-09-27 08:46:53'),(811,112,534,3,1,'2023-09-27 08:47:25'),(812,108,534,40,0,'2023-09-27 08:47:33'),(813,112,535,4,1,'2023-09-27 08:50:35'),(814,108,535,23,0,'2023-09-27 08:50:40'),(815,112,536,4,1,'2023-09-27 09:02:30'),(816,108,536,24,0,'2023-09-27 09:02:40'),(817,116,537,1,1,'2023-09-27 10:47:41'),(818,108,537,26,0,'2023-09-27 10:47:57'),(819,112,538,8,1,'2023-09-27 11:28:32'),(820,108,538,27,0,'2023-09-27 11:28:42'),(821,109,539,5,1,'2023-09-27 12:03:26'),(822,116,540,1,1,'2023-09-27 12:22:13'),(823,108,540,28,0,'2023-09-27 12:22:24'),(824,108,539,29,0,'2023-09-27 12:23:42'),(825,111,541,3,1,'2023-09-27 13:18:10'),(826,108,541,30,0,'2023-09-27 13:18:56'),(827,111,542,3,1,'2023-09-27 14:00:17'),(828,108,542,31,0,'2023-09-27 14:00:37'),(829,116,543,1,1,'2023-09-27 16:46:18'),(830,108,543,33,0,'2023-09-27 16:46:26'),(831,110,544,5,0,'2023-09-27 17:56:38'),(832,108,544,41,1,'2023-09-27 17:57:00'),(833,112,545,8,1,'2023-09-28 09:59:27'),(834,108,545,35,0,'2023-09-28 09:59:33'),(835,109,546,1,0,'2023-09-28 10:12:52'),(836,108,546,42,1,'2023-09-28 10:14:32'),(837,108,493,36,0,'2023-09-28 10:34:09'),(838,112,547,4,0,'2023-09-28 10:38:50'),(839,112,548,9,1,'2023-09-28 10:41:44'),(840,108,548,37,0,'2023-09-28 10:41:52'),(841,108,463,38,0,'2023-09-28 11:54:40'),(842,109,549,5,1,'2023-09-28 12:29:46'),(843,112,550,8,1,'2023-09-28 18:08:52'),(844,108,550,39,0,'2023-09-28 18:09:05'),(845,109,551,6,1,'2023-09-29 08:53:26'),(846,108,551,42,0,'2023-09-29 08:53:35'),(847,109,552,7,1,'2023-09-29 12:22:46'),(848,108,552,43,0,'2023-09-29 12:22:57'),(849,110,553,6,0,'2023-09-29 17:04:58'),(850,108,553,49,1,'2023-09-29 17:05:08'),(853,109,555,7,1,'2023-10-02 09:47:27'),(854,108,555,44,0,'2023-10-02 09:47:42'),(855,111,556,3,1,'2023-10-02 14:43:06'),(856,108,556,45,0,'2023-10-02 14:43:26'),(857,111,557,3,0,'2023-10-02 15:27:35'),(858,108,557,52,1,'2023-10-02 15:27:58'),(863,116,560,1,1,'2023-10-03 10:34:48'),(864,108,560,46,0,'2023-10-03 10:40:29'),(865,108,549,47,0,'2023-10-03 11:49:09'),(866,107,561,5,1,'2023-10-04 12:26:45'),(867,108,561,48,0,'2023-10-04 12:26:53'),(868,107,562,5,1,'2023-10-04 12:31:39'),(869,108,562,49,0,'2023-10-04 12:32:22'),(872,116,565,1,0,'2023-10-05 16:51:32'),(873,116,566,2,1,'2023-10-05 16:52:19'),(874,108,566,50,0,'2023-10-05 16:52:27'),(875,116,567,2,1,'2023-10-05 18:03:08'),(876,108,567,51,0,'2023-10-05 18:03:17'),(877,107,568,5,1,'2023-10-10 12:01:14'),(878,116,569,3,0,'2023-10-10 17:02:46'),(879,108,569,53,1,'2023-10-10 17:02:54'),(880,116,570,2,0,'2023-10-10 17:11:49'),(881,108,570,54,1,'2023-10-10 17:11:56'),(882,107,571,6,1,'2023-10-11 09:03:20'),(883,108,571,52,0,'2023-10-11 09:03:27'),(884,107,572,6,1,'2023-10-11 09:06:46'),(885,108,572,53,0,'2023-10-11 09:06:53'),(886,107,573,6,1,'2023-10-11 09:09:11'),(887,108,573,54,0,'2023-10-11 09:09:20'),(888,107,574,6,1,'2023-10-11 09:11:10'),(889,107,575,7,1,'2023-10-11 09:11:20'),(890,108,575,55,0,'2023-10-11 09:11:26'),(891,107,576,7,1,'2023-10-11 16:08:05'),(892,108,576,56,0,'2023-10-11 16:08:23'),(893,108,574,57,0,'2023-10-11 16:09:48'),(894,107,577,6,1,'2023-10-11 16:15:00'),(895,108,577,58,0,'2023-10-11 16:15:08'),(896,108,568,59,0,'2023-10-11 16:36:10'),(897,116,578,2,1,'2023-10-11 19:34:37'),(898,108,578,60,0,'2023-10-11 19:34:46'),(908,109,583,3,1,'2023-10-18 19:12:50'),(909,108,583,61,0,'2023-10-18 19:12:55');
/*!40000 ALTER TABLE `expediente_cola` ENABLE KEYS */;
UNLOCK TABLES;

--
-- Table structure for table `expedientes`
--

DROP TABLE IF EXISTS `expedientes`;
/*!40101 SET @saved_cs_client     = @@character_set_client */;
/*!40101 SET character_set_client = utf8 */;
CREATE TABLE `expedientes` (
  `id` int(10) NOT NULL AUTO_INCREMENT,
  `ano` tinyint(4) NOT NULL,
  `id_anual` int(11) NOT NULL,
  `id_anual_form` int(11) NOT NULL,
  `id_formulario` int(10) NOT NULL,
  `estado` varchar(40) COLLATE latin1_spanish_ci NOT NULL COMMENT '	0: inexistente, 1: en proceso, 2: rechazado, 3: terminado',
  `tramitando` int(11) NOT NULL DEFAULT 0,
  `almacenamiento` varchar(5000) COLLATE latin1_spanish_ci NOT NULL,
  PRIMARY KEY (`id`)
) ENGINE=InnoDB AUTO_INCREMENT=584 DEFAULT CHARSET=latin1 COLLATE=latin1_spanish_ci;
/*!40101 SET character_set_client = @saved_cs_client */;

--
-- Dumping data for table `expedientes`
--

LOCK TABLES `expedientes` WRITE;
/*!40000 ALTER TABLE `expedientes` DISABLE KEYS */;
INSERT INTO `expedientes` VALUES (435,23,2,1,18,'2',0,'Documentacion expedientes/VO/Noray/2023/747MHY-2_2023'),(436,23,3,2,18,'3',0,'Documentacion expedientes/VO/Tysa/2023/7027KZG-3_2023'),(437,23,4,3,18,'3',0,'Documentacion expedientes/VO/Tysa/2023/7027KZG-4_2023'),(440,23,7,4,17,'1',0,'Documentacion expedientes/VN/Tysa/2023/PATRICIA SANCHEZ MOSQUEDA-7_2023'),(441,23,8,5,17,'1',0,'Documentacion expedientes/VN/Tysa/2023/PATRICIA SANCHEZ MOSQUEDA-8_2023'),(442,23,9,6,17,'1',0,'Documentacion expedientes/VN/Tysa/2023/PATRICIA SANCHEZ MOSQUEDA-9_2023'),(445,23,12,8,17,'1',0,'Documentacion expedientes/VN/Autos Pisa/2023/AUTOS PISA SL-12_2023'),(447,23,14,5,18,'3',0,'Documentacion expedientes/VO/Tysa/2023/8391JVC-14_2023'),(448,23,15,6,18,'3',0,'Documentacion expedientes/VO/Tysa/2023/7749KYL-15_2023'),(449,23,16,7,18,'1',0,'Documentacion expedientes/VO/Tysa/2023/5927LCK-16_2023'),(450,23,17,8,18,'3',0,'Documentacion expedientes/VO/Tysa/2023/5927LCK-17_2023'),(451,23,18,9,18,'1',0,'Documentacion expedientes/VO/Tysa/2023/2553CVB-18_2023'),(454,23,21,12,18,'3',0,'Documentacion expedientes/VO/Gadir/2023/7737FNJ-21_2023'),(455,23,22,13,18,'3',0,'Documentacion expedientes/VO/Gysa/2023/9886LWW-22_2023'),(457,23,24,14,18,'3',0,'Documentacion expedientes/VO/Tysa/2023/8960KCN-24_2023'),(459,23,26,12,17,'3',0,'Documentacion expedientes/VN/Noray/2023/TEOFILO ORTEGA MARIBLANCA-26_2023'),(460,23,27,15,18,'3',0,'Documentacion expedientes/VO/Tysa/2023/8592KYJ-27_2023'),(461,23,28,16,18,'3',0,'Documentacion expedientes/VO/Gadir/2023/6457MHG-28_2023'),(462,23,29,17,18,'3',0,'Documentacion expedientes/VO/Gysa/2023/5097MBK-29_2023'),(463,23,30,13,17,'3',0,'Documentacion expedientes/VN/Surauto/2023/SUSANA DE LEON SOTELO-30_2023'),(465,23,32,18,18,'3',0,'Documentacion expedientes/VO/Gadir/2023/8074LCG-32_2023'),(466,23,33,19,18,'3',0,'Documentacion expedientes/VO/Gysa/2023/8573MGP-33_2023'),(467,23,34,20,18,'3',0,'Documentacion expedientes/VO/Gysa/2023/8573MGP-34_2023'),(472,23,39,21,18,'3',0,'Documentacion expedientes/VO/Gadir/2023/7761MHY-39_2023'),(487,23,40,22,18,'3',0,'Documentacion expedientes/VO/Noray/2023/1655HFS-40_2023'),(488,23,41,23,18,'2',0,'Documentacion expedientes/VO/Gadir/2023/6936KKG-41_2023'),(489,23,42,19,17,'3',0,'Documentacion expedientes/VN/Tysa/2023/FRANCISCO CABEZAS PEDROSA-42_2023'),(490,23,43,20,17,'2',0,'Documentacion expedientes/VN/Tysa/2023/ARACELI TRUEBA LAWAND-43_2023'),(491,23,44,24,18,'3',0,'Documentacion expedientes/VO/Gysa/2023/7760LXW-44_2023'),(493,23,46,21,17,'3',0,'Documentacion expedientes/VN/Inauto/2023/ESPERANZA LUISA GALEA GUISADO-46_2023'),(494,23,47,26,18,'2',0,'Documentacion expedientes/VO/Inauto/2023/1157LCM-47_2023'),(495,23,48,27,18,'3',0,'Documentacion expedientes/VO/Autos Pisa/2023/3407KYY-48_2023'),(496,23,49,28,18,'3',0,'Documentacion expedientes/VO/Inauto/2023/6739DKR-49_2023'),(497,23,50,22,17,'2',0,'Documentacion expedientes/VN/Autos Pisa/2023/AUTOS PISA SL-50_2023'),(498,23,51,29,18,'3',0,'Documentacion expedientes/VO/Noray/2023/8880HRT-51_2023'),(499,23,52,23,17,'3',0,'Documentacion expedientes/VN/Noray/2023/MARIA DEL CARMEN MOTA PEREZ-52_2023'),(500,23,53,24,17,'3',0,'Documentacion expedientes/VN/Noray/2023/MOISES MORENO HERRERA-PICAZO-53_2023'),(503,23,54,25,17,'3',0,'Documentacion expedientes/VN/Inauto/2023/mercedes nuñez macias-54_2023'),(504,23,55,26,17,'3',0,'Documentacion expedientes/VN/Tysa/2023/JONATAN CARO CABELLERO-55_2023'),(505,23,56,27,17,'3',0,'Documentacion expedientes/VN/Tysa/2023/BENJAMIN URBANEJA VARGAD-56_2023'),(506,23,57,28,17,'3',0,'Documentacion expedientes/VN/Inauto/2023/ROSA MARIA GARCIA MARIN-57_2023'),(507,23,58,29,17,'2',0,'Documentacion expedientes/VN/Inauto/2023/MANUEL PORTO ROMERO-58_2023'),(508,23,59,30,18,'3',0,'Documentacion expedientes/VO/Tysa/2023/3964KFZ-59_2023'),(509,23,60,31,18,'3',0,'Documentacion expedientes/VO/Noray/2023/6075MCW-60_2023'),(510,23,61,32,18,'3',0,'Documentacion expedientes/VO/Noray/2023/5491HPZ-61_2023'),(511,23,62,33,18,'3',0,'Documentacion expedientes/VO/Noray/2023/5491HPZ-62_2023'),(512,23,63,34,18,'3',0,'Documentacion expedientes/VO/Noray/2023/7291LBB-63_2023'),(513,23,64,35,18,'3',0,'Documentacion expedientes/VO/Noray/2023/8909HJR-64_2023'),(514,23,65,30,17,'1',0,'Documentacion expedientes/VN/Noray/2023/JOSE CARLOS TORRES TOSSO-65_2023'),(515,23,66,31,17,'1',0,'Documentacion expedientes/VN/Noray/2023/JUAN CARLOS BROTON MONTOYA-66_2023'),(516,23,67,32,17,'1',0,'Documentacion expedientes/VN/Noray/2023/MARIA DE LA PAZ CARDENAS MUÑOZ-67_2023'),(517,23,68,36,18,'3',0,'Documentacion expedientes/VO/Noray/2023/3722LFN-68_2023'),(518,23,69,37,18,'3',0,'Documentacion expedientes/VO/Noray/2023/2770LCN-69_2023'),(519,23,70,38,18,'3',0,'Documentacion expedientes/VO/Inauto/2023/1651HNS-70_2023'),(520,23,71,39,18,'3',0,'Documentacion expedientes/VO/Inauto/2023/9416HDL-71_2023'),(521,23,72,40,18,'2',0,'Documentacion expedientes/VO/Inauto/2023/7613GSM-72_2023'),(522,23,73,41,18,'3',0,'Documentacion expedientes/VO/Inauto/2023/8859FPC-73_2023'),(523,23,74,42,18,'3',0,'Documentacion expedientes/VO/Gadir/2023/8511JSW-74_2023'),(524,23,75,43,18,'3',0,'Documentacion expedientes/VO/Inauto/2023/4303MJR-75_2023'),(525,23,76,44,18,'3',0,'Documentacion expedientes/VO/Gadir/2023/7761MHY-76_2023'),(526,23,77,45,18,'3',0,'Documentacion expedientes/VO/Gadir/2023/7761MHY-77_2023'),(527,23,78,46,18,'3',0,'Documentacion expedientes/VO/Gadir/2023/2376MDL-78_2023'),(528,23,79,47,18,'2',0,'Documentacion expedientes/VO/Gadir/2023/1148LHR-79_2023'),(529,23,80,48,18,'3',0,'Documentacion expedientes/VO/Fyrsa/2023/0149MKD-80_2023'),(530,23,81,49,18,'2',0,'Documentacion expedientes/VO/Gadir/2023/1148LHR-81_2023'),(531,23,82,33,17,'3',0,'Documentacion expedientes/VN/Gysa/2023/INVERSIONES AMSABE SL-82_2023'),(532,23,83,50,18,'2',0,'Documentacion expedientes/VO/Fyrsa/2023/6185LNY-83_2023'),(533,23,84,34,17,'1',0,'Documentacion expedientes/VN/Surauto/2023/MARIA EUGENIO LEON AMADO-84_2023'),(534,23,85,35,17,'3',0,'Documentacion expedientes/VN/Surauto/2023/MARIA EUGENIO LEON AMADO-85_2023'),(535,23,86,51,18,'3',0,'Documentacion expedientes/VO/Noray/2023/2405LGV-86_2023'),(536,23,87,36,17,'3',0,'Documentacion expedientes/VN/Surauto/2023/JOSE MANUEL SANCHEZ SL-87_2023'),(537,23,88,52,18,'3',0,'Documentacion expedientes/VO/Fyrsa/2023/0149MKD-88_2023'),(538,23,89,53,18,'3',0,'Documentacion expedientes/VO/Gadir/2023/7737FNJ-89_2023'),(539,23,90,54,18,'3',0,'Documentacion expedientes/VO/Tysa/2023/1980JNP-90_2023'),(540,23,91,55,18,'3',0,'Documentacion expedientes/VO/Fyrsa/2023/5466KNK-91_2023'),(541,23,92,37,17,'3',0,'Documentacion expedientes/VN/Autos Pisa/2023/JUANA MARIA ARROYO FERNANDEZ-92_2023'),(542,23,93,38,17,'3',0,'Documentacion expedientes/VN/Autos Pisa/2023/RAFAEL MIGUEL JIMENEZ ROSALES-93_2023'),(543,23,94,56,18,'3',0,'Documentacion expedientes/VO/Fyrsa/2023/5172KFF-94_2023'),(544,23,95,57,18,'2',0,'Documentacion expedientes/VO/Inauto/2023/2080LBL-95_2023'),(545,23,96,58,18,'3',0,'Documentacion expedientes/VO/Noray/2023/5476JHC-96_2023'),(546,23,97,59,18,'2',0,'Documentacion expedientes/VO/Tysa/2023/4281JVX-97_2023'),(547,23,98,60,18,'1',0,'Documentacion expedientes/VO/Surauto/2023/4707MCM-98_2023'),(548,23,99,61,18,'3',0,'Documentacion expedientes/VO/Surauto/2023/4707MCM-99_2023'),(549,23,100,62,18,'3',0,'Documentacion expedientes/VO/Tysa/2023/1941GZW-100_2023'),(550,23,101,63,18,'3',0,'Documentacion expedientes/VO/Gysa/2023/5724MBL-101_2023'),(551,23,102,64,18,'3',0,'Documentacion expedientes/VO/Tysa/2023/3716JNK-102_2023'),(552,23,103,65,18,'3',0,'Documentacion expedientes/VO/Tysa/2023/8251jkz-103_2023'),(553,23,104,66,18,'2',0,'Documentacion expedientes/VO/Inauto/2023/9662LRS-104_2023'),(555,23,105,67,18,'3',0,'Documentacion expedientes/VO/Tysa/2023/7824JYN-105_2023'),(556,23,106,68,18,'3',0,'Documentacion expedientes/VO/Autos Pisa/2023/5628LTS-106_2023'),(557,23,107,69,18,'2',0,'Documentacion expedientes/VO/Autos Pisa/2023/4157LXF-107_2023'),(560,23,109,71,18,'3',0,'Documentacion expedientes/VO/Fyrsa/2023/3940FMM-109_2023'),(561,23,110,39,17,'3',0,'Documentacion expedientes/VN/Noray/2023/ANTONIO ALMAGRO GARCIA-110_2023'),(562,23,111,40,17,'3',0,'Documentacion expedientes/VN/Noray/2023/JOSE HUBERTO MENDEZ PEREA-111_2023'),(565,23,112,72,18,'1',0,'Documentacion expedientes/VO/Fyrsa/2023/4265LJD-112_2023'),(566,23,113,73,18,'3',0,'Documentacion expedientes/VO/Fyrsa/2023/4265LJD-113_2023'),(567,23,114,74,18,'3',0,'Documentacion expedientes/VO/Fyrsa/2023/9989MKC-114_2023'),(568,23,115,41,17,'1',0,'Documentacion expedientes/VN/Noray/2023/TERESA CASTILLO BARRAGAN-115_2023'),(569,23,116,75,18,'2',0,'Documentacion expedientes/VO/Fyrsa/2023/1873MKD-116_2023'),(570,23,117,76,18,'2',0,'Documentacion expedientes/VO/Fyrsa/2023/1917MKD-117_2023'),(571,23,118,42,17,'1',52,'Documentacion expedientes/VN/Noray/2023/ALICIA GALVAN GAMAZA-118_2023'),(572,23,119,43,17,'1',52,'Documentacion expedientes/VN/Noray/2023/PILAR PARRA ABAD-119_2023'),(573,23,120,44,17,'3',0,'Documentacion expedientes/VN/Noray/2023/FRANCISCO RODRIGUEZ RODRIGUEZ-120_2023'),(574,23,121,45,17,'1',0,'Documentacion expedientes/VN/Noray/2023/RAQUEL MARTIN MARTINEZ-121_2023'),(575,23,122,46,17,'1',0,'Documentacion expedientes/VN/Noray/2023/RAQUEL MARTIN MARTINEZ-122_2023'),(576,23,123,47,17,'1',0,'Documentacion expedientes/VN/Gadir/2023/RUBEN BLANCO GARCIA-123_2023'),(577,23,124,48,17,'1',0,'Documentacion expedientes/VN/Gadir/2023/MARIA OLIVA SELVATICO SANCHEZ-124_2023'),(578,23,125,77,18,'3',0,'Documentacion expedientes/VO/Fyrsa/2023/9233LFY-125_2023'),(583,23,130,51,17,'1',0,'Documentacion expedientes/VN/Inauto/2023/Javier Caro-130_2023');
/*!40000 ALTER TABLE `expedientes` ENABLE KEYS */;
UNLOCK TABLES;

--
-- Table structure for table `formularios`
--

DROP TABLE IF EXISTS `formularios`;
/*!40101 SET @saved_cs_client     = @@character_set_client */;
/*!40101 SET character_set_client = utf8 */;
CREATE TABLE `formularios` (
  `id` int(10) NOT NULL AUTO_INCREMENT,
  `denominacion` varchar(40) COLLATE latin1_spanish_ci NOT NULL,
  `en_preparacion` varchar(100) COLLATE latin1_spanish_ci NOT NULL DEFAULT '',
  `almacenamiento` varchar(5000) COLLATE latin1_spanish_ci NOT NULL,
  `activo` tinyint(1) NOT NULL DEFAULT 0,
  PRIMARY KEY (`id`)
) ENGINE=InnoDB AUTO_INCREMENT=21 DEFAULT CHARSET=latin1 COLLATE=latin1_spanish_ci;
/*!40101 SET character_set_client = @saved_cs_client */;

--
-- Dumping data for table `formularios`
--

LOCK TABLES `formularios` WRITE;
/*!40000 ALTER TABLE `formularios` DISABLE KEYS */;
INSERT INTO `formularios` VALUES (17,'VN','3','[\"VN\",\"=valor(\'Sociedad\')\",\"=a\\u00f1o()\",\"=concatenar(valor(\'Nombre y Apellidos o Raz\\u00f3n social\'),\'-\',titulo())\"]',1),(18,'VO','3','[\"VO\",\"=valor(\'Sociedad\')\",\"=a\\u00f1o()\",\"=concatenar(valor(\'Matr\\u00edcula\'),\'-\',titulo())\"]',1),(19,'VOBis','','[\"VOBIS\",\"=valor(\'Sociedad\')\",\"=a\\u00f1o()\",\"=titulo()\"]',0),(20,'Reserva de dominio','','[\"ReservaDominio\",\"=valor(\'Sociedad\')\",\"=a\\u00f1o()\",\"=concatenar(valor(\'Matr\\u00edcula\'),\'-\',titulo())\"]',1);
/*!40000 ALTER TABLE `formularios` ENABLE KEYS */;
UNLOCK TABLES;

--
-- Table structure for table `grupos`
--

DROP TABLE IF EXISTS `grupos`;
/*!40101 SET @saved_cs_client     = @@character_set_client */;
/*!40101 SET character_set_client = utf8 */;
CREATE TABLE `grupos` (
  `id_grupo` int(10) NOT NULL AUTO_INCREMENT,
  `desc_grupo` varchar(40) COLLATE latin1_spanish_ci NOT NULL,
  `id_perfil` int(10) NOT NULL,
  `id_oficio` int(10) NOT NULL DEFAULT 0,
  PRIMARY KEY (`id_grupo`)
) ENGINE=InnoDB AUTO_INCREMENT=84 DEFAULT CHARSET=latin1 COLLATE=latin1_spanish_ci;
/*!40101 SET character_set_client = @saved_cs_client */;

--
-- Dumping data for table `grupos`
--

LOCK TABLES `grupos` WRITE;
/*!40000 ALTER TABLE `grupos` DISABLE KEYS */;
INSERT INTO `grupos` VALUES (1,'Superusuarios',1,0),(46,'Administradores sevilla',4,2),(48,'Supervisores generales',3,0),(49,'Administrador de usuarios',2,0),(71,'Gysa-Surauto',4,2),(72,'Gadir-Noray',4,2),(73,'Tecsa Plus',4,2),(74,'Gestoría',4,3),(75,'Tysa',4,2),(76,'Inauto',4,2),(77,'Autos Pisa',4,2),(80,'Administracion 1',4,2),(82,'Supervisores administración',3,2),(83,'Supervisores gestoria',3,3);
/*!40000 ALTER TABLE `grupos` ENABLE KEYS */;
UNLOCK TABLES;

--
-- Table structure for table `hist_destinatarios_mensaje`
--

DROP TABLE IF EXISTS `hist_destinatarios_mensaje`;
/*!40101 SET @saved_cs_client     = @@character_set_client */;
/*!40101 SET character_set_client = utf8 */;
CREATE TABLE `hist_destinatarios_mensaje` (
  `id` int(11) NOT NULL AUTO_INCREMENT,
  `mensaje` int(11) NOT NULL,
  `usuario` int(11) NOT NULL,
  `visto` tinyint(1) NOT NULL DEFAULT 0,
  PRIMARY KEY (`id`)
) ENGINE=InnoDB AUTO_INCREMENT=66 DEFAULT CHARSET=latin1 COLLATE=latin1_spanish_ci;
/*!40101 SET character_set_client = @saved_cs_client */;

--
-- Dumping data for table `hist_destinatarios_mensaje`
--

LOCK TABLES `hist_destinatarios_mensaje` WRITE;
/*!40000 ALTER TABLE `hist_destinatarios_mensaje` DISABLE KEYS */;
INSERT INTO `hist_destinatarios_mensaje` VALUES (65,229,42,0);
/*!40000 ALTER TABLE `hist_destinatarios_mensaje` ENABLE KEYS */;
UNLOCK TABLES;

--
-- Table structure for table `hist_eventos`
--

DROP TABLE IF EXISTS `hist_eventos`;
/*!40101 SET @saved_cs_client     = @@character_set_client */;
/*!40101 SET character_set_client = utf8 */;
CREATE TABLE `hist_eventos` (
  `id` int(10) NOT NULL,
  `id_expediente` int(10) NOT NULL,
  `id_clase` int(10) NOT NULL,
  `fecha` datetime NOT NULL,
  `id_usr` int(10) NOT NULL,
  `mensaje` int(11) NOT NULL,
  PRIMARY KEY (`id`)
) ENGINE=InnoDB DEFAULT CHARSET=latin1 COLLATE=latin1_spanish_ci;
/*!40101 SET character_set_client = @saved_cs_client */;

--
-- Dumping data for table `hist_eventos`
--

LOCK TABLES `hist_eventos` WRITE;
/*!40000 ALTER TABLE `hist_eventos` DISABLE KEYS */;
INSERT INTO `hist_eventos` VALUES (769,434,21,'2023-09-07 09:26:52',50,0),(770,434,23,'2023-09-07 09:27:29',50,0),(777,438,21,'2023-09-11 10:11:01',46,0),(778,438,23,'2023-09-11 10:19:23',46,0),(779,439,21,'2023-09-13 08:57:11',65,0),(780,439,23,'2023-09-13 08:59:55',65,0),(786,434,26,'2023-09-14 08:13:57',53,0),(787,438,26,'2023-09-14 08:15:51',53,0),(788,443,21,'2023-09-15 09:38:01',65,0),(789,443,23,'2023-09-15 10:00:21',65,0),(790,444,22,'2023-09-18 11:37:52',48,0),(791,444,27,'2023-09-18 11:38:47',48,0),(792,444,27,'2023-09-18 11:38:49',48,0),(794,446,21,'2023-09-18 11:46:52',48,0),(795,446,23,'2023-09-18 11:47:00',48,0),(796,439,26,'2023-09-19 09:10:36',53,0),(797,446,26,'2023-09-19 09:16:54',53,0),(798,443,26,'2023-09-19 09:24:48',53,0),(806,452,22,'2023-09-19 10:33:32',49,0),(807,452,27,'2023-09-19 10:33:40',49,0),(809,453,22,'2023-09-19 14:43:55',49,0),(810,453,27,'2023-09-19 14:44:02',49,0),(815,456,21,'2023-09-20 07:50:48',50,0),(816,456,23,'2023-09-20 07:50:56',50,0),(819,458,21,'2023-09-20 09:26:41',50,0),(820,458,23,'2023-09-20 09:26:49',50,0),(830,446,31,'2023-09-20 13:29:46',54,0),(831,456,26,'2023-09-20 13:33:01',54,0),(832,458,26,'2023-09-20 13:33:43',54,0),(834,444,30,'2023-09-20 15:17:27',54,0),(838,452,30,'2023-09-20 15:25:12',54,0),(839,453,30,'2023-09-20 15:26:57',54,0),(847,464,21,'2023-09-21 08:56:38',43,0),(848,464,23,'2023-09-21 08:56:55',43,0),(858,468,21,'2023-09-21 10:21:04',43,0),(859,468,23,'2023-09-21 10:21:11',43,0),(860,464,24,'2023-09-21 10:22:19',54,0),(861,464,25,'2023-09-21 10:26:17',43,0),(862,469,21,'2023-09-21 11:18:16',50,0),(863,469,23,'2023-09-21 11:18:25',50,0),(864,434,31,'2023-09-21 11:34:13',53,0),(865,438,31,'2023-09-21 11:37:17',53,0),(866,439,31,'2023-09-21 11:38:18',53,0),(867,443,31,'2023-09-21 11:38:39',53,0),(868,469,26,'2023-09-21 12:48:06',53,0),(869,470,21,'2023-09-21 14:17:35',50,0),(870,470,23,'2023-09-21 14:17:42',50,0),(871,471,21,'2023-09-21 14:27:56',50,0),(872,471,23,'2023-09-21 14:28:21',50,0),(873,468,26,'2023-09-21 14:44:50',54,0),(874,464,26,'2023-09-21 14:47:33',54,0),(877,470,26,'2023-09-21 15:21:06',54,0),(878,471,26,'2023-09-21 15:41:32',54,0),(909,492,22,'2023-09-22 09:11:27',49,0),(910,492,27,'2023-09-22 09:16:50',49,0),(911,492,30,'2023-09-22 09:57:47',54,0),(913,492,32,'2023-09-22 10:11:55',54,0),(965,470,31,'2023-09-25 08:51:53',53,0),(966,471,31,'2023-09-25 08:53:42',53,0),(967,469,31,'2023-09-25 08:56:50',53,0),(968,456,31,'2023-09-25 09:16:42',53,0),(969,458,31,'2023-09-25 09:18:38',53,0),(970,464,31,'2023-09-25 09:20:14',53,0),(971,468,31,'2023-09-25 09:21:28',53,0),(1087,444,32,'2023-09-27 09:00:29',52,0),(1210,452,32,'2023-10-09 08:58:54',52,0),(1211,453,32,'2023-10-09 08:59:58',52,0),(1238,579,22,'2023-10-12 11:40:38',57,0),(1239,579,48,'2023-10-13 09:02:18',57,0),(1240,579,27,'2023-10-13 09:04:06',57,0),(1241,579,30,'2023-10-13 09:05:28',58,0),(1244,579,32,'2023-10-13 09:19:10',61,0),(1245,579,50,'2023-10-13 09:25:02',58,0),(1246,579,50,'2023-10-13 09:30:39',58,0),(1249,579,50,'2023-10-13 10:06:40',58,0),(1250,579,32,'2023-10-13 10:09:06',58,0),(1251,581,22,'2023-10-13 10:32:20',57,0),(1252,581,27,'2023-10-13 10:32:26',57,0),(1253,581,30,'2023-10-13 10:35:36',58,0),(1254,581,32,'2023-10-13 10:37:00',58,0);
/*!40000 ALTER TABLE `hist_eventos` ENABLE KEYS */;
UNLOCK TABLES;

--
-- Table structure for table `hist_expediente_cola`
--

DROP TABLE IF EXISTS `hist_expediente_cola`;
/*!40101 SET @saved_cs_client     = @@character_set_client */;
/*!40101 SET character_set_client = utf8 */;
CREATE TABLE `hist_expediente_cola` (
  `id` int(11) NOT NULL,
  `id_cola` int(11) NOT NULL,
  `id_expediente` int(11) NOT NULL,
  `entrada` datetime NOT NULL DEFAULT current_timestamp(),
  PRIMARY KEY (`id`)
) ENGINE=InnoDB DEFAULT CHARSET=latin1 COLLATE=latin1_spanish_ci;
/*!40101 SET character_set_client = @saved_cs_client */;

--
-- Dumping data for table `hist_expediente_cola`
--

LOCK TABLES `hist_expediente_cola` WRITE;
/*!40000 ALTER TABLE `hist_expediente_cola` DISABLE KEYS */;
INSERT INTO `hist_expediente_cola` VALUES (620,107,434,'2023-09-07 11:26:52'),(621,108,434,'2023-09-07 11:27:29'),(627,110,438,'2023-09-11 12:11:01'),(628,108,438,'2023-09-11 12:19:23'),(629,109,439,'2023-09-13 10:57:11'),(630,108,439,'2023-09-13 10:59:55'),(634,109,443,'2023-09-15 11:38:01'),(635,108,443,'2023-09-15 12:00:21'),(636,111,444,'2023-09-18 13:37:52'),(637,108,444,'2023-09-18 13:38:47'),(639,111,446,'2023-09-18 13:46:52'),(640,108,446,'2023-09-18 13:47:00'),(648,112,452,'2023-09-19 12:33:32'),(649,108,452,'2023-09-19 12:33:40'),(651,112,453,'2023-09-19 16:43:55'),(652,108,453,'2023-09-19 16:44:02'),(657,107,456,'2023-09-20 09:50:48'),(658,108,456,'2023-09-20 09:50:56'),(661,107,458,'2023-09-20 11:26:41'),(662,108,458,'2023-09-20 11:26:49'),(672,108,444,'2023-09-20 17:17:27'),(676,108,452,'2023-09-20 17:25:12'),(677,108,453,'2023-09-20 17:26:57'),(684,109,464,'2023-09-21 10:56:38'),(685,108,464,'2023-09-21 10:56:55'),(692,109,468,'2023-09-21 12:21:04'),(693,108,468,'2023-09-21 12:21:11'),(694,107,469,'2023-09-21 13:18:17'),(695,108,469,'2023-09-21 13:18:25'),(696,107,470,'2023-09-21 16:17:35'),(697,108,470,'2023-09-21 16:17:42'),(698,107,471,'2023-09-21 16:27:56'),(699,108,471,'2023-09-21 16:28:21'),(729,112,492,'2023-09-22 11:11:27'),(730,108,492,'2023-09-22 11:16:50'),(731,113,492,'2023-09-22 11:57:47'),(899,109,579,'2023-10-12 13:40:38'),(900,108,579,'2023-10-13 11:04:06'),(903,109,581,'2023-10-13 12:32:20'),(904,108,581,'2023-10-13 12:32:26');
/*!40000 ALTER TABLE `hist_expediente_cola` ENABLE KEYS */;
UNLOCK TABLES;

--
-- Table structure for table `hist_expedientes`
--

DROP TABLE IF EXISTS `hist_expedientes`;
/*!40101 SET @saved_cs_client     = @@character_set_client */;
/*!40101 SET character_set_client = utf8 */;
CREATE TABLE `hist_expedientes` (
  `id` int(10) NOT NULL,
  `ano` tinyint(4) NOT NULL,
  `id_anual` int(11) NOT NULL,
  `id_anual_form` int(11) NOT NULL,
  `id_formulario` int(10) NOT NULL,
  `tramitando` int(4) NOT NULL DEFAULT 0,
  `almacenamiento` varchar(5000) COLLATE latin1_spanish_ci NOT NULL,
  PRIMARY KEY (`id`)
) ENGINE=InnoDB DEFAULT CHARSET=latin1 COLLATE=latin1_spanish_ci;
/*!40101 SET character_set_client = @saved_cs_client */;

--
-- Dumping data for table `hist_expedientes`
--

LOCK TABLES `hist_expedientes` WRITE;
/*!40000 ALTER TABLE `hist_expedientes` DISABLE KEYS */;
INSERT INTO `hist_expedientes` VALUES (434,23,1,1,17,0,''),(438,23,5,2,17,0,''),(439,23,6,3,17,0,''),(443,23,10,7,17,0,''),(444,23,11,4,18,0,''),(446,23,13,9,17,0,''),(452,23,19,10,18,0,''),(453,23,20,11,18,0,''),(456,23,23,10,17,0,''),(458,23,25,11,17,0,''),(464,23,31,14,17,0,''),(468,23,35,15,17,0,''),(469,23,36,16,17,0,''),(470,23,37,17,17,0,''),(471,23,38,18,17,0,''),(492,23,45,25,18,0,''),(579,23,126,78,18,0,'Documentacion expedientes/VO/Inauto/2023/1111AAA-126_2023'),(581,23,128,79,18,0,'Documentacion expedientes/VO/Gysa/2023/1111AAA-128_2023');
/*!40000 ALTER TABLE `hist_expedientes` ENABLE KEYS */;
UNLOCK TABLES;

--
-- Table structure for table `hist_mensajes`
--

DROP TABLE IF EXISTS `hist_mensajes`;
/*!40101 SET @saved_cs_client     = @@character_set_client */;
/*!40101 SET character_set_client = utf8 */;
CREATE TABLE `hist_mensajes` (
  `id` int(11) NOT NULL,
  `texto` varchar(2000) COLLATE latin1_spanish_ci NOT NULL,
  `expediente` int(11) NOT NULL,
  `autor` int(11) NOT NULL,
  `fecha` datetime NOT NULL DEFAULT current_timestamp(),
  PRIMARY KEY (`id`)
) ENGINE=InnoDB DEFAULT CHARSET=latin1 COLLATE=latin1_spanish_ci;
/*!40101 SET character_set_client = @saved_cs_client */;

--
-- Dumping data for table `hist_mensajes`
--

LOCK TABLES `hist_mensajes` WRITE;
/*!40000 ALTER TABLE `hist_mensajes` DISABLE KEYS */;
INSERT INTO `hist_mensajes` VALUES (222,'Familia numerosa ya presentada @vmarin',439,65,'2023-09-13 08:58:15'),(225,'@alorca qué quieres decir con familia numerosa ya presentada? Si es una matricula con familia numerosa tienes que seleccionar ese tipo de expediente y en comentarios poner que no es necesario hacer el tramite de familia numerosa porque ya está hecho. Llamamé y me explicas.',439,55,'2023-09-14 07:48:12'),(229,'@cmontes nos hemos dado cuenta después de indicarlo.',439,65,'2023-09-14 11:31:10'),(230,'PRUEBAS-CAYENNE 5700MBL PARA TRANSFERIR A AUTOS PISA',444,48,'2023-09-18 11:37:36'),(232,'DA ERROR ALGUNOS DOCUMENTOS AL SUBIRLO',446,54,'2023-09-18 16:19:01'),(233,'HOY NO DABA ERROR',446,54,'2023-09-19 09:04:53'),(234,'SUBIDO EL JUSTIFICANTE EN DOCUMENTO ADICIONAL',452,54,'2023-09-19 10:49:15'),(235,'@vmarin ESTA LIBERADA',456,50,'2023-09-20 07:49:56'),(236,'ok, la procedo',456,53,'2023-09-20 08:30:40'),(237,'SUBIDA LA DOCUMENTACION',456,53,'2023-09-20 08:51:18'),(238,'@vmarin ESTA REDUCCION DE IVA ESTABA PEDIDA PARA OTRO VEHICULO, PERO SE HA CAMBIADO POR ESTE. YA ESTABA CONCEDIDA.',458,50,'2023-09-20 09:25:21'),(239,'@vmarin LA DOCUMENTACION ESTA LIBERADA',458,50,'2023-09-20 09:26:39'),(241,'OK PROCEDO',458,53,'2023-09-20 10:18:38'),(248,'@cherrero CARMEN, EL FORMATO DEL CUADRANTE NO ES VALIDO, TIENE QUE SER PDF PORFI, SI NO SOLO PONES LA BASE IMPONIBLE Y EL PRECIO EN QUE SE FACTURA EN SU CASILLA CORRESPONDIENTE Y NO HACE FALTA EL CUADRANTE',464,53,'2023-09-21 09:25:30'),(250,'@vmarin ESTA LIBERADA',469,50,'2023-09-21 11:17:51'),(251,'@vmarin ESTA LIBERADA\n',470,50,'2023-09-21 14:16:38'),(252,'@vmarin ESTA LIBERADA',471,50,'2023-09-21 14:27:17'),(257,'SUBIDO INFORME',492,54,'2023-09-22 09:57:40');
/*!40000 ALTER TABLE `hist_mensajes` ENABLE KEYS */;
UNLOCK TABLES;

--
-- Table structure for table `hist_valores`
--

DROP TABLE IF EXISTS `hist_valores`;
/*!40101 SET @saved_cs_client     = @@character_set_client */;
/*!40101 SET character_set_client = utf8 */;
CREATE TABLE `hist_valores` (
  `id` int(10) NOT NULL,
  `id_campo` int(10) NOT NULL,
  `id_expediente` int(10) NOT NULL,
  `valor` varchar(1000) COLLATE latin1_spanish_ci NOT NULL,
  PRIMARY KEY (`id`)
) ENGINE=InnoDB DEFAULT CHARSET=latin1 COLLATE=latin1_spanish_ci;
/*!40101 SET character_set_client = @saved_cs_client */;

--
-- Dumping data for table `hist_valores`
--

LOCK TABLES `hist_valores` WRITE;
/*!40000 ALTER TABLE `hist_valores` DISABLE KEYS */;
INSERT INTO `hist_valores` VALUES (7084,41,434,'1/2023'),(7085,42,434,'Matrícula con IVA reducido y exención por discapacidad'),(7086,43,434,'Gadir'),(7087,45,434,'VICTOR MANUEL VIÑAS MUÑOZ'),(7088,188,434,'0'),(7089,46,434,'31867064N'),(7090,223,434,'0'),(7091,189,434,''),(7092,190,434,''),(7093,191,434,''),(7094,192,434,''),(7095,232,434,''),(7096,215,434,'0'),(7097,48,434,'KIA'),(7098,49,434,'SPORTAGE'),(7099,50,434,'31339.42'),(7100,56,434,'0'),(7101,90,434,'{\"nombre\":\"Documento DNI(90).pdf\"}'),(7102,217,434,''),(7103,218,434,''),(7104,91,434,'{\"nombre\":\"Orden de mandato electrónico(91).pdf\"}'),(7105,92,434,''),(7106,93,434,''),(7107,94,434,'{\"nombre\":\"Ficha técnica del vehículo(94).pdf\"}'),(7108,95,434,'{\"nombre\":\"Autorización hacienda(95).pdf\"}'),(7109,96,434,''),(7110,165,434,'{\"nombre\":\"Modelo 04(165).pdf\"}'),(7111,97,434,'{\"nombre\":\"Certificado de discapacidad(97).pdf\"}'),(7112,98,434,'{\"nombre\":\"Factura de venta(98).pdf\"}'),(7113,164,434,'{\"nombre\":\"Declaración jurada firmada por el cliente(164).pdf\"}'),(7114,99,434,'0'),(7115,124,434,''),(7116,100,434,'{\"nombre\":\"Carné de conducir del conductor(100).pdf\"}'),(7117,102,434,'{\"nombre\":\"Certificado de empadronamiento colectivo(102).pdf\"}'),(7118,103,434,''),(7119,104,434,''),(7120,105,434,''),(7121,106,434,''),(7122,107,434,''),(7123,108,434,''),(7124,109,434,''),(7125,110,434,''),(7126,125,434,''),(7127,126,434,''),(7128,127,434,''),(7129,132,434,''),(7130,128,434,'0'),(7131,129,434,''),(7132,130,434,''),(7133,131,434,''),(7134,187,434,'{\"nombre\":\"Orden de mandato(187).pdf\"}'),(7135,193,434,''),(7136,194,434,''),(7137,195,434,''),(7138,196,434,''),(7139,197,434,''),(7140,198,434,''),(7141,199,434,''),(7142,200,434,''),(7143,185,434,''),(7144,44,434,'Jerez'),(7145,47,434,'U5YPV81HDPL070882'),(7146,51,434,'0'),(7147,52,434,''),(7148,53,434,'0'),(7149,54,434,'0'),(7150,55,434,'0'),(7151,166,434,''),(7152,167,434,''),(7153,168,434,''),(7154,169,434,''),(7155,170,434,''),(7156,57,434,'7282MKD'),(7157,123,434,'{\"nombre\":\"Documentación definitiva(123).PDF\"}'),(7158,183,434,'0'),(7159,184,434,''),(7160,186,434,''),(7283,41,438,'5/2023'),(7284,42,438,'Matrícula con exención por industrial'),(7285,43,438,'Inauto'),(7286,45,438,'SISTEMA DE OFICINA DE CADIZ'),(7287,188,438,'1'),(7288,46,438,''),(7289,223,438,'0'),(7290,189,438,'B11091923'),(7291,190,438,'{\"nombre\":\"DNI administrador(190).pdf\"}'),(7292,191,438,'{\"nombre\":\"CIF documento(191).pdf\"}'),(7293,192,438,'{\"nombre\":\"Sustitutivos de poderes(192).pdf\"}'),(7294,232,438,'{\"nombre\":\"IAE(232).pdf\"}'),(7295,215,438,'0'),(7296,48,438,'CITROEN'),(7297,49,438,'JUMPER BLUE HDI 140'),(7298,50,438,'23651.59'),(7299,56,438,'0'),(7300,90,438,'{\"nombre\":\"Documento DNI(90).pdf\"}'),(7301,217,438,''),(7302,218,438,''),(7303,91,438,'{\"nombre\":\"Orden de mandato electrónico(91).pdf\"}'),(7304,92,438,''),(7305,93,438,''),(7306,94,438,''),(7307,95,438,''),(7308,96,438,''),(7309,165,438,''),(7310,97,438,''),(7311,98,438,''),(7312,164,438,''),(7313,99,438,'0'),(7314,124,438,''),(7315,100,438,''),(7316,102,438,''),(7317,103,438,'{\"nombre\":\"Ficha técnica del vehículo(103).pdf\"}'),(7318,104,438,'{\"nombre\":\"Certificado IAE actualizado(104).pdf\"}'),(7319,105,438,''),(7320,106,438,''),(7321,107,438,''),(7322,108,438,''),(7323,109,438,''),(7324,110,438,''),(7325,125,438,''),(7326,126,438,''),(7327,127,438,''),(7328,132,438,''),(7329,128,438,'0'),(7330,129,438,''),(7331,130,438,''),(7332,131,438,''),(7333,187,438,''),(7334,193,438,''),(7335,194,438,''),(7336,195,438,''),(7337,196,438,''),(7338,197,438,''),(7339,198,438,''),(7340,199,438,''),(7341,200,438,''),(7342,185,438,''),(7343,44,438,'Jerez'),(7344,47,438,'VF7YABPFA12X75734'),(7345,173,438,'{\"nombre\":\"Documentación adicional (I_V)(173).pdf\"}'),(7346,51,438,'0'),(7347,52,438,''),(7348,53,438,'0'),(7349,54,438,'0'),(7350,55,438,'0'),(7351,166,438,'{\"nombre\":\"Permiso circulación provisional(166).PDF\"}'),(7352,167,438,'{\"nombre\":\"Ficha técnica provisional(167).PDF\"}'),(7353,168,438,''),(7354,169,438,'{\"nombre\":\"Alta IVTM(169).PDF\"}'),(7355,170,438,'{\"nombre\":\"Pago IVTM(170).PDF\"}'),(7356,57,438,'4907MKG'),(7357,123,438,'{\"nombre\":\"Documentación definitiva(123).PDF\"}'),(7358,183,438,'0'),(7359,184,438,''),(7360,186,438,''),(7361,41,439,'6/2023'),(7362,42,439,'Matrícula simple'),(7363,43,439,'Tysa'),(7364,45,439,'BENJAMIN AGUILAR ANDUJAR'),(7365,188,439,'0'),(7366,46,439,'14623753P'),(7367,223,439,'0'),(7368,189,439,''),(7369,190,439,''),(7370,191,439,''),(7371,192,439,''),(7372,232,439,''),(7373,215,439,'0'),(7374,48,439,'FORD'),(7375,49,439,'KUGA'),(7376,50,439,'28613.41'),(7377,56,439,'695'),(7378,90,439,'{\"nombre\":\"Documento DNI(90).pdf\"}'),(7379,217,439,''),(7380,218,439,''),(7381,91,439,'{\"nombre\":\"Orden de mandato electrónico(91).pdf\"}'),(7382,92,439,'{\"nombre\":\"Ficha Técnica del vehículo(92).pdf\"}'),(7383,93,439,''),(7384,94,439,''),(7385,95,439,''),(7386,96,439,''),(7387,165,439,''),(7388,97,439,''),(7389,98,439,''),(7390,164,439,''),(7391,99,439,'0'),(7392,124,439,''),(7393,100,439,''),(7394,102,439,''),(7395,103,439,''),(7396,104,439,''),(7397,105,439,''),(7398,106,439,''),(7399,107,439,''),(7400,108,439,''),(7401,109,439,''),(7402,110,439,''),(7403,125,439,''),(7404,126,439,''),(7405,127,439,''),(7406,132,439,''),(7407,128,439,'0'),(7408,129,439,''),(7409,130,439,''),(7410,131,439,''),(7411,187,439,''),(7412,193,439,''),(7413,194,439,''),(7414,195,439,''),(7415,196,439,''),(7416,197,439,''),(7417,198,439,''),(7418,199,439,''),(7419,200,439,''),(7420,185,439,''),(7421,44,439,'Sevilla'),(7422,47,439,'WF0FXXWPMHPL15246'),(7423,51,439,'99.77'),(7424,52,439,''),(7425,53,439,'6'),(7426,54,439,'16.63'),(7427,55,439,'30'),(7428,166,439,'{\"nombre\":\"Permiso circulación provisional(166).PDF\"}'),(7429,167,439,'{\"nombre\":\"Ficha técnica provisional(167).PDF\"}'),(7430,168,439,'{\"nombre\":\"Modelo 576(168).PDF\"}'),(7431,169,439,'{\"nombre\":\"Alta IVTM(169).PDF\"}'),(7432,170,439,'{\"nombre\":\"Pago IVTM(170).PDF\"}'),(7433,57,439,'5526MKH'),(7434,123,439,'{\"nombre\":\"Documentación definitiva(123).PDF\"}'),(7435,183,439,'0'),(7436,184,439,''),(7437,186,439,''),(7635,58,434,''),(7636,173,434,''),(7637,174,434,''),(7638,175,434,''),(7639,176,434,''),(7640,177,434,''),(7641,58,438,''),(7642,174,438,''),(7643,175,438,''),(7644,176,438,''),(7645,177,438,''),(7646,41,443,'10/2023'),(7647,42,443,'Matrícula con exención por industrial'),(7648,43,443,'Tysa'),(7649,45,443,'PATRICIA SANCHEZ MOSQUEDA'),(7650,188,443,'0'),(7651,46,443,'48929093C'),(7652,223,443,'0'),(7653,189,443,''),(7654,190,443,''),(7655,191,443,''),(7656,192,443,''),(7657,232,443,''),(7658,215,443,'0'),(7659,48,443,'FORD'),(7660,49,443,'TRANSIT CUSTOM'),(7661,50,443,'30326.94'),(7662,56,443,'695'),(7663,90,443,'{\"nombre\":\"Documento DNI(90).pdf\"}'),(7664,217,443,''),(7665,218,443,''),(7666,91,443,'{\"nombre\":\"Orden de mandato electrónico(91).pdf\"}'),(7667,92,443,''),(7668,93,443,''),(7669,94,443,''),(7670,95,443,''),(7671,96,443,''),(7672,165,443,''),(7673,97,443,''),(7674,98,443,''),(7675,164,443,''),(7676,99,443,'0'),(7677,124,443,''),(7678,100,443,''),(7679,102,443,''),(7680,103,443,'{\"nombre\":\"Ficha técnica del vehículo(103).pdf\"}'),(7681,104,443,'{\"nombre\":\"Certificado IAE actualizado(104).pdf\"}'),(7682,105,443,''),(7683,106,443,''),(7684,107,443,''),(7685,108,443,''),(7686,109,443,''),(7687,110,443,''),(7688,125,443,''),(7689,126,443,''),(7690,127,443,''),(7691,132,443,''),(7692,128,443,'0'),(7693,129,443,''),(7694,130,443,''),(7695,131,443,''),(7696,187,443,''),(7697,193,443,''),(7698,194,443,''),(7699,195,443,''),(7700,196,443,''),(7701,197,443,''),(7702,198,443,''),(7703,199,443,''),(7704,200,443,''),(7705,234,443,'0'),(7706,235,443,''),(7707,185,443,''),(7708,44,443,'Sevilla'),(7709,47,443,'WF01XXTTG1PS38078'),(7710,51,443,'99.77'),(7711,52,443,''),(7712,53,443,'6'),(7713,54,443,'0'),(7714,55,443,'30'),(7715,166,443,'{\"nombre\":\"Permiso circulación provisional(166).PDF\"}'),(7716,167,443,'{\"nombre\":\"Ficha técnica provisional(167).PDF\"}'),(7717,168,443,'{\"nombre\":\"Modelo 576(168).PDF\"}'),(7718,169,443,'{\"nombre\":\"Alta IVTM(169).PDF\"}'),(7719,170,443,''),(7720,57,443,'9920MKH'),(7721,123,443,'{\"nombre\":\"Documentación definitiva(123).PDF\"}'),(7722,183,443,'0'),(7723,184,443,''),(7724,186,443,''),(7725,59,444,'11/2023'),(7726,60,444,'Transferencia'),(7727,61,444,'Autos Pisa'),(7728,201,444,'0'),(7729,64,444,'31050769X'),(7730,222,444,'0'),(7731,202,444,'B41895947'),(7732,203,444,'{\"nombre\":\"DNI Administrador(203).pdf\"}'),(7733,204,444,'{\"nombre\":\"CIF documento(204).pdf\"}'),(7734,205,444,'{\"nombre\":\"Sustitutivos de poderes(205).pdf\"}'),(7735,233,444,''),(7736,207,444,'0'),(7737,219,444,'0'),(7738,75,444,'5700MBL'),(7739,68,444,'92000'),(7740,74,444,'0'),(7741,112,444,'{\"nombre\":\"DNI(112).pdf\"}'),(7742,220,444,''),(7743,221,444,''),(7744,113,444,'{\"nombre\":\"Orden de mandato electrónico(113).pdf\"}'),(7745,210,444,''),(7746,211,444,''),(7747,114,444,'{\"nombre\":\"Ficha técnica(114).pdf\"}'),(7748,115,444,'{\"nombre\":\"Permiso de circulación(115).pdf\"}'),(7749,116,444,''),(7750,117,444,'{\"nombre\":\"Factura de venta(117).pdf\"}'),(7751,206,444,''),(7752,209,444,''),(7753,111,444,''),(7754,62,444,'Sevilla'),(7755,63,444,'DIEGO LAINEZ LEYVA'),(7756,66,444,'PORSCHE'),(7757,67,444,'CAYENNE'),(7758,69,444,'0'),(7759,70,444,''),(7760,71,444,'0'),(7761,72,444,'0'),(7762,73,444,'0'),(7763,212,444,'0'),(7764,213,444,'0'),(7765,214,444,'0'),(7766,171,444,'{\"nombre\":\"Permiso circulación provisional(171).PDF\"}'),(7767,172,444,'{\"nombre\":\"Documentación definitiva(172).pdf\"}'),(7832,41,446,'13/2023'),(7833,42,446,'Matrícula simple'),(7834,43,446,'Autos Pisa'),(7835,45,446,'AUTOS PISA SL'),(7836,188,446,'1'),(7837,46,446,''),(7838,223,446,'0'),(7839,189,446,'B41895947'),(7840,190,446,''),(7841,191,446,''),(7842,192,446,''),(7843,232,446,''),(7844,215,446,'0'),(7845,48,446,'PORSCHE'),(7846,49,446,'TAYCAN'),(7847,50,446,'95891.39'),(7848,56,446,'0'),(7849,90,446,''),(7850,217,446,''),(7851,218,446,''),(7852,91,446,''),(7853,92,446,''),(7854,93,446,''),(7855,94,446,''),(7856,95,446,''),(7857,96,446,''),(7858,165,446,''),(7859,97,446,''),(7860,98,446,''),(7861,164,446,''),(7862,99,446,'0'),(7863,124,446,''),(7864,100,446,''),(7865,102,446,''),(7866,103,446,''),(7867,104,446,''),(7868,105,446,''),(7869,106,446,''),(7870,107,446,''),(7871,108,446,''),(7872,109,446,''),(7873,110,446,''),(7874,125,446,''),(7875,126,446,''),(7876,127,446,''),(7877,132,446,''),(7878,128,446,'0'),(7879,129,446,''),(7880,130,446,''),(7881,131,446,''),(7882,187,446,''),(7883,193,446,''),(7884,194,446,''),(7885,195,446,''),(7886,196,446,''),(7887,197,446,''),(7888,198,446,''),(7889,199,446,''),(7890,200,446,''),(7891,234,446,'0'),(7892,235,446,''),(7893,185,446,''),(7894,44,446,'Sevilla'),(7895,47,446,'WP0ZZZY17RSA62126'),(7896,51,446,'99.77'),(7897,52,446,''),(7898,53,446,'6'),(7899,54,446,'102.09'),(7900,55,446,'30'),(7901,166,446,'{\"nombre\":\"Permiso circulación provisional(166).PDF\"}'),(7902,167,446,'{\"nombre\":\"Ficha técnica provisional(167).PDF\"}'),(7903,168,446,'{\"nombre\":\"Modelo 576(168).PDF\"}'),(7904,169,446,'{\"nombre\":\"Alta IVTM(169).PDF\"}'),(7905,170,446,'{\"nombre\":\"Pago IVTM(170).PDF\"}'),(7906,57,446,'8443MKH'),(7907,123,446,'{\"nombre\":\"Documentación definitiva(123).PDF\"}'),(7908,183,446,'0'),(7909,184,446,''),(7910,186,446,''),(7911,58,446,''),(7912,58,439,''),(7913,173,439,''),(7914,174,439,''),(7915,175,439,''),(7916,176,439,''),(7917,177,439,''),(7918,173,446,''),(7919,174,446,''),(7920,175,446,''),(7921,176,446,''),(7922,177,446,''),(7923,58,443,'55.23'),(7924,173,443,''),(7925,174,443,''),(7926,175,443,''),(7927,176,443,''),(7928,177,443,''),(7929,76,444,''),(8115,59,452,'19/2023'),(8116,60,452,'Otros'),(8117,61,452,'Surauto'),(8118,201,452,'0'),(8119,64,452,'75866814A'),(8120,222,452,'0'),(8121,202,452,''),(8122,203,452,''),(8123,204,452,''),(8124,205,452,''),(8125,233,452,''),(8126,207,452,'0'),(8127,219,452,'0'),(8128,75,452,'3460LZZ'),(8129,68,452,'0'),(8130,74,452,'0'),(8131,112,452,'{\"nombre\":\"DNI(112).pdf\"}'),(8132,220,452,''),(8133,221,452,''),(8134,113,452,''),(8135,210,452,''),(8136,211,452,''),(8137,114,452,'{\"nombre\":\"Ficha técnica(114).PDF\"}'),(8138,115,452,''),(8139,116,452,''),(8140,117,452,''),(8141,206,452,''),(8142,209,452,''),(8143,111,452,'Solicitud justificante provisional'),(8144,62,452,'Jerez'),(8145,63,452,'MARIA DE LAS MERCEDES RUIZ GARCIA'),(8146,66,452,'VOLVO'),(8147,67,452,'S90'),(8148,69,452,'0'),(8149,70,452,''),(8150,71,452,'0'),(8151,72,452,'0'),(8152,73,452,'0'),(8153,212,452,'0'),(8154,213,452,'0'),(8155,214,452,'0'),(8156,171,452,''),(8157,172,452,''),(8168,59,453,'20/2023'),(8169,60,453,'Otros'),(8170,61,453,'Noray'),(8171,201,453,'0'),(8172,64,453,'31868911L'),(8173,222,453,'0'),(8174,202,453,''),(8175,203,453,''),(8176,204,453,''),(8177,205,453,''),(8178,233,453,''),(8179,207,453,'0'),(8180,219,453,'0'),(8181,75,453,'2112MDZ'),(8182,68,453,'0'),(8183,74,453,'0'),(8184,112,453,'{\"nombre\":\"DNI(112).pdf\"}'),(8185,220,453,''),(8186,221,453,''),(8187,113,453,''),(8188,210,453,''),(8189,211,453,''),(8190,114,453,''),(8191,115,453,''),(8192,116,453,''),(8193,117,453,''),(8194,206,453,''),(8195,209,453,''),(8196,111,453,'Solicitud justificante provisional'),(8197,62,453,'Algeciras'),(8198,63,453,'MANUEL RUIZ LOZANO'),(8199,66,453,'KIA '),(8200,67,453,'SPORTAGE'),(8201,69,453,'0'),(8202,70,453,''),(8203,71,453,'0'),(8204,72,453,'0'),(8205,73,453,'0'),(8206,212,453,'0'),(8207,213,453,'0'),(8208,214,453,'0'),(8209,171,453,''),(8210,172,453,''),(8297,41,456,'23/2023'),(8298,42,456,'Matrícula simple'),(8299,43,456,'Gadir'),(8300,45,456,'VICTOINA GUZMAN SANCHEZ'),(8301,188,456,'0'),(8302,46,456,'31667289S'),(8303,223,456,'0'),(8304,189,456,''),(8305,190,456,''),(8306,191,456,''),(8307,192,456,''),(8308,232,456,''),(8309,215,456,'0'),(8310,48,456,'KIA'),(8311,49,456,'SPORTAGE'),(8312,50,456,'25624.72'),(8313,56,456,'0'),(8314,90,456,'{\"nombre\":\"Documento DNI(90).pdf\"}'),(8315,217,456,''),(8316,218,456,''),(8317,91,456,'{\"nombre\":\"Orden de mandato electrónico(91).pdf\"}'),(8318,92,456,'{\"nombre\":\"Ficha Técnica del vehículo(92).pdf\"}'),(8319,93,456,'{\"nombre\":\"Factura de venta(93).pdf\"}'),(8320,94,456,''),(8321,95,456,''),(8322,96,456,''),(8323,165,456,''),(8324,97,456,''),(8325,98,456,''),(8326,164,456,''),(8327,99,456,'0'),(8328,124,456,''),(8329,100,456,''),(8330,102,456,''),(8331,103,456,''),(8332,104,456,''),(8333,105,456,''),(8334,106,456,''),(8335,107,456,''),(8336,108,456,''),(8337,109,456,''),(8338,110,456,''),(8339,125,456,''),(8340,126,456,''),(8341,127,456,''),(8342,132,456,''),(8343,128,456,'0'),(8344,129,456,''),(8345,130,456,''),(8346,131,456,''),(8347,187,456,''),(8348,193,456,''),(8349,194,456,''),(8350,195,456,''),(8351,196,456,''),(8352,197,456,''),(8353,198,456,''),(8354,199,456,''),(8355,200,456,''),(8356,234,456,'0'),(8357,235,456,''),(8358,185,456,''),(8359,44,456,'Jerez'),(8360,47,456,'KNACR81EGR5121047'),(8361,51,456,'99.77'),(8362,52,456,''),(8363,53,456,'6.00'),(8364,54,456,'34.00'),(8365,55,456,'30.00'),(8366,166,456,'{\"nombre\":\"Permiso circulación provisional(166).PDF\"}'),(8367,167,456,'{\"nombre\":\"Ficha técnica provisional(167).PDF\"}'),(8368,168,456,'{\"nombre\":\"Modelo 576(168).PDF\"}'),(8369,169,456,'{\"nombre\":\"Alta IVTM(169).PDF\"}'),(8370,170,456,'{\"nombre\":\"Pago IVTM(170).PDF\"}'),(8371,57,456,'9833MKJ'),(8372,123,456,'{\"nombre\":\"Documentación definitiva(123).PDF\"}'),(8373,183,456,'0'),(8374,184,456,''),(8375,186,456,''),(8419,58,456,''),(8420,41,458,'25/2023'),(8421,42,458,'Matrícula con IVA reducido por discapacidad'),(8422,43,458,'Gadir'),(8423,45,458,'ANA MARIA ROMERO CHACON'),(8424,188,458,'0'),(8425,46,458,'31596793Z'),(8426,223,458,'0'),(8427,189,458,''),(8428,190,458,''),(8429,191,458,''),(8430,192,458,''),(8431,232,458,''),(8432,215,458,'0'),(8433,48,458,'KIA'),(8434,49,458,'NIRO HEV'),(8435,50,458,'26665.01'),(8436,56,458,'0'),(8437,90,458,'{\"nombre\":\"Documento DNI(90).pdf\"}'),(8438,217,458,''),(8439,218,458,''),(8440,91,458,'{\"nombre\":\"Orden de mandato electrónico(91).pdf\"}'),(8441,92,458,''),(8442,93,458,''),(8443,94,458,'{\"nombre\":\"Ficha técnica del vehículo(94).pdf\"}'),(8444,95,458,''),(8445,96,458,''),(8446,165,458,''),(8447,97,458,''),(8448,98,458,'{\"nombre\":\"Factura de venta(98).pdf\"}'),(8449,164,458,''),(8450,99,458,'0'),(8451,124,458,''),(8452,100,458,''),(8453,102,458,''),(8454,103,458,''),(8455,104,458,''),(8456,105,458,''),(8457,106,458,''),(8458,107,458,''),(8459,108,458,''),(8460,109,458,''),(8461,110,458,''),(8462,125,458,''),(8463,126,458,''),(8464,127,458,''),(8465,132,458,''),(8466,128,458,'0'),(8467,129,458,''),(8468,130,458,''),(8469,131,458,''),(8470,187,458,''),(8471,193,458,''),(8472,194,458,''),(8473,195,458,''),(8474,196,458,''),(8475,197,458,''),(8476,198,458,''),(8477,199,458,''),(8478,200,458,''),(8479,234,458,'0'),(8480,235,458,''),(8481,185,458,''),(8482,44,458,'Jerez'),(8483,47,458,'KNACR81EGR5121640'),(8484,51,458,'0'),(8485,52,458,''),(8486,53,458,'0'),(8487,54,458,'0'),(8488,55,458,'0'),(8489,166,458,'{\"nombre\":\"Permiso circulación provisional(166).PDF\"}'),(8490,167,458,'{\"nombre\":\"Ficha técnica provisional(167).PDF\"}'),(8491,168,458,'{\"nombre\":\"Modelo 576(168).PDF\"}'),(8492,169,458,'{\"nombre\":\"Alta IVTM(169).PDF\"}'),(8493,170,458,'{\"nombre\":\"Pago IVTM(170).PDF\"}'),(8494,57,458,'1358MKK'),(8495,123,458,'{\"nombre\":\"Documentación definitiva(123).PDF\"}'),(8496,183,458,'0'),(8497,184,458,''),(8498,186,458,''),(8664,58,458,''),(8718,51,446,'99.77'),(8719,52,446,''),(8720,53,446,'6'),(8721,54,446,'102.09'),(8722,55,446,'30'),(8723,57,446,'8443MKH'),(8724,58,446,''),(8725,183,446,'0'),(8726,173,456,''),(8727,174,456,''),(8728,175,456,''),(8729,176,456,''),(8730,177,456,''),(8731,173,458,''),(8732,174,458,''),(8733,175,458,''),(8734,176,458,''),(8735,177,458,''),(8742,178,444,''),(8743,179,444,''),(8744,180,444,''),(8745,181,444,''),(8746,182,444,''),(8765,76,452,''),(8766,178,452,'{\"nombre\":\"Documentación adicional (I_V)(178).PDF\"}'),(8767,179,452,''),(8768,180,452,''),(8769,181,452,''),(8770,182,452,''),(8771,76,453,''),(8772,178,453,'{\"nombre\":\"Documentación adicional (I_V)(178).PDF\"}'),(8773,179,453,''),(8774,180,453,''),(8775,181,453,''),(8776,182,453,''),(8873,41,464,'31/2023'),(8874,42,464,'Matrícula simple'),(8875,43,464,'Tysa'),(8876,45,464,'ALFONSO PABLO MARTIN'),(8877,188,464,'0'),(8878,46,464,'28500291W'),(8879,223,464,'0'),(8880,189,464,''),(8881,190,464,''),(8882,191,464,''),(8883,192,464,''),(8884,232,464,''),(8885,215,464,'0'),(8886,48,464,'FORD'),(8887,49,464,'PUMA TITANIUM'),(8888,50,464,'16973.35'),(8889,56,464,'695'),(8890,90,464,'{\"nombre\":\"Documento DNI(90).pdf\"}'),(8891,217,464,''),(8892,218,464,''),(8893,91,464,'{\"nombre\":\"Orden de mandato electrónico(91).pdf\"}'),(8894,92,464,'{\"nombre\":\"Ficha Técnica del vehículo(92).pdf\"}'),(8895,93,464,'{\"nombre\":\"Factura de venta(93).xls\"}'),(8896,94,464,''),(8897,95,464,''),(8898,96,464,''),(8899,165,464,''),(8900,97,464,''),(8901,98,464,''),(8902,164,464,''),(8903,99,464,'0'),(8904,124,464,''),(8905,100,464,''),(8906,102,464,''),(8907,103,464,''),(8908,104,464,''),(8909,105,464,''),(8910,106,464,''),(8911,107,464,''),(8912,108,464,''),(8913,109,464,''),(8914,110,464,''),(8915,125,464,''),(8916,126,464,''),(8917,127,464,''),(8918,132,464,''),(8919,128,464,'0'),(8920,129,464,''),(8921,130,464,''),(8922,131,464,''),(8923,187,464,''),(8924,193,464,''),(8925,194,464,''),(8926,195,464,''),(8927,196,464,''),(8928,197,464,''),(8929,198,464,''),(8930,199,464,''),(8931,200,464,''),(8932,234,464,'0'),(8933,235,464,''),(8934,185,464,''),(8935,44,464,'Sevilla'),(8936,47,464,'WF02XXERK2PY55571'),(8937,51,464,'0'),(8938,52,464,''),(8939,53,464,'0'),(8940,54,464,'0'),(8941,55,464,'0'),(8942,166,464,'{\"nombre\":\"Permiso circulación provisional(166).PDF\"}'),(8943,167,464,'{\"nombre\":\"Ficha técnica provisional(167).PDF\"}'),(8944,168,464,'{\"nombre\":\"Modelo 576(168).PDF\"}'),(8945,169,464,'{\"nombre\":\"Alta IVTM(169).PDF\"}'),(8946,170,464,'{\"nombre\":\"Pago IVTM(170).PDF\"}'),(8947,57,464,'9158MKK'),(8948,123,464,'{\"nombre\":\"Documentación definitiva(123).PDF\"}'),(8949,183,464,'0'),(8950,184,464,''),(8951,186,464,''),(9088,41,468,'35/2023'),(9089,42,468,'Matrícula simple'),(9090,43,468,'Tysa'),(9091,45,468,'MARIA LUISA GALDEANO GARCIA'),(9092,188,468,'0'),(9093,46,468,'52264569j'),(9094,223,468,'0'),(9095,189,468,''),(9096,190,468,''),(9097,191,468,''),(9098,192,468,''),(9099,232,468,''),(9100,215,468,'0'),(9101,48,468,'FORD'),(9102,49,468,'ECOSPORT  TITANIUM'),(9103,50,468,'20132.24'),(9104,56,468,'695'),(9105,90,468,'{\"nombre\":\"Documento DNI(90).pdf\"}'),(9106,217,468,''),(9107,218,468,''),(9108,91,468,'{\"nombre\":\"Orden de mandato electrónico(91).pdf\"}'),(9109,92,468,'{\"nombre\":\"Ficha Técnica del vehículo(92).pdf\"}'),(9110,93,468,''),(9111,94,468,''),(9112,95,468,''),(9113,96,468,''),(9114,165,468,''),(9115,97,468,''),(9116,98,468,''),(9117,164,468,''),(9118,99,468,'0'),(9119,124,468,''),(9120,100,468,''),(9121,102,468,''),(9122,103,468,''),(9123,104,468,''),(9124,105,468,''),(9125,106,468,''),(9126,107,468,''),(9127,108,468,''),(9128,109,468,''),(9129,110,468,''),(9130,125,468,''),(9131,126,468,''),(9132,127,468,''),(9133,132,468,''),(9134,128,468,'0'),(9135,129,468,''),(9136,130,468,''),(9137,131,468,''),(9138,187,468,''),(9139,193,468,''),(9140,194,468,''),(9141,195,468,''),(9142,196,468,''),(9143,197,468,''),(9144,198,468,''),(9145,199,468,''),(9146,200,468,''),(9147,234,468,'0'),(9148,235,468,''),(9149,185,468,''),(9150,44,468,'Sevilla'),(9151,47,468,'WF01XXERK1NA28073'),(9152,51,468,'0'),(9153,52,468,''),(9154,53,468,'0'),(9155,54,468,'0'),(9156,55,468,'0'),(9157,166,468,'{\"nombre\":\"Permiso circulación provisional(166).PDF\"}'),(9158,167,468,'{\"nombre\":\"Ficha técnica provisional(167).PDF\"}'),(9159,168,468,'{\"nombre\":\"Modelo 576(168).PDF\"}'),(9160,169,468,'{\"nombre\":\"Alta IVTM(169).PDF\"}'),(9161,170,468,'{\"nombre\":\"Pago IVTM(170).PDF\"}'),(9162,57,468,'9134MKK'),(9163,123,468,'{\"nombre\":\"Documentación definitiva(123).PDF\"}'),(9164,183,468,'0'),(9165,184,468,''),(9166,186,468,''),(9167,58,464,''),(9168,173,464,''),(9169,174,464,''),(9170,175,464,''),(9171,176,464,''),(9172,177,464,''),(9173,41,469,'36/2023'),(9174,42,469,'Matrícula simple'),(9175,43,469,'Gadir'),(9176,45,469,'MARIA SEVERA DIAZ SANTOS'),(9177,188,469,'0'),(9178,46,469,'76012986X'),(9179,223,469,'0'),(9180,189,469,''),(9181,190,469,''),(9182,191,469,''),(9183,192,469,''),(9184,232,469,''),(9185,215,469,'0'),(9186,48,469,'KIA'),(9187,49,469,'XCEED'),(9188,50,469,'18844.30'),(9189,56,469,'0'),(9190,90,469,'{\"nombre\":\"Documento DNI(90).pdf\"}'),(9191,217,469,''),(9192,218,469,''),(9193,91,469,'{\"nombre\":\"Orden de mandato electrónico(91).pdf\"}'),(9194,92,469,'{\"nombre\":\"Ficha Técnica del vehículo(92).pdf\"}'),(9195,93,469,'{\"nombre\":\"Factura de venta(93).pdf\"}'),(9196,94,469,''),(9197,95,469,''),(9198,96,469,''),(9199,165,469,''),(9200,97,469,''),(9201,98,469,''),(9202,164,469,''),(9203,99,469,'0'),(9204,124,469,''),(9205,100,469,''),(9206,102,469,''),(9207,103,469,''),(9208,104,469,''),(9209,105,469,''),(9210,106,469,''),(9211,107,469,''),(9212,108,469,''),(9213,109,469,''),(9214,110,469,''),(9215,125,469,''),(9216,126,469,''),(9217,127,469,''),(9218,132,469,''),(9219,128,469,'0'),(9220,129,469,''),(9221,130,469,''),(9222,131,469,''),(9223,187,469,''),(9224,193,469,''),(9225,194,469,''),(9226,195,469,''),(9227,196,469,''),(9228,197,469,''),(9229,198,469,''),(9230,199,469,''),(9231,200,469,''),(9232,234,469,'0'),(9233,235,469,''),(9234,185,469,''),(9235,44,469,'Jerez'),(9236,47,469,'U5YH4F12ARL163527'),(9237,51,469,'99.77'),(9238,52,469,'719631427414'),(9239,53,469,'6.00'),(9240,54,469,'12.62'),(9241,55,469,'30.00'),(9242,166,469,'{\"nombre\":\"Permiso circulación provisional(166).PDF\"}'),(9243,167,469,'{\"nombre\":\"Ficha técnica provisional(167).PDF\"}'),(9244,168,469,'{\"nombre\":\"Modelo 576(168).PDF\"}'),(9245,169,469,'{\"nombre\":\"Alta IVTM(169).PDF\"}'),(9246,170,469,'{\"nombre\":\"Pago IVTM(170).PDF\"}'),(9247,57,469,'8437MKK'),(9248,123,469,'{\"nombre\":\"Documentación definitiva(123).PDF\"}'),(9249,183,469,'0'),(9250,184,469,''),(9251,186,469,''),(9252,58,469,''),(9253,173,469,''),(9254,174,469,''),(9255,175,469,''),(9256,176,469,''),(9257,177,469,''),(9258,41,470,'37/2023'),(9259,42,470,'Matrícula simple'),(9260,43,470,'Gadir'),(9261,45,470,'ANTONIO VEGA OLIVA'),(9262,188,470,'0'),(9263,46,470,'31580413X'),(9264,223,470,'0'),(9265,189,470,''),(9266,190,470,''),(9267,191,470,''),(9268,192,470,''),(9269,232,470,''),(9270,215,470,'0'),(9271,48,470,'KIA '),(9272,49,470,'SPORTAGE'),(9273,50,470,'30230.79'),(9274,56,470,'0'),(9275,90,470,'{\"nombre\":\"Documento DNI(90).pdf\"}'),(9276,217,470,''),(9277,218,470,''),(9278,91,470,'{\"nombre\":\"Orden de mandato electrónico(91).pdf\"}'),(9279,92,470,'{\"nombre\":\"Ficha Técnica del vehículo(92).pdf\"}'),(9280,93,470,'{\"nombre\":\"Factura de venta(93).pdf\"}'),(9281,94,470,''),(9282,95,470,''),(9283,96,470,''),(9284,165,470,''),(9285,97,470,''),(9286,98,470,''),(9287,164,470,''),(9288,99,470,'0'),(9289,124,470,''),(9290,100,470,''),(9291,102,470,''),(9292,103,470,''),(9293,104,470,''),(9294,105,470,''),(9295,106,470,''),(9296,107,470,''),(9297,108,470,''),(9298,109,470,''),(9299,110,470,''),(9300,125,470,''),(9301,126,470,''),(9302,127,470,''),(9303,132,470,''),(9304,128,470,'0'),(9305,129,470,''),(9306,130,470,''),(9307,131,470,''),(9308,187,470,''),(9309,193,470,''),(9310,194,470,''),(9311,195,470,''),(9312,196,470,''),(9313,197,470,''),(9314,198,470,''),(9315,199,470,''),(9316,200,470,''),(9317,234,470,'0'),(9318,235,470,''),(9319,185,470,''),(9320,44,470,'Jerez'),(9321,47,470,'U5YPV81BGPL187021'),(9322,51,470,'0'),(9323,52,470,''),(9324,53,470,'0'),(9325,54,470,'0'),(9326,55,470,'0'),(9327,166,470,'{\"nombre\":\"Permiso circulación provisional(166).PDF\"}'),(9328,167,470,'{\"nombre\":\"Ficha técnica provisional(167).PDF\"}'),(9329,168,470,'{\"nombre\":\"Modelo 576(168).PDF\"}'),(9330,169,470,'{\"nombre\":\"Alta IVTM(169).PDF\"}'),(9331,170,470,'{\"nombre\":\"Pago IVTM(170).PDF\"}'),(9332,57,470,'9309MKK'),(9333,123,470,'{\"nombre\":\"Documentación definitiva(123).PDF\"}'),(9334,183,470,'0'),(9335,184,470,''),(9336,186,470,''),(9337,41,471,'38/2023'),(9338,42,471,'Matrícula simple'),(9339,43,471,'Gadir'),(9340,45,471,'ALFONSO MARTIN GENOVA'),(9341,188,471,'0'),(9342,46,471,'08970523V'),(9343,223,471,'0'),(9344,189,471,''),(9345,190,471,''),(9346,191,471,''),(9347,192,471,''),(9348,232,471,''),(9349,215,471,'0'),(9350,48,471,'KIA'),(9351,49,471,'STONIC'),(9352,50,471,'17626.06'),(9353,56,471,'0'),(9354,90,471,'{\"nombre\":\"Documento DNI(90).pdf\"}'),(9355,217,471,''),(9356,218,471,''),(9357,91,471,'{\"nombre\":\"Orden de mandato electrónico(91).pdf\"}'),(9358,92,471,'{\"nombre\":\"Ficha Técnica del vehículo(92).pdf\"}'),(9359,93,471,'{\"nombre\":\"Factura de venta(93).pdf\"}'),(9360,94,471,''),(9361,95,471,''),(9362,96,471,''),(9363,165,471,''),(9364,97,471,''),(9365,98,471,''),(9366,164,471,''),(9367,99,471,'0'),(9368,124,471,''),(9369,100,471,''),(9370,102,471,''),(9371,103,471,''),(9372,104,471,''),(9373,105,471,''),(9374,106,471,''),(9375,107,471,''),(9376,108,471,''),(9377,109,471,''),(9378,110,471,''),(9379,125,471,''),(9380,126,471,''),(9381,127,471,''),(9382,132,471,''),(9383,128,471,'0'),(9384,129,471,''),(9385,130,471,''),(9386,131,471,''),(9387,187,471,''),(9388,193,471,''),(9389,194,471,''),(9390,195,471,''),(9391,196,471,''),(9392,197,471,''),(9393,198,471,''),(9394,199,471,''),(9395,200,471,''),(9396,234,471,'0'),(9397,235,471,''),(9398,185,471,''),(9399,44,471,'Jerez'),(9400,47,471,'KNAD6817ART906033'),(9401,51,471,'99.77'),(9402,52,471,''),(9403,53,471,'6.00'),(9404,54,471,'10.21'),(9405,55,471,'30.00'),(9406,166,471,'{\"nombre\":\"Permiso circulación provisional(166).PDF\"}'),(9407,167,471,'{\"nombre\":\"Ficha técnica provisional(167).PDF\"}'),(9408,168,471,'{\"nombre\":\"Modelo 576(168).PDF\"}'),(9409,169,471,'{\"nombre\":\"Alta IVTM(169).PDF\"}'),(9410,170,471,'{\"nombre\":\"Pago IVTM(170).PDF\"}'),(9411,57,471,'9480MKK'),(9412,123,471,'{\"nombre\":\"Documentación definitiva(123).PDF\"}'),(9413,183,471,'0'),(9414,184,471,''),(9415,186,471,''),(9416,58,468,''),(9417,173,468,''),(9418,174,468,''),(9419,175,468,''),(9420,176,468,''),(9421,177,468,''),(9465,58,470,''),(9466,173,470,''),(9467,174,470,''),(9468,175,470,''),(9469,176,470,''),(9470,177,470,''),(9471,58,471,''),(9472,173,471,''),(9473,174,471,''),(9474,175,471,''),(9475,176,471,''),(9476,177,471,''),(10375,59,492,'45/2023'),(10376,60,492,'Otros'),(10377,111,492,'Solicitud informe tráfico'),(10378,61,492,'Gadir'),(10379,201,492,'0'),(10380,64,492,'A41582883'),(10381,222,492,'0'),(10382,202,492,''),(10383,203,492,''),(10384,204,492,''),(10385,205,492,''),(10386,233,492,''),(10387,207,492,'0'),(10388,219,492,'0'),(10389,75,492,'6457MHG'),(10390,68,492,'0'),(10391,74,492,'0'),(10392,112,492,''),(10393,220,492,''),(10394,221,492,''),(10395,113,492,''),(10396,210,492,''),(10397,211,492,''),(10398,114,492,''),(10399,115,492,''),(10400,116,492,''),(10401,117,492,''),(10402,206,492,''),(10403,209,492,''),(10404,62,492,'Jerez'),(10405,63,492,'GADIR'),(10406,66,492,'KIA'),(10407,67,492,'RIO'),(10408,69,492,'0'),(10409,70,492,''),(10410,71,492,'0'),(10411,72,492,'0'),(10412,73,492,'0'),(10413,212,492,'0'),(10414,213,492,'0'),(10415,214,492,'0'),(10416,171,492,''),(10417,172,492,'{\"nombre\":\"Documentación definitiva(172).PDF\"}'),(10418,76,492,''),(10419,178,492,'{\"nombre\":\"Documentación adicional (I_V)(178).PDF\"}'),(10420,179,492,''),(10421,180,492,''),(10422,181,492,''),(10423,182,492,''),(11328,238,470,''),(11329,238,471,''),(11330,238,469,''),(11331,238,456,''),(11332,238,458,''),(11333,238,464,''),(11334,238,468,''),(13187,237,444,''),(13188,239,444,''),(15045,237,452,''),(15046,239,452,''),(15047,237,453,''),(15048,239,453,''),(15848,59,579,'126/2023'),(15849,60,579,'Notificación de venta'),(15850,111,579,''),(15851,61,579,'Inauto'),(15852,243,579,'0'),(15853,244,579,''),(15854,201,579,'0'),(15855,240,579,'0'),(15856,64,579,'2858411w'),(15857,222,579,'0'),(15858,202,579,''),(15859,203,579,''),(15860,204,579,''),(15861,205,579,''),(15862,233,579,''),(15863,207,579,'0'),(15864,219,579,'0'),(15865,75,579,'1111AAA'),(15866,68,579,'0'),(15867,74,579,'0'),(15868,112,579,''),(15869,220,579,''),(15870,221,579,''),(15871,113,579,''),(15872,210,579,''),(15873,211,579,''),(15874,114,579,''),(15875,115,579,''),(15876,116,579,''),(15877,117,579,''),(15878,206,579,''),(15879,209,579,''),(15880,62,579,'Jerez'),(15881,63,579,'Javier Caro'),(15882,66,579,'ford'),(15883,67,579,'modelo'),(15886,237,579,''),(15887,239,579,''),(15888,178,579,''),(15889,179,579,''),(15890,180,579,''),(15891,181,579,''),(15892,182,579,''),(15893,69,579,'0'),(15894,70,579,''),(15895,71,579,'0'),(15896,72,579,'0'),(15897,73,579,'0'),(15898,212,579,'0'),(15899,213,579,'0'),(15900,214,579,'0'),(15901,171,579,''),(15902,172,579,'{\"nombre\":\"Documentación definitiva(172).jpg\"}'),(15903,76,579,''),(16002,59,581,'128/2023'),(16003,60,581,'Transferencia'),(16004,111,581,''),(16005,61,581,'Gysa'),(16006,243,581,'0'),(16007,244,581,''),(16008,201,581,'0'),(16009,240,581,'0'),(16010,64,581,'28584112'),(16011,222,581,'0'),(16012,202,581,''),(16013,203,581,''),(16014,204,581,''),(16015,205,581,''),(16016,233,581,''),(16017,207,581,'0'),(16018,219,581,'0'),(16019,75,581,'1111AAA'),(16020,68,581,'0'),(16021,74,581,'0'),(16022,112,581,''),(16023,220,581,''),(16024,221,581,''),(16025,113,581,''),(16026,210,581,''),(16027,211,581,''),(16028,114,581,''),(16029,115,581,''),(16030,116,581,''),(16031,117,581,''),(16032,206,581,''),(16033,209,581,''),(16034,62,581,'Jerez'),(16035,63,581,'Javier Caro'),(16036,66,581,'ford'),(16037,67,581,'modelo T'),(16038,69,581,'0'),(16039,70,581,''),(16040,71,581,'0'),(16041,72,581,'01'),(16042,73,581,'0'),(16043,212,581,'0'),(16044,213,581,'0'),(16045,214,581,'0'),(16046,171,581,''),(16047,172,581,'{\"nombre\":\"Documentación definitiva(172).txt\"}'),(16048,76,581,''),(16049,237,581,''),(16050,239,581,''),(16051,178,581,''),(16052,179,581,''),(16053,180,581,''),(16054,181,581,''),(16055,182,581,'');
/*!40000 ALTER TABLE `hist_valores` ENABLE KEYS */;
UNLOCK TABLES;

--
-- Table structure for table `mensajes`
--

DROP TABLE IF EXISTS `mensajes`;
/*!40101 SET @saved_cs_client     = @@character_set_client */;
/*!40101 SET character_set_client = utf8 */;
CREATE TABLE `mensajes` (
  `id` int(11) NOT NULL AUTO_INCREMENT,
  `texto` varchar(2000) COLLATE latin1_spanish_ci NOT NULL,
  `expediente` int(11) NOT NULL,
  `autor` int(11) NOT NULL,
  `fecha` datetime NOT NULL DEFAULT current_timestamp(),
  PRIMARY KEY (`id`)
) ENGINE=InnoDB AUTO_INCREMENT=378 DEFAULT CHARSET=latin1 COLLATE=latin1_spanish_ci;
/*!40101 SET character_set_client = @saved_cs_client */;

--
-- Dumping data for table `mensajes`
--

LOCK TABLES `mensajes` WRITE;
/*!40000 ALTER TABLE `mensajes` DISABLE KEYS */;
INSERT INTO `mensajes` VALUES (201,'@jcaroa está mal el VIN, te falta un dígito',356,58,'2023-06-14 17:04:30'),(202,'@Sí, @jcarog, ya está corregido',356,57,'2023-06-14 17:05:28'),(203,'PRUEBA. ESTE VEHICULO YA ESTA MATRICULADO',-3719995,47,'2023-06-15 06:28:18'),(205,'Se adjunta dni y cif pero solo se puede adjunta un solo documento.',359,43,'2023-06-15 08:10:17'),(216,'hay un problema',390,58,'2023-06-21 20:19:57'),(217,'mal',393,58,'2023-06-22 17:48:41'),(218,'@jcaroa, hemos visto un fallo en el expediente',393,58,'2023-06-22 17:52:07'),(219,'subsanado',393,57,'2023-06-22 17:52:59'),(221,'TRANSFERIR TYSA',436,45,'2023-09-11 09:27:51'),(223,'F TECNICA SIN LIBERAR @vmarin',442,65,'2023-09-13 09:13:07'),(224,'@vmarin YA LIBERADA',442,65,'2023-09-13 10:03:22'),(226,'@mpineda puedes ya adjuntar la documentación al expediente. Está enviado a la gestoría pero en la pestaña de documentación no viene ningún documento adjunto',437,55,'2023-09-14 07:52:25'),(227,'No podemos abrir los documentos ',435,54,'2023-09-14 08:21:36'),(228,'Estamos cancelando carta de pago en el Registro',437,54,'2023-09-14 08:25:46'),(231,'PRUEBAS-MATRICULAR COMO DEMO TAYCAN WP0ZZZY17RSA62126',445,48,'2023-09-18 11:46:41'),(240,'@vmarin FICHA TECNICA LIBERADA',459,50,'2023-09-20 09:40:31'),(242,'MATRICULA CORRECTA ES 5907MBK',462,54,'2023-09-20 11:08:14'),(243,'@jcaballero EL IVTM LO TIENE QUE MANDAR EL AYTO , ASI QUE ESTOY A LA ESPERA PARA PODER MATRICULAR',459,53,'2023-09-20 12:01:01'),(244,'LA GESTION ES JUSTIFICANTE PROFESIONAL',455,54,'2023-09-20 15:31:50'),(245,'@vmarin. ES VIUDA Y FAMILIA NUMEROSA',463,49,'2023-09-20 15:35:26'),(246,'SUBIDO PERMISO PROVISIONAL',455,54,'2023-09-21 07:12:26'),(247,'MATRICULADO',459,53,'2023-09-21 07:26:48'),(249,'NO HAY NINGUN DOCUMENTO SUBIDO',467,54,'2023-09-21 09:49:34'),(253,'@aprieto SUBIDO CIF Y DOCUMENTACION.',467,49,'2023-09-21 15:54:05'),(254,'SUBIDO INFORME',487,54,'2023-09-22 07:59:24'),(255,'SI EL VENDEDOR ES AUTONOMO Y HACE FACTURA NECESITAMOS IAE. FALTA PARTE DELANTERA FICHA TECNICA Y FACTURA AL CLIENTE FINAL',488,54,'2023-09-22 08:38:06'),(256,'@aprieto ARACELI, LA FICHA TE LA HE ENVIADO POR MAIL, YA QUE NO PERMITE DESCARGAS DOS ARCHIVOS DENTRO DE UN MISMO CUADRO (TENGO COPIA DE FICHA EN DOS ARCHIVOS -PARTE DELANTERA Y TRASERA). EL CLIENTE QUE VENDE NO ES AUTONOMO Y LA FACTURA A HIPAUTO ESTA COLGADA EN LA PLATAFORMA EN FACTURA DE VENTA.',488,49,'2023-09-22 09:04:01'),(258,'FALTA CIF Y DOCUMENTO REPRESENTACION JURIDICA DE LA EMPRESA COMPRADORA',491,54,'2023-09-22 10:06:39'),(259,'@aprieto ESTAN EN LA CARPETA GENERAL. AL MARCAR QUE ES UNA SOCIEDAD LOS HE ADJUNTADO AHI.',491,49,'2023-09-22 10:17:11'),(260,'A MI NO APARECE LA CARPETA GENERAL. ESTOY REVISANDO TODOS LOS DOCUMENTOS Y NO ESTA',491,54,'2023-09-22 10:22:25'),(261,'@cherrero PON EL IMPORTE DE LA FACTURACION DE LA MATRICULACION POR FAVOR AL NO SUBOR EL CUADRE',489,53,'2023-09-22 10:55:06'),(262,'@cherrero PON EL IMPORTE DE LA MATRICULACION POR FAVOR AL NO SUBIR EL CUADRE\nGRACIAS',489,53,'2023-09-22 10:55:56'),(263,'NOTIFICACION A INAUTO\n',496,47,'2023-09-22 10:56:06'),(264,'LA FACTURA DE VENTA A HIPAUTO NO ES LA QUE ESTA COLGADA',488,54,'2023-09-22 11:02:14'),(265,'@cherrero FALTA EL IMPORTE DE LA MATRICULACION \nGRACIAS\n',490,53,'2023-09-22 11:10:40'),(266,'EN TODAS LAS PESTAÑAS HAS SUBIDO LOS MISMOS DOCUMENTOS',494,54,'2023-09-22 11:19:17'),(267,'@cherrero intenta subir el nrc en la pestaña de documentacion adicional a ver si se puede descargar por fi',490,53,'2023-09-22 11:20:07'),(268,'EN CADA RECUADRO HAY QUE SUBIR EL DOCUMENTO ESPECIFICO',496,54,'2023-09-22 11:22:32'),(269,'PARA MATRICULAR COMO DEMO MACAN Q21621-AUTOS PISA SL',497,48,'2023-09-22 12:02:25'),(270,'PARA TRANSFERIR CARRERA 992 3407KYY-KAYZEN',495,48,'2023-09-22 13:40:02'),(271,'ocasiongestoria@grupo-tecsa.com',495,48,'2023-09-22 13:43:13'),(272,'@vmarin LIBERADA',500,50,'2023-09-22 13:53:53'),(273,'Falta carné de conducir del familiar y certificado de empadronamiento colectivo.',499,54,'2023-09-22 13:59:50'),(274,'PENDIENTE RESERVA DOMINIO',488,54,'2023-09-25 07:12:38'),(275,'PTE LIBERAR',506,46,'2023-09-25 08:50:15'),(276,'@msampalo FALTA LA AUTORIZACION DEL AYUNTAMIENTO DE CONIL. A LA ESPERA QUE LA SUBAS EN DOCUMENTACION ADICIONAL. GRACIAS',506,53,'2023-09-25 09:58:47'),(277,'@msampalo FALTA AUTORIZACION HACIENDA PARA PODER PRESENTAR LA REDUCION EN AEAT',507,53,'2023-09-25 10:22:23'),(278,'NOTIFICACION A NOMBRE DE INAUTO Y TRANSFERENCI A COMPRAVENTA JUAN LUIS PALOMINO SOLER\n',519,47,'2023-09-26 08:32:01'),(279,'NOTIFICACION A INAUTO Y TRANSFERENCIA A JUAN LUIS PALOMINO SOLER',520,47,'2023-09-26 08:42:49'),(280,'NOTIFICACION A INAUTO + TRANSFERENCIA A JUAN LUIS PALOMINO SOLER',521,47,'2023-09-26 09:01:01'),(281,'NOTIFICACION A INAUTO + TRANSFERENCIA A NICU MUSTAFA COMPRAVENTA',-8294474,47,'2023-09-26 09:39:20'),(282,'NOTIFICACION A INAUTO + TRANSFERENCIA A NICU MUSTAFA COMPRAVENTA',-8294474,47,'2023-09-26 09:39:20'),(283,'ya están todos subidos donde corresponde\n',494,47,'2023-09-26 10:09:15'),(284,'este es para eliminarlo',496,47,'2023-09-26 10:10:50'),(285,'FALTA FACTURA DE VENTA',519,54,'2023-09-26 10:14:50'),(286,'FALTA FACTURA ',520,54,'2023-09-26 10:22:31'),(287,'YA ESTA LIBERADA\n',503,46,'2023-09-26 10:37:33'),(288,'PODEIS MATRICULAR',503,46,'2023-09-26 10:37:47'),(289,'CAMBIO DE DOMICILIO',-2161869,46,'2023-09-26 10:46:59'),(290,'PENDIENTE RESERVA DOMINIO',494,54,'2023-09-26 11:43:33'),(291,'PENDIENTE RESERVA DOMINIO',494,54,'2023-09-26 11:43:52'),(292,'PENDIENTE DNI, ORDEN DE MANDATO E IAE DEL COMPRADOR',519,54,'2023-09-26 11:45:02'),(293,'COMPRAVENTA NUEVO NO TENEMOS NADA',519,54,'2023-09-26 11:45:23'),(294,'NUEVO COMPRAVENTA NO TENEMOS NADA',520,54,'2023-09-26 11:45:54'),(295,'NO ESPECIFICA LA GESTION ',524,54,'2023-09-26 11:49:17'),(296,'kkk',520,52,'2023-09-26 12:04:00'),(297,'FALTA FACTURA Y DOCUMENTACION COMPRAVENTA',521,54,'2023-09-26 12:16:44'),(298,'FALTA CONTRATO COMPRAVENTA Y FACTURA',522,54,'2023-09-26 12:27:27'),(299,'@aprieto TRANSFERENCIA 3 DIAS',526,49,'2023-09-26 14:42:35'),(300,'@aprieto TRANSFERENCIA 3 DIAS',527,49,'2023-09-26 15:00:13'),(301,'NOTIFICACION A FYRSA PARA QUE ELLOS TRANSFIERAN AL CLIENTE',529,47,'2023-09-26 15:08:58'),(302,'HE ADJUNTADO LA FACTURA DE VENTA EN EL CONTRATO DE VENTA',529,47,'2023-09-26 15:36:39'),(303,'@aprieto ES COMPAÑERA. URGE.',528,49,'2023-09-26 15:37:03'),(304,'@vmarin ESTA LIBERADA',531,49,'2023-09-26 15:49:52'),(305,'@vmarin EL MANDATO ES MANUAL. NO HA PERMITIDO LA FIRMA EN MANDATO ELECTRONICO.',531,49,'2023-09-26 15:51:28'),(306,'NOTIFICACION A FYRSA PARA ELLOS TRASFERIR AL CLIENTE',532,47,'2023-09-26 15:59:31'),(307,'DNI DE LA COMPRADORA NO PUEDO DESCARGAR VUELVE A SUBIRLO',525,54,'2023-09-27 06:32:32'),(308,'@vmarin PENDIENTE DE LIBERACION DE FICHA Y PAGO NRC.',534,49,'2023-09-27 06:47:22'),(309,'@vmarin PENDIENTE DE LIBERACION DE FICHA Y NRC',536,49,'2023-09-27 07:02:03'),(310,'@agil NO HAY NINGUN DOCUMENTO PDF COLGADO ',534,53,'2023-09-27 07:05:55'),(311,'PENDIENTE RESERVA DOMINIO ',528,54,'2023-09-27 07:25:56'),(312,'PENDIENTE RESERVA DOMINIO',530,54,'2023-09-27 07:27:01'),(313,'CAMBIO DE DOMICILIO',524,47,'2023-09-27 08:02:02'),(314,'NO ES NOTIFICACION SE VA HACER SIMULTANEA',529,54,'2023-09-27 08:09:27'),(315,'VA SER SIMULTANEA',532,54,'2023-09-27 08:10:02'),(316,'SE PRESENTA CAMBIO DOMICILIO EN TRAFICO',524,54,'2023-09-27 08:45:46'),(317,'FALTA FACTURA DE INAUTO A FYRSA',532,54,'2023-09-27 09:25:15'),(318,'LA NOTIFICACION ESTA SUBIDA EN DOCUMENTACION ADICIONAL',529,54,'2023-09-27 10:56:57'),(319,'QUITAR INCIDENCIA.YA ESTÁ MATRICULADO.',497,48,'2023-09-27 11:29:01'),(320,'ocasiongestoria@grupo-tecsa.com',497,48,'2023-09-27 11:29:58'),(321,'PARA MATRICULAR CAYENNE VN Q19650-RAFEL JIMNEZ ROSALES\n',542,48,'2023-09-27 11:59:30'),(322,'nuevosgestoria@grupo-tecsa.com',542,48,'2023-09-27 12:00:12'),(323,'NECESITO CARGAR EL MANDATO RELLENO PERO NO PUEDO ELIMINAR EL QUE ESTÁ ADJUNTO\n',542,48,'2023-09-27 12:12:06'),(324,'nuevosgestoria@grupo-tecsa.com',542,48,'2023-09-27 12:12:16'),(325,'FALTA CARNE DE CONDUCIR Y MODELO DEL VEHICULO',507,54,'2023-09-27 13:13:23'),(326,'subida toda la documentacion del compraventa',519,47,'2023-09-27 14:42:00'),(327,'corregido',521,47,'2023-09-27 14:42:57'),(328,'el contrato de compraventa subido y la factura al compraventa listo\n',522,47,'2023-09-27 14:48:26'),(329,'TRANSFERENCIA A INAUTO',544,47,'2023-09-27 15:56:34'),(330,'LA NOTIFICACION VENTA ESTA SUBIDO EN DOCUMENTACION ADICIONAL',519,54,'2023-09-28 07:15:21'),(331,'FALTA CONTRATO COMPRAVENTA CON LOS DATOS DE LOS DOS VENDEDORES Y FIRMADOS POR LOS DOS. FALTA ORDEN DE MANDATO DE ALBERTO GUERRERO Y UNO DE LOS VENDEDORES.',521,54,'2023-09-28 07:57:40'),(332,'LA NOTIFICACION VENTA ESTA SUBIDA EN DOCUMENTACION ADICIONAL',520,54,'2023-09-28 09:35:21'),(333,'PENDIENTE RESERVA DOMINIO',544,54,'2023-09-28 11:00:24'),(334,'JUSTIFICANTE SUBIDO',548,54,'2023-09-29 12:49:06'),(335,'NO SE PUEDE NI GUARDAR NI DAR POR FINALIZADO',548,54,'2023-09-29 12:50:01'),(336,'El vehículo figura en Tráfico a nombre de NOVELL IBERICA DE CAFES SL y la documentación que nos adjunta es de NOVELL COFFEE INVESTIMENTS SL que es otro número de CIF diferente. Enviar docuementación de la sociedad correcta.',546,54,'2023-09-29 14:38:29'),(337,'TRANSFERENCIA A MARIA VICTORIA REINOSO CUENA',553,47,'2023-09-29 14:58:37'),(338,'NOTIFICACION + TRANSFERENCIA A FERNANDO HERRERA CALA',-3316329,47,'2023-09-29 15:19:56'),(339,'ME FALTA LA FICHA TECNICA DEL 8251JKZ Y ME ADJUNTAS UN EXPEDIENTE COMPRIMIDO QUE ES OTRA MATRICULA',552,54,'2023-09-29 16:37:17'),(340,'DNI ES FOTO NO VALE',553,54,'2023-09-29 16:44:30'),(341,'ocasiongestoria@grupo-tecsa.com',556,48,'2023-10-02 12:42:27'),(342,'PARA TRANSFERIR MACAN 5628LTS-MIGUEL A SALOM MORENO',556,48,'2023-10-02 12:43:02'),(343,'ocasiongestoria@grupo-tecsa.com',557,48,'2023-10-02 13:27:04'),(344,'PARA TRANSFERIR A AUTOS PISA 718 CAYMAN-4157LXF',557,48,'2023-10-02 13:27:34'),(345,'lklk',558,58,'2023-10-02 16:35:58'),(346,'tercera',558,58,'2023-10-02 16:37:24'),(347,'primera\n',559,58,'2023-10-02 18:00:30'),(348,'segunda',559,58,'2023-10-02 18:01:33'),(349,'tercera',559,58,'2023-10-02 18:02:42'),(350,'OJO ESTA EN BAJA TEMPORAL ',-3070435,64,'2023-10-03 08:31:54'),(351,'EL COCHE ESTA EN BAJA TEMPORAL',560,64,'2023-10-03 08:34:03'),(352,'ESTE COCHE, YA NO LO NOTIFICASTEIS A FYRSA YA QUE VENÍA DE NORAY',560,64,'2023-10-03 08:41:25'),(353,'os adjunte en documentación adicional el cif y el sustitutivo de poderes, os lo comente cuando subi que como lo haciamos, lo vemos cuando podais',546,45,'2023-10-03 09:55:09'),(354,'FALTA PASAPORTE O CARNÉ CODUCIR PARA FOTO Y FIRMA DEL VENDEDOR',557,54,'2023-10-03 10:59:55'),(355,'LIBERADA',561,50,'2023-10-04 10:26:31'),(356,'LIBERADA',562,50,'2023-10-04 10:31:04'),(357,'ESTE COCHE ES ES UNA AUTOMATRICULA DE INAUTO, LO HEMOS VENDIDO NOSOTROS EN TECSA.\nEL PERMISO DE CIRCULACIÓN DEFINITIVO, LO TENDREIS SEGURAMENTE USTEDES.',567,64,'2023-10-05 16:00:06'),(358,'Y LA NOTIFICACION DE VENTA DONDE ESTA?',549,45,'2023-10-06 11:08:47'),(359,'FALTA EL RESTO DE DOCUMENTACION SOLO HAS SUBIDO EL PERMISO DE CIRCULACION',566,54,'2023-10-06 11:38:18'),(360,'FALTA FACTURA DE INAUTO A  USTEDES',567,54,'2023-10-06 11:44:51'),(361,'Los he vuelto a subir, no se que ha pasado, ya que los subí y cargaron en su momento\n',566,64,'2023-10-06 14:43:42'),(362,'he adjuntado la factura de inauto en la casilla  de certificado de empadronamiento.',567,64,'2023-10-06 14:48:03'),(363,'LA NOTIFICACION VENTA ESTA SUBIDO EN DOCUMENTACION ADICIONAL',567,54,'2023-10-09 09:42:57'),(364,'ESTE COCHE ES TAMBIEN UNA AUTOMATRICULA DE INAUTO.\nEL PERMISO DE CIRCULACION LO TENDREIS SEGURAMENTE USTEDES.',570,64,'2023-10-10 15:11:12'),(365,'ESTE COCHE ES UNA AUTOMATRICULA DE INAUTO.\nEL PERMISO DE CIRCULACIÓN QUIZÁ LO TENGAIS USTEDES',569,64,'2023-10-10 15:12:38'),(366,'LIBERADA',571,50,'2023-10-11 07:03:15'),(367,'LIBERADA',572,50,'2023-10-11 07:06:40'),(368,'LIBERADA',573,50,'2023-10-11 07:08:39'),(369,'LIBERADA',575,50,'2023-10-11 07:11:19'),(370,'@jcaballero ADJUNTO PRESENTACION AEAT',568,52,'2023-10-11 16:23:56'),(371,'@jcaballero ADJUNTO PRESENTACION AEAT',576,52,'2023-10-11 16:44:07'),(372,'@jcaballero ADJUNTO PRESSENTACION AEAT',577,52,'2023-10-11 16:51:40'),(373,'Lleva certificado de empadronamiento. ',578,64,'2023-10-11 17:32:57'),(374,'El mandato esta firmado manual, el cliente no sabe firmar el electrónico',578,64,'2023-10-11 17:34:33'),(375,'matriculada',571,52,'2023-10-13 07:22:09'),(376,'FALTA FACTURA DE INAUTO A FYRSA',569,54,'2023-10-13 07:59:03'),(377,'FALTA FACTURA DE INAUTO A FYRSA',570,54,'2023-10-13 08:15:24');
/*!40000 ALTER TABLE `mensajes` ENABLE KEYS */;
UNLOCK TABLES;

--
-- Table structure for table `oficios`
--

DROP TABLE IF EXISTS `oficios`;
/*!40101 SET @saved_cs_client     = @@character_set_client */;
/*!40101 SET character_set_client = utf8 */;
CREATE TABLE `oficios` (
  `id_oficio` int(10) NOT NULL AUTO_INCREMENT,
  `desc_oficio` varchar(50) COLLATE latin1_spanish_ci NOT NULL,
  PRIMARY KEY (`id_oficio`)
) ENGINE=InnoDB AUTO_INCREMENT=26 DEFAULT CHARSET=latin1 COLLATE=latin1_spanish_ci;
/*!40101 SET character_set_client = @saved_cs_client */;

--
-- Dumping data for table `oficios`
--

LOCK TABLES `oficios` WRITE;
/*!40000 ALTER TABLE `oficios` DISABLE KEYS */;
INSERT INTO `oficios` VALUES (2,'Administracion'),(3,'Gestoria');
/*!40000 ALTER TABLE `oficios` ENABLE KEYS */;
UNLOCK TABLES;

--
-- Table structure for table `parametros`
--

DROP TABLE IF EXISTS `parametros`;
/*!40101 SET @saved_cs_client     = @@character_set_client */;
/*!40101 SET character_set_client = utf8 */;
CREATE TABLE `parametros` (
  `clave` varchar(100) COLLATE latin1_spanish_ci NOT NULL,
  `valor` varchar(10000) COLLATE latin1_spanish_ci NOT NULL,
  PRIMARY KEY (`clave`)
) ENGINE=InnoDB DEFAULT CHARSET=latin1 COLLATE=latin1_spanish_ci;
/*!40101 SET character_set_client = @saved_cs_client */;

--
-- Dumping data for table `parametros`
--

LOCK TABLES `parametros` WRITE;
/*!40000 ALTER TABLE `parametros` DISABLE KEYS */;
INSERT INTO `parametros` VALUES ('configAlmacenamiento','{\"sistema\":\"SP\",\"libreria\":\"https:\\/\\/grupotecsa.sharepoint.com\\/sites\\/ExpedientesVentas\",\"dirBase\":\"Documentacion expedientes\",\"dir1\":null,\"dir2\":null,\"dir3\":null,\"dir4\":null,\"dirTemp\":\"Documentacion expedientes\\/temp\",\"tenantID\":\"e2c686b5-7cc0-4517-a548-535b90be96b3\",\"clientID\":\"0afa42cc-87f0-4cf8-9052-ac52692679c1\",\"resource\":\"00000003-0000-0ff1-ce00-000000000000\\/grupotecsa.sharepoint.com@e2c686b5-7cc0-4517-a548-535b90be96b3\",\"clientSecret\":\"KcfgRqc89TIKZvuHLu8oHMFS00UfrI602SJ+Bce3yTc=\"}');
/*!40000 ALTER TABLE `parametros` ENABLE KEYS */;
UNLOCK TABLES;

--
-- Table structure for table `perfiles`
--

DROP TABLE IF EXISTS `perfiles`;
/*!40101 SET @saved_cs_client     = @@character_set_client */;
/*!40101 SET character_set_client = utf8 */;
CREATE TABLE `perfiles` (
  `id_prf` int(11) NOT NULL AUTO_INCREMENT,
  `desc_prf` varchar(30) COLLATE latin1_spanish_ci NOT NULL,
  PRIMARY KEY (`id_prf`)
) ENGINE=InnoDB AUTO_INCREMENT=7 DEFAULT CHARSET=latin1 COLLATE=latin1_spanish_ci;
/*!40101 SET character_set_client = @saved_cs_client */;

--
-- Dumping data for table `perfiles`
--

LOCK TABLES `perfiles` WRITE;
/*!40000 ALTER TABLE `perfiles` DISABLE KEYS */;
INSERT INTO `perfiles` VALUES (1,'Superusuario'),(2,'Administrador de usuarios'),(3,'Supervisor'),(4,'Operador');
/*!40000 ALTER TABLE `perfiles` ENABLE KEYS */;
UNLOCK TABLES;

--
-- Table structure for table `perfilespermisos`
--

DROP TABLE IF EXISTS `perfilespermisos`;
/*!40101 SET @saved_cs_client     = @@character_set_client */;
/*!40101 SET character_set_client = utf8 */;
CREATE TABLE `perfilespermisos` (
  `id` int(10) NOT NULL AUTO_INCREMENT,
  `id_prf` int(11) NOT NULL,
  `id_per` int(11) NOT NULL,
  PRIMARY KEY (`id`)
) ENGINE=InnoDB AUTO_INCREMENT=7 DEFAULT CHARSET=latin1 COLLATE=latin1_spanish_ci;
/*!40101 SET character_set_client = @saved_cs_client */;

--
-- Dumping data for table `perfilespermisos`
--

LOCK TABLES `perfilespermisos` WRITE;
/*!40000 ALTER TABLE `perfilespermisos` DISABLE KEYS */;
INSERT INTO `perfilespermisos` VALUES (1,1,1),(2,4,4),(3,3,5),(6,2,2);
/*!40000 ALTER TABLE `perfilespermisos` ENABLE KEYS */;
UNLOCK TABLES;

--
-- Table structure for table `permisos`
--

DROP TABLE IF EXISTS `permisos`;
/*!40101 SET @saved_cs_client     = @@character_set_client */;
/*!40101 SET character_set_client = utf8 */;
CREATE TABLE `permisos` (
  `id_per` int(11) NOT NULL,
  `desc_per` varchar(60) COLLATE latin1_spanish_ci NOT NULL,
  PRIMARY KEY (`id_per`)
) ENGINE=InnoDB DEFAULT CHARSET=latin1 COLLATE=latin1_spanish_ci;
/*!40101 SET character_set_client = @saved_cs_client */;

--
-- Dumping data for table `permisos`
--

LOCK TABLES `permisos` WRITE;
/*!40000 ALTER TABLE `permisos` DISABLE KEYS */;
INSERT INTO `permisos` VALUES (1,'Configuración del portal'),(2,'gestionar usuarios'),(3,'configuración de formularios y general'),(4,'operador'),(5,'Supervisor de operadores');
/*!40000 ALTER TABLE `permisos` ENABLE KEYS */;
UNLOCK TABLES;

--
-- Table structure for table `secciones`
--

DROP TABLE IF EXISTS `secciones`;
/*!40101 SET @saved_cs_client     = @@character_set_client */;
/*!40101 SET character_set_client = utf8 */;
CREATE TABLE `secciones` (
  `id` int(10) NOT NULL AUTO_INCREMENT,
  `id_formulario` int(10) NOT NULL,
  `nombre` varchar(100) COLLATE latin1_spanish_ci NOT NULL,
  `orden` int(2) NOT NULL DEFAULT 0,
  `borrado` datetime NOT NULL,
  PRIMARY KEY (`id`)
) ENGINE=InnoDB AUTO_INCREMENT=37 DEFAULT CHARSET=latin1 COLLATE=latin1_spanish_ci;
/*!40101 SET character_set_client = @saved_cs_client */;

--
-- Dumping data for table `secciones`
--

LOCK TABLES `secciones` WRITE;
/*!40000 ALTER TABLE `secciones` DISABLE KEYS */;
INSERT INTO `secciones` VALUES (18,17,'General',0,'0000-00-00 00:00:00'),(19,17,'Documentos',2,'0000-00-00 00:00:00'),(20,17,'Gastos expediente',1,'0000-00-00 00:00:00'),(21,17,'Matrícula',3,'0000-00-00 00:00:00'),(23,18,'General',0,'0000-00-00 00:00:00'),(24,18,'Documentos',2,'0000-00-00 00:00:00'),(25,18,'Gastos expediente',1,'0000-00-00 00:00:00'),(26,18,'Permiso',3,'0000-00-00 00:00:00'),(27,19,'General',0,'0000-00-00 00:00:00'),(28,19,'Documentos',2,'0000-00-00 00:00:00'),(29,19,'Gastos expediente',1,'0000-00-00 00:00:00'),(30,19,'Matrícula',3,'0000-00-00 00:00:00'),(34,17,'Documentación adicional',4,'0000-00-00 00:00:00'),(35,18,'Documentación adicional',4,'0000-00-00 00:00:00'),(36,20,'General',0,'0000-00-00 00:00:00');
/*!40000 ALTER TABLE `secciones` ENABLE KEYS */;
UNLOCK TABLES;

--
-- Table structure for table `sessions`
--

DROP TABLE IF EXISTS `sessions`;
/*!40101 SET @saved_cs_client     = @@character_set_client */;
/*!40101 SET character_set_client = utf8 */;
CREATE TABLE `sessions` (
  `session_id` varchar(40) COLLATE latin1_spanish_ci NOT NULL DEFAULT '0',
  `ip_address` varchar(16) COLLATE latin1_spanish_ci NOT NULL DEFAULT '0',
  `user_agent` varchar(50) COLLATE latin1_spanish_ci NOT NULL,
  `last_activity` int(10) unsigned NOT NULL DEFAULT 0,
  `user_data` text COLLATE latin1_spanish_ci NOT NULL,
  PRIMARY KEY (`session_id`)
) ENGINE=InnoDB DEFAULT CHARSET=latin1 COLLATE=latin1_spanish_ci;
/*!40101 SET character_set_client = @saved_cs_client */;

--
-- Dumping data for table `sessions`
--

LOCK TABLES `sessions` WRITE;
/*!40000 ALTER TABLE `sessions` DISABLE KEYS */;
/*!40000 ALTER TABLE `sessions` ENABLE KEYS */;
UNLOCK TABLES;

--
-- Table structure for table `usuarios`
--

DROP TABLE IF EXISTS `usuarios`;
/*!40101 SET @saved_cs_client     = @@character_set_client */;
/*!40101 SET character_set_client = utf8 */;
CREATE TABLE `usuarios` (
  `id_usr` int(10) unsigned NOT NULL AUTO_INCREMENT,
  `nombre_usr` varchar(100) COLLATE latin1_spanish_ci NOT NULL,
  `login_usr` varchar(30) COLLATE latin1_spanish_ci NOT NULL,
  `pwd_usr` varchar(100) COLLATE latin1_spanish_ci NOT NULL,
  `correo` varchar(50) COLLATE latin1_spanish_ci DEFAULT NULL,
  `token` text COLLATE latin1_spanish_ci NOT NULL,
  PRIMARY KEY (`id_usr`),
  KEY `iLogin` (`login_usr`)
) ENGINE=InnoDB AUTO_INCREMENT=67 DEFAULT CHARSET=latin1 COLLATE=latin1_spanish_ci;
/*!40101 SET character_set_client = @saved_cs_client */;

--
-- Dumping data for table `usuarios`
--

LOCK TABLES `usuarios` WRITE;
/*!40000 ALTER TABLE `usuarios` DISABLE KEYS */;
INSERT INTO `usuarios` VALUES (1,'Superusuario Vestigia','nico','81dc9bdb52d04dc20036dbd8313ed055','nsanchez@vestigia.io','635,1683531300'),(2,'Comercial prueba','com1','28c8edde3d61a0411511d3b1866f0636','comercial1@gmail.com',''),(8,'usuarios de prueba','prueba','0545abd0dc44d4531a53331e44febd02','prueba@gmail.com',''),(10,'administrador','adm1','c4ca4238a0b923820dcc509a6f75849b','',''),(22,'Vestigia','vst','c4ca4238a0b923820dcc509a6f75849b','javier@puksee.com','589,1682791422'),(23,'Supervisora de prueba','sup1','c4ca4238a0b923820dcc509a6f75849b',NULL,''),(24,'adminsupervisor','superadmin','c4ca4238a0b923820dcc509a6f75849b','superadmin@vestigia.io',''),(32,'userpruebas','userpruebas','c4ca4238a0b923820dcc509a6f75849b','u@s.es',''),(33,'Carlos Ríos','Carlos','81dc9bdb52d04dc20036dbd8313ed055','cjrios@vestigia.io',''),(41,'Mercedes Morales','mmorales','827ccb0eea8a706c4c34a16891f84e7b','mercedes.morales@grupo-tecsa.com',''),(42,'Carolina Montes','cmontes','827ccb0eea8a706c4c34a16891f84e7b','carolina.mvorcy@grupo-tecsa.com',''),(43,'Carmen Herrero Cardona','cherrero','e4017fc196bfb479f173f387595d79e5','carmen.herrero@tysa.es',''),(44,'Veronica Corio Ramos','vcorio','1d3973a85a6011b7e7032f29e5cbff24','veronica.corio@tysa.es',''),(45,'Maria del Carmen Pineda','mpineda','a7e017e4dbb72612697715b49723b4b8','carmen.pineda@tysa.es','45,1695800425'),(46,'María José Sampalo Santana','msampalo','827ccb0eea8a706c4c34a16891f84e7b','mariajose.sampalo@inauto.es',''),(47,'Gloria Alcazar Aragon','galcazar','14a12b8c8ea6cce09919482a57919a2a','gloria.alcazar@inauto.es','207,1695378500'),(48,'Carmen Vela','cvela','4bb900d1a81856b8af656c3da114311a','carmen.vela@porschesevilla.com',''),(49,'Agustín Gil Muñoz','agil','827ccb0eea8a706c4c34a16891f84e7b','agustin.gil@gysajlr.es',''),(50,'José Carlos Caballero Pérez','jcaballero','b95765299f66b042f8db771ffa7cf78e','josecarlos.caballero@gadirautomocion.es',''),(51,'Ricardo Martín Romero','rmartin','827ccb0eea8a706c4c34a16891f84e7b','ricardo.martin@grupo-tecsa.com',''),(52,'Maria Elena Carmona Marcos','mcarmona','f44d906d5d62392d0fc0421cf1dcd5fb','elena.carmona@grupo-tecsa.com',''),(53,'Virginia Marin Rosado','vmarin','2c898b5c25a6f2ab4120d8163f8cff99','virginia.marin@grupo-tecsa.com',''),(54,'Araceli Prieto Oliva','aprieto','7bb076fc8ce21834b5de78a54756e152','araceli.prieto@grupo-tecsa.com',''),(55,'Carolina Montes Vorcy','cmontes2','827ccb0eea8a706c4c34a16891f84e7b','carolina.mvorcy@grupo-tecsa.com',''),(57,'Javier Caro Administrador','jcaroa','827ccb0eea8a706c4c34a16891f84e7b','jcaro@vestigia.io','351,1686553089'),(58,'Javier Caro Gestor','jcarog','827ccb0eea8a706c4c34a16891f84e7b','jcaro@vestigia.io',''),(59,'María Lucena','mlucena','7a2f3983d591872d5819e61ff4ad44a8','maria.lucena@porschesevilla.com',''),(60,'Javier Caro Sup','jcarosa','827ccb0eea8a706c4c34a16891f84e7b','12345',''),(61,'Javier Caro Sup G','jcarosg','827ccb0eea8a706c4c34a16891f84e7b','',''),(62,'Carmen Gil Yute','cgil','827ccb0eea8a706c4c34a16891f84e7b','carmen.gil@gadirautomocion.es',''),(63,'Yolanda Barranco Perez','ybarranco','827ccb0eea8a706c4c34a16891f84e7b','yolanda.barranco@gadirautomocion.es',''),(64,'Jose Carlos Moreno Muñoz','jcmoreno','827ccb0eea8a706c4c34a16891f84e7b','josecarlos.moreno@tecsaplusocasion.com',''),(65,'Antonio Lorca','alorca','827ccb0eea8a706c4c34a16891f84e7b','antonio.lorca@tysa.es','106,1694537498'),(66,'Jose Javier Sanchez','jjsanchez','827ccb0eea8a706c4c34a16891f84e7b','josejavier.sanchez@tysa.es','');
/*!40000 ALTER TABLE `usuarios` ENABLE KEYS */;
UNLOCK TABLES;

--
-- Table structure for table `usuarios_grupos`
--

DROP TABLE IF EXISTS `usuarios_grupos`;
/*!40101 SET @saved_cs_client     = @@character_set_client */;
/*!40101 SET character_set_client = utf8 */;
CREATE TABLE `usuarios_grupos` (
  `id` int(10) NOT NULL AUTO_INCREMENT,
  `id_usr` int(10) NOT NULL,
  `id_grupo` int(11) NOT NULL,
  PRIMARY KEY (`id`)
) ENGINE=InnoDB AUTO_INCREMENT=87 DEFAULT CHARSET=latin1 COLLATE=latin1_spanish_ci;
/*!40101 SET character_set_client = @saved_cs_client */;

--
-- Dumping data for table `usuarios_grupos`
--

LOCK TABLES `usuarios_grupos` WRITE;
/*!40000 ALTER TABLE `usuarios_grupos` DISABLE KEYS */;
INSERT INTO `usuarios_grupos` VALUES (1,1,1),(2,2,45),(3,8,1),(7,22,1),(8,23,48),(15,24,48),(17,24,49),(18,8,64),(19,1,64),(34,22,64),(40,8,65),(41,10,65),(42,32,65),(43,32,49),(45,8,2),(46,33,67),(54,41,48),(55,42,48),(56,41,49),(57,42,49),(59,43,75),(60,44,75),(61,45,75),(62,46,76),(63,47,76),(64,48,77),(65,49,71),(66,50,72),(67,51,73),(68,52,74),(69,53,74),(70,54,74),(71,55,74),(74,58,74),(76,59,77),(78,60,82),(79,61,83),(80,62,72),(81,63,72),(82,10,46),(83,64,73),(84,65,75),(85,66,75),(86,57,75);
/*!40000 ALTER TABLE `usuarios_grupos` ENABLE KEYS */;
UNLOCK TABLES;

--
-- Table structure for table `valores`
--

DROP TABLE IF EXISTS `valores`;
/*!40101 SET @saved_cs_client     = @@character_set_client */;
/*!40101 SET character_set_client = utf8 */;
CREATE TABLE `valores` (
  `id` int(10) NOT NULL AUTO_INCREMENT,
  `id_campo` int(10) NOT NULL,
  `id_expediente` int(10) NOT NULL,
  `valor` varchar(1000) COLLATE latin1_spanish_ci NOT NULL,
  PRIMARY KEY (`id`)
) ENGINE=InnoDB AUTO_INCREMENT=16265 DEFAULT CHARSET=latin1 COLLATE=latin1_spanish_ci;
/*!40101 SET character_set_client = @saved_cs_client */;

--
-- Dumping data for table `valores`
--

LOCK TABLES `valores` WRITE;
/*!40000 ALTER TABLE `valores` DISABLE KEYS */;
INSERT INTO `valores` VALUES (7161,59,435,'2/2023'),(7162,60,435,'Transferencia'),(7163,61,435,'Noray'),(7164,201,435,'0'),(7165,64,435,'31671649M'),(7166,222,435,'0'),(7167,202,435,''),(7168,203,435,''),(7169,204,435,''),(7170,205,435,''),(7171,233,435,''),(7172,207,435,'0'),(7173,219,435,'0'),(7174,75,435,'747MHY'),(7175,74,435,'150'),(7176,112,435,'{\"nombre\":\"DNI(112).pdf\"}'),(7177,220,435,''),(7178,221,435,''),(7179,113,435,'{\"nombre\":\"Orden de mandato electrónico(113).pdf\"}'),(7180,210,435,''),(7181,211,435,''),(7182,114,435,'{\"nombre\":\"Ficha técnica(114).pdf\"}'),(7183,115,435,'{\"nombre\":\"Permiso de circulación(115).pdf\"}'),(7184,116,435,''),(7185,117,435,'{\"nombre\":\"Factura de venta(117).pdf\"}'),(7186,206,435,''),(7187,209,435,''),(7188,111,435,''),(7189,62,435,'Algeciras'),(7190,63,435,'MARIA DE LAS MERCEDES GOMEZ JIMENEZ'),(7191,65,435,'KNADC51BAP6834967'),(7192,66,435,'KIA'),(7193,67,435,'RIO'),(7194,68,435,'14752.07'),(7195,69,435,'0'),(7196,70,435,''),(7197,71,435,'0'),(7198,72,435,'0'),(7199,73,435,'0'),(7200,212,435,'0'),(7201,213,435,'0'),(7202,214,435,'0'),(7203,171,435,''),(7204,172,435,''),(7205,59,436,'3/2023'),(7206,60,436,'Transferencia'),(7207,61,436,'Tysa'),(7208,201,436,'0'),(7209,64,436,'34072300P'),(7210,222,436,'0'),(7211,202,436,'A41121336'),(7212,203,436,''),(7213,204,436,''),(7214,205,436,''),(7215,233,436,''),(7216,207,436,'0'),(7217,219,436,'0'),(7218,75,436,'7027KZG'),(7219,74,436,'0'),(7220,112,436,'{\"nombre\":\"DNI(112).pdf\"}'),(7221,220,436,''),(7222,221,436,''),(7223,113,436,'{\"nombre\":\"Orden de mandato electrónico(113).pdf\"}'),(7224,210,436,'{\"nombre\":\"DNI comprador(210).pdf\"}'),(7225,211,436,''),(7226,114,436,'{\"nombre\":\"Ficha técnica(114).pdf\"}'),(7227,115,436,'{\"nombre\":\"Permiso de circulación(115).pdf\"}'),(7228,116,436,'{\"nombre\":\"Informe de tráfico(116).pdf\"}'),(7229,117,436,''),(7230,206,436,''),(7231,209,436,''),(7232,111,436,''),(7233,62,436,'Sevilla'),(7234,63,436,'MARIA DOLORES RUDA CASADO'),(7235,65,436,'WF01XXERK1KY54099'),(7236,66,436,'FORD'),(7237,67,436,'ECOSPORT'),(7238,68,436,'0'),(7239,59,437,'4/2023'),(7240,60,437,'Transferencia'),(7241,61,437,'Tysa'),(7242,201,437,'0'),(7243,64,437,'34072300P'),(7244,222,437,'0'),(7245,202,437,'A41121336'),(7246,203,437,''),(7247,204,437,''),(7248,205,437,''),(7249,233,437,''),(7250,207,437,'0'),(7251,219,437,'0'),(7252,75,437,'7027KZG'),(7253,74,437,'0'),(7254,112,437,'{\"nombre\":\"DNI(112).pdf\"}'),(7255,220,437,''),(7256,221,437,''),(7257,113,437,'{\"nombre\":\"Orden de mandato electrónico(113).pdf\"}'),(7258,210,437,''),(7259,211,437,''),(7260,114,437,'{\"nombre\":\"Ficha técnica(114).pdf\"}'),(7261,115,437,'{\"nombre\":\"Permiso de circulación(115).pdf\"}'),(7262,116,437,''),(7263,117,437,''),(7264,206,437,''),(7265,209,437,''),(7266,111,437,''),(7267,62,437,'Sevilla'),(7268,63,437,'MARIA DOLORES RUDA CASADO'),(7269,65,437,'WF01XXERK1KY54099'),(7270,66,437,'FORD'),(7271,67,437,'ECOSPORT'),(7272,68,437,'0'),(7273,69,437,'0'),(7274,70,437,''),(7275,71,437,'0'),(7276,72,437,'0'),(7277,73,437,'0'),(7278,212,437,'0'),(7279,213,437,'0'),(7280,214,437,'0'),(7281,171,437,'{\"nombre\":\"Permiso circulación provisional(171).PDF\"}'),(7282,172,437,''),(7438,41,440,'7/2023'),(7439,42,440,'Matrícula con exención por industrial'),(7440,43,440,'Tysa'),(7441,45,440,'PATRICIA SANCHEZ MOSQUEDA'),(7442,188,440,'0'),(7443,46,440,'48929093C'),(7444,223,440,'0'),(7445,189,440,''),(7446,190,440,''),(7447,191,440,''),(7448,192,440,''),(7449,232,440,''),(7450,215,440,'0'),(7451,48,440,'FORD'),(7452,49,440,'TRANSIT CUSTOM'),(7453,50,440,'30326.94'),(7454,56,440,'0'),(7455,90,440,''),(7456,217,440,''),(7457,218,440,''),(7458,91,440,''),(7459,92,440,''),(7460,93,440,''),(7461,94,440,''),(7462,95,440,''),(7463,96,440,''),(7464,165,440,''),(7465,97,440,''),(7466,98,440,''),(7467,164,440,''),(7468,99,440,'0'),(7469,124,440,''),(7470,100,440,''),(7471,102,440,''),(7472,103,440,''),(7473,104,440,''),(7474,105,440,''),(7475,106,440,''),(7476,107,440,''),(7477,108,440,''),(7478,109,440,''),(7479,110,440,''),(7480,125,440,''),(7481,126,440,''),(7482,127,440,''),(7483,132,440,''),(7484,128,440,'0'),(7485,129,440,''),(7486,130,440,''),(7487,131,440,''),(7488,187,440,''),(7489,193,440,''),(7490,194,440,''),(7491,195,440,''),(7492,196,440,''),(7493,197,440,''),(7494,198,440,''),(7495,199,440,''),(7496,200,440,''),(7497,185,440,''),(7498,44,440,'Su Eminencia'),(7499,47,440,'WF01XXTTG1PS38078'),(7500,41,441,'8/2023'),(7501,42,441,'Matrícula con exención por industrial'),(7502,43,441,'Tysa'),(7503,45,441,'PATRICIA SANCHEZ MOSQUEDA'),(7504,188,441,'0'),(7505,46,441,'48929093C'),(7506,223,441,'0'),(7507,189,441,''),(7508,190,441,''),(7509,191,441,''),(7510,192,441,''),(7511,232,441,''),(7512,215,441,'0'),(7513,48,441,'FORD'),(7514,49,441,'TRANSIT CUSTOM'),(7515,50,441,'30326.94'),(7516,56,441,'0'),(7517,90,441,''),(7518,217,441,''),(7519,218,441,''),(7520,91,441,''),(7521,92,441,''),(7522,93,441,''),(7523,94,441,''),(7524,95,441,''),(7525,96,441,''),(7526,165,441,''),(7527,97,441,''),(7528,98,441,''),(7529,164,441,''),(7530,99,441,'0'),(7531,124,441,''),(7532,100,441,''),(7533,102,441,''),(7534,103,441,''),(7535,104,441,''),(7536,105,441,''),(7537,106,441,''),(7538,107,441,''),(7539,108,441,''),(7540,109,441,''),(7541,110,441,''),(7542,125,441,''),(7543,126,441,''),(7544,127,441,''),(7545,132,441,''),(7546,128,441,'0'),(7547,129,441,''),(7548,130,441,''),(7549,131,441,''),(7550,187,441,''),(7551,193,441,''),(7552,194,441,''),(7553,195,441,''),(7554,196,441,''),(7555,197,441,''),(7556,198,441,''),(7557,199,441,''),(7558,200,441,''),(7559,185,441,''),(7560,44,441,'Su Eminencia'),(7561,47,441,'WF01XXTTG1PS38078'),(7562,41,442,'9/2023'),(7563,42,442,'Matrícula con exención por industrial'),(7564,43,442,'Tysa'),(7565,45,442,'PATRICIA SANCHEZ MOSQUEDA'),(7566,188,442,'0'),(7567,46,442,'48929093C'),(7568,223,442,'0'),(7569,189,442,''),(7570,190,442,''),(7571,191,442,''),(7572,192,442,''),(7573,232,442,''),(7574,215,442,'0'),(7575,48,442,'FORD'),(7576,49,442,'TRANSIT CUSTOM'),(7577,50,442,'30326.94'),(7578,56,442,'0'),(7579,90,442,'{\"nombre\":\"Documento DNI(90).pdf\"}'),(7580,217,442,''),(7581,218,442,''),(7582,91,442,'{\"nombre\":\"Orden de mandato electrónico(91).pdf\"}'),(7583,92,442,''),(7584,93,442,''),(7585,94,442,''),(7586,95,442,''),(7587,96,442,''),(7588,165,442,''),(7589,97,442,''),(7590,98,442,''),(7591,164,442,''),(7592,99,442,'0'),(7593,124,442,''),(7594,100,442,''),(7595,102,442,''),(7596,103,442,'{\"nombre\":\"Ficha técnica del vehículo(103).pdf\"}'),(7597,104,442,'{\"nombre\":\"Certificado IAE actualizado(104).pdf\"}'),(7598,105,442,''),(7599,106,442,''),(7600,107,442,''),(7601,108,442,''),(7602,109,442,''),(7603,110,442,''),(7604,125,442,''),(7605,126,442,''),(7606,127,442,''),(7607,132,442,''),(7608,128,442,'0'),(7609,129,442,''),(7610,130,442,''),(7611,131,442,''),(7612,187,442,''),(7613,193,442,''),(7614,194,442,''),(7615,195,442,''),(7616,196,442,''),(7617,197,442,''),(7618,198,442,''),(7619,199,442,''),(7620,200,442,''),(7621,185,442,''),(7622,44,442,'Su Eminencia'),(7623,47,442,'WF01XXTTG1PS38078'),(7624,173,442,''),(7625,174,442,''),(7626,175,442,''),(7627,176,442,''),(7628,177,442,''),(7629,76,437,''),(7630,178,437,''),(7631,179,437,''),(7632,180,437,''),(7633,181,437,''),(7634,182,437,''),(7768,41,445,'12/2023'),(7769,42,445,'Matrícula simple'),(7770,43,445,'Autos Pisa'),(7771,45,445,'AUTOS PISA SL'),(7772,188,445,'1'),(7773,46,445,''),(7774,223,445,'0'),(7775,189,445,'B41895947'),(7776,190,445,'{\"nombre\":\"DNI administrador(190).pdf\"}'),(7777,191,445,'{\"nombre\":\"CIF documento(191).pdf\"}'),(7778,192,445,''),(7779,232,445,''),(7780,215,445,'0'),(7781,48,445,'PORSCHE'),(7782,49,445,'TAYCAN'),(7783,50,445,'95891.39'),(7784,56,445,'0'),(7785,90,445,''),(7786,217,445,''),(7787,218,445,''),(7788,91,445,''),(7789,92,445,'{\"nombre\":\"Ficha Técnica del vehículo(92).pdf\"}'),(7790,93,445,''),(7791,94,445,''),(7792,95,445,''),(7793,96,445,''),(7794,165,445,''),(7795,97,445,''),(7796,98,445,''),(7797,164,445,''),(7798,99,445,'0'),(7799,124,445,''),(7800,100,445,''),(7801,102,445,''),(7802,103,445,''),(7803,104,445,''),(7804,105,445,''),(7805,106,445,''),(7806,107,445,''),(7807,108,445,''),(7808,109,445,''),(7809,110,445,''),(7810,125,445,''),(7811,126,445,''),(7812,127,445,''),(7813,132,445,''),(7814,128,445,'0'),(7815,129,445,''),(7816,130,445,''),(7817,131,445,''),(7818,187,445,''),(7819,193,445,''),(7820,194,445,''),(7821,195,445,''),(7822,196,445,''),(7823,197,445,''),(7824,198,445,''),(7825,199,445,''),(7826,200,445,''),(7827,234,445,'0'),(7828,235,445,''),(7829,185,445,''),(7830,44,445,'Sevilla'),(7831,47,445,'WP0ZZZY17RSA62126'),(7930,59,447,'14/2023'),(7931,60,447,'Transferencia'),(7932,61,447,'Tysa'),(7933,201,447,'0'),(7934,64,447,'28985245R'),(7935,222,447,'0'),(7936,202,447,''),(7937,203,447,''),(7938,204,447,''),(7939,205,447,''),(7940,233,447,''),(7941,207,447,'0'),(7942,219,447,'0'),(7943,75,447,'8391JVC'),(7944,68,447,'0'),(7945,74,447,'0'),(7946,112,447,'{\"nombre\":\"DNI(112).pdf\"}'),(7947,220,447,''),(7948,221,447,''),(7949,113,447,'{\"nombre\":\"Orden de mandato electrónico(113).pdf\"}'),(7950,210,447,''),(7951,211,447,''),(7952,114,447,'{\"nombre\":\"Ficha técnica(114).pdf\"}'),(7953,115,447,'{\"nombre\":\"Permiso de circulación(115).pdf\"}'),(7954,116,447,''),(7955,117,447,'{\"nombre\":\"Factura de venta(117).pdf\"}'),(7956,206,447,''),(7957,209,447,''),(7958,111,447,''),(7959,62,447,'Sevilla'),(7960,63,447,'VILMA ISABEL MORA ANZOATEGUI'),(7961,66,447,'NISSAN'),(7962,67,447,'QASHQAI'),(7963,69,447,'0'),(7964,70,447,''),(7965,71,447,'0'),(7966,72,447,'0'),(7967,73,447,'0'),(7968,212,447,'0'),(7969,213,447,'0'),(7970,214,447,'0'),(7971,171,447,'{\"nombre\":\"Permiso circulación provisional(171).PDF\"}'),(7972,172,447,''),(7973,59,448,'15/2023'),(7974,60,448,'Transferencia'),(7975,61,448,'Tysa'),(7976,201,448,'0'),(7977,64,448,'30428605L'),(7978,222,448,'0'),(7979,202,448,''),(7980,203,448,''),(7981,204,448,''),(7982,205,448,''),(7983,233,448,''),(7984,207,448,'0'),(7985,219,448,'0'),(7986,75,448,'7749KYL'),(7987,68,448,'0'),(7988,74,448,'0'),(7989,112,448,'{\"nombre\":\"DNI(112).pdf\"}'),(7990,220,448,''),(7991,221,448,''),(7992,113,448,'{\"nombre\":\"Orden de mandato electrónico(113).pdf\"}'),(7993,210,448,''),(7994,211,448,''),(7995,114,448,'{\"nombre\":\"Ficha técnica(114).pdf\"}'),(7996,115,448,'{\"nombre\":\"Permiso de circulación(115).pdf\"}'),(7997,116,448,''),(7998,117,448,'{\"nombre\":\"Factura de venta(117).pdf\"}'),(7999,206,448,''),(8000,209,448,''),(8001,111,448,''),(8002,62,448,'Lucena'),(8003,63,448,'ALFONSO HOYA OLIMO'),(8004,66,448,'FORD'),(8005,67,448,'ECOSPORT'),(8006,59,449,'16/2023'),(8007,60,449,'Transferencia'),(8008,61,449,'Tysa'),(8009,201,449,'0'),(8010,64,449,'75429028E'),(8011,222,449,'0'),(8012,202,449,''),(8013,203,449,''),(8014,204,449,''),(8015,205,449,''),(8016,233,449,''),(8017,207,449,'0'),(8018,219,449,'0'),(8019,75,449,'5927LCK'),(8020,68,449,'0'),(8021,74,449,'0'),(8022,112,449,'{\"nombre\":\"DNI(112).pdf\"}'),(8023,220,449,''),(8024,221,449,''),(8025,113,449,'{\"nombre\":\"Orden de mandato electrónico(113).pdf\"}'),(8026,210,449,''),(8027,211,449,''),(8028,114,449,'{\"nombre\":\"Ficha técnica(114).pdf\"}'),(8029,115,449,'{\"nombre\":\"Permiso de circulación(115).pdf\"}'),(8030,116,449,''),(8031,117,449,'{\"nombre\":\"Factura de venta(117).pdf\"}'),(8032,206,449,''),(8033,209,449,''),(8034,111,449,''),(8035,62,449,'Sevilla'),(8036,63,449,'MARIA AGUAS CASTILLO RUBIO'),(8037,66,449,'FORD'),(8038,67,449,'FOCUS'),(8039,59,450,'17/2023'),(8040,60,450,'Transferencia'),(8041,61,450,'Tysa'),(8042,201,450,'0'),(8043,64,450,'75429028E'),(8044,222,450,'0'),(8045,202,450,''),(8046,203,450,''),(8047,204,450,''),(8048,205,450,''),(8049,233,450,''),(8050,207,450,'0'),(8051,219,450,'0'),(8052,75,450,'5927LCK'),(8053,68,450,'0'),(8054,74,450,'0'),(8055,112,450,'{\"nombre\":\"DNI(112).pdf\"}'),(8056,220,450,''),(8057,221,450,''),(8058,113,450,'{\"nombre\":\"Orden de mandato electrónico(113).pdf\"}'),(8059,210,450,''),(8060,211,450,''),(8061,114,450,'{\"nombre\":\"Ficha técnica(114).pdf\"}'),(8062,115,450,'{\"nombre\":\"Permiso de circulación(115).pdf\"}'),(8063,116,450,''),(8064,117,450,'{\"nombre\":\"Factura de venta(117).pdf\"}'),(8065,206,450,''),(8066,209,450,''),(8067,111,450,''),(8068,62,450,'Sevilla'),(8069,63,450,'MARIA AGUAS CASTILLO RUBIO'),(8070,66,450,'FORD'),(8071,67,450,'FOCUS'),(8072,59,451,'18/2023'),(8073,60,451,'Notificación de venta y Transferencia'),(8074,61,451,'Tysa'),(8075,201,451,'0'),(8076,64,451,''),(8077,222,451,'0'),(8078,202,451,''),(8079,203,451,''),(8080,204,451,''),(8081,205,451,''),(8082,233,451,''),(8083,207,451,'0'),(8084,219,451,'0'),(8085,75,451,'2553CVB'),(8086,68,451,'0'),(8087,74,451,'0'),(8088,112,451,'{\"nombre\":\"DNI(112).pdf\"}'),(8089,220,451,''),(8090,221,451,''),(8091,113,451,'{\"nombre\":\"Orden de mandato electrónico(113).pdf\"}'),(8092,210,451,''),(8093,211,451,''),(8094,114,451,'{\"nombre\":\"Ficha técnica(114).pdf\"}'),(8095,115,451,'{\"nombre\":\"Permiso de circulación(115).pdf\"}'),(8096,116,451,'{\"nombre\":\"Informe de tráfico(116).pdf\"}'),(8097,117,451,'{\"nombre\":\"Factura de venta(117).pdf\"}'),(8098,206,451,'{\"nombre\":\"Contrato de compraventa(206).pdf\"}'),(8099,209,451,''),(8100,111,451,''),(8101,62,451,'Sevilla'),(8102,63,451,'JESUS LEAL MARIN'),(8103,66,451,''),(8104,67,451,''),(8105,69,450,'0'),(8106,70,450,''),(8107,71,450,'0'),(8108,72,450,'0'),(8109,73,450,'0'),(8110,212,450,'0'),(8111,213,450,'0'),(8112,214,450,'0'),(8113,171,450,'{\"nombre\":\"Permiso circulación provisional(171).PDF\"}'),(8114,172,450,''),(8158,69,448,'0'),(8159,70,448,''),(8160,71,448,'0'),(8161,72,448,'0'),(8162,73,448,'0'),(8163,212,448,'0'),(8164,213,448,'0'),(8165,214,448,'0'),(8166,171,448,'{\"nombre\":\"Permiso circulación provisional(171).PDF\"}'),(8167,172,448,''),(8211,59,454,'21/2023'),(8212,60,454,'Otros'),(8213,61,454,'Gadir'),(8214,201,454,'0'),(8215,64,454,'31660462L'),(8216,222,454,'0'),(8217,202,454,''),(8218,203,454,''),(8219,204,454,''),(8220,205,454,''),(8221,233,454,''),(8222,207,454,'0'),(8223,219,454,'0'),(8224,75,454,'7737FNJ'),(8225,68,454,'0'),(8226,74,454,'0'),(8227,112,454,'{\"nombre\":\"DNI(112).pdf\"}'),(8228,220,454,''),(8229,221,454,''),(8230,113,454,''),(8231,210,454,''),(8232,211,454,''),(8233,114,454,''),(8234,115,454,'{\"nombre\":\"Permiso de circulación(115).pdf\"}'),(8235,116,454,''),(8236,117,454,''),(8237,206,454,''),(8238,209,454,''),(8239,111,454,'Solicitud justificante provisional'),(8240,62,454,'Jerez'),(8241,63,454,'IGNACIO MARIANO GIL DE BERNABE RIVERO'),(8242,66,454,'HONDA'),(8243,67,454,'CRV'),(8244,69,454,'0'),(8245,70,454,''),(8246,71,454,'0'),(8247,72,454,'0'),(8248,73,454,'0'),(8249,212,454,'0'),(8250,213,454,'0'),(8251,214,454,'0'),(8252,171,454,''),(8253,172,454,''),(8254,59,455,'22/2023'),(8255,60,455,'Transferencia'),(8256,61,455,'Gysa'),(8257,201,455,'0'),(8258,64,455,'12783502X'),(8259,222,455,'0'),(8260,202,455,''),(8261,203,455,''),(8262,204,455,''),(8263,205,455,''),(8264,233,455,''),(8265,207,455,'0'),(8266,219,455,'0'),(8267,75,455,'9886LWW'),(8268,68,455,'34834.71'),(8269,74,455,'0'),(8270,112,455,''),(8271,220,455,''),(8272,221,455,''),(8273,113,455,''),(8274,210,455,'{\"nombre\":\"DNI comprador(210).pdf\"}'),(8275,211,455,'{\"nombre\":\"Orden de mandato electrónico comprador(211).pdf\"}'),(8276,114,455,'{\"nombre\":\"Ficha técnica(114).pdf\"}'),(8277,115,455,'{\"nombre\":\"Permiso de circulación(115).pdf\"}'),(8278,116,455,''),(8279,117,455,'{\"nombre\":\"Factura de venta(117).pdf\"}'),(8280,206,455,''),(8281,209,455,''),(8282,111,455,''),(8283,62,455,'Córdoba'),(8284,63,455,'GONZALO FRAILE RAMOS'),(8285,66,455,'JAGUAR'),(8286,67,455,'XE'),(8287,69,455,'0'),(8288,70,455,''),(8289,71,455,'0'),(8290,72,455,'0'),(8291,73,455,'0'),(8292,212,455,'0'),(8293,213,455,'0'),(8294,214,455,'0'),(8295,171,455,'{\"nombre\":\"Permiso circulación provisional(171).PDF\"}'),(8296,172,455,''),(8376,59,457,'24/2023'),(8377,60,457,'Transferencia'),(8378,61,457,'Tysa'),(8379,201,457,'0'),(8380,64,457,'30959822M'),(8381,222,457,'0'),(8382,202,457,''),(8383,203,457,''),(8384,204,457,''),(8385,205,457,''),(8386,233,457,''),(8387,207,457,'0'),(8388,219,457,'0'),(8389,75,457,'8960KCN'),(8390,68,457,'0'),(8391,74,457,'0'),(8392,112,457,'{\"nombre\":\"DNI(112).pdf\"}'),(8393,220,457,''),(8394,221,457,''),(8395,113,457,'{\"nombre\":\"Orden de mandato electrónico(113).pdf\"}'),(8396,210,457,''),(8397,211,457,''),(8398,114,457,'{\"nombre\":\"Ficha técnica(114).pdf\"}'),(8399,115,457,'{\"nombre\":\"Permiso de circulación(115).pdf\"}'),(8400,116,457,''),(8401,117,457,'{\"nombre\":\"Factura de venta(117).pdf\"}'),(8402,206,457,''),(8403,209,457,''),(8404,111,457,''),(8405,62,457,'Sevilla'),(8406,63,457,'rafael sales toscano'),(8407,66,457,'PEUGEOT'),(8408,67,457,'308'),(8409,69,457,'0'),(8410,70,457,''),(8411,71,457,'0'),(8412,72,457,'0'),(8413,73,457,'0'),(8414,212,457,'0'),(8415,213,457,'0'),(8416,214,457,'0'),(8417,171,457,'{\"nombre\":\"Permiso circulación provisional(171).PDF\"}'),(8418,172,457,''),(8499,41,459,'26/2023'),(8500,42,459,'Matrícula simple'),(8501,43,459,'Noray'),(8502,45,459,'TEOFILO ORTEGA MARIBLANCA'),(8503,188,459,'0'),(8504,46,459,'03810157T'),(8505,223,459,'0'),(8506,189,459,''),(8507,190,459,''),(8508,191,459,''),(8509,192,459,''),(8510,232,459,''),(8511,215,459,'0'),(8512,48,459,'KIA'),(8513,49,459,'SPORGAGE'),(8514,50,459,'22500.74'),(8515,56,459,'0'),(8516,90,459,'{\"nombre\":\"Documento DNI(90).pdf\"}'),(8517,217,459,''),(8518,218,459,''),(8519,91,459,'{\"nombre\":\"Orden de mandato electrónico(91).pdf\"}'),(8520,92,459,'{\"nombre\":\"Ficha Técnica del vehículo(92).pdf\"}'),(8521,93,459,'{\"nombre\":\"Factura de venta(93).pdf\"}'),(8522,94,459,''),(8523,95,459,''),(8524,96,459,''),(8525,165,459,''),(8526,97,459,''),(8527,98,459,''),(8528,164,459,''),(8529,99,459,'0'),(8530,124,459,''),(8531,100,459,''),(8532,102,459,''),(8533,103,459,''),(8534,104,459,''),(8535,105,459,''),(8536,106,459,''),(8537,107,459,''),(8538,108,459,''),(8539,109,459,''),(8540,110,459,''),(8541,125,459,''),(8542,126,459,''),(8543,127,459,''),(8544,132,459,''),(8545,128,459,'0'),(8546,129,459,''),(8547,130,459,''),(8548,131,459,''),(8549,187,459,''),(8550,193,459,''),(8551,194,459,''),(8552,195,459,''),(8553,196,459,''),(8554,197,459,''),(8555,198,459,''),(8556,199,459,''),(8557,200,459,''),(8558,234,459,'0'),(8559,235,459,''),(8560,185,459,''),(8561,44,459,'Algeciras'),(8562,47,459,'U5YPU81BAPL201819'),(8563,51,459,'99.77'),(8564,52,459,'717631427612'),(8565,53,459,'6.00'),(8566,54,459,'32.48'),(8567,55,459,'30.00'),(8568,166,459,'{\"nombre\":\"Permiso circulación provisional(166).PDF\"}'),(8569,167,459,'{\"nombre\":\"Ficha técnica provisional(167).PDF\"}'),(8570,168,459,'{\"nombre\":\"Modelo 576(168).PDF\"}'),(8571,169,459,'{\"nombre\":\"Alta IVTM(169).PDF\"}'),(8572,170,459,'{\"nombre\":\"Pago IVTM(170).PDF\"}'),(8573,57,459,'4319MKK'),(8574,123,459,''),(8575,183,459,'0'),(8576,184,459,''),(8577,186,459,''),(8578,59,460,'27/2023'),(8579,60,460,'Transferencia'),(8580,61,460,'Tysa'),(8581,201,460,'0'),(8582,64,460,'30952323G'),(8583,222,460,'0'),(8584,202,460,''),(8585,203,460,''),(8586,204,460,''),(8587,205,460,''),(8588,233,460,''),(8589,207,460,'0'),(8590,219,460,'0'),(8591,75,460,'8592KYJ'),(8592,68,460,'0'),(8593,74,460,'0'),(8594,112,460,'{\"nombre\":\"DNI(112).pdf\"}'),(8595,220,460,''),(8596,221,460,''),(8597,113,460,'{\"nombre\":\"Orden de mandato electrónico(113).pdf\"}'),(8598,210,460,''),(8599,211,460,''),(8600,114,460,'{\"nombre\":\"Ficha técnica(114).pdf\"}'),(8601,115,460,'{\"nombre\":\"Permiso de circulación(115).pdf\"}'),(8602,116,460,''),(8603,117,460,'{\"nombre\":\"Factura de venta(117).pdf\"}'),(8604,206,460,''),(8605,209,460,''),(8606,111,460,''),(8607,62,460,'Córdoba'),(8608,63,460,'MARIA DEL CARMEN ORTIZ ORTIZ'),(8609,66,460,'SEAT'),(8610,67,460,'ATECA'),(8611,69,460,'0'),(8612,70,460,''),(8613,71,460,'0'),(8614,72,460,'0'),(8615,73,460,'0'),(8616,212,460,'0'),(8617,213,460,'0'),(8618,214,460,'0'),(8619,171,460,'{\"nombre\":\"Permiso circulación provisional(171).PDF\"}'),(8620,172,460,''),(8621,59,461,'28/2023'),(8622,60,461,'Otros'),(8623,61,461,'Gadir'),(8624,201,461,'0'),(8625,64,461,'75799953A'),(8626,222,461,'0'),(8627,202,461,''),(8628,203,461,''),(8629,204,461,''),(8630,205,461,''),(8631,233,461,''),(8632,207,461,'0'),(8633,219,461,'0'),(8634,75,461,'6457MHG'),(8635,68,461,'0'),(8636,74,461,'0'),(8637,112,461,'{\"nombre\":\"DNI(112).pdf\"}'),(8638,220,461,''),(8639,221,461,''),(8640,113,461,''),(8641,210,461,''),(8642,211,461,''),(8643,114,461,''),(8644,115,461,'{\"nombre\":\"Permiso de circulación(115).pdf\"}'),(8645,116,461,''),(8646,117,461,''),(8647,206,461,''),(8648,209,461,''),(8649,111,461,'Solicitud justificante provisional'),(8650,62,461,'Jerez'),(8651,63,461,'PALOMA MIALDEA RAMOS'),(8652,66,461,'KIA'),(8653,67,461,'RIO'),(8654,69,461,'0'),(8655,70,461,''),(8656,71,461,'0'),(8657,72,461,'0'),(8658,73,461,'0'),(8659,212,461,'0'),(8660,213,461,'0'),(8661,214,461,'0'),(8662,171,461,''),(8663,172,461,''),(8665,76,461,''),(8666,178,461,'{\"nombre\":\"Documentación adicional (I_V)(178).PDF\"}'),(8667,59,462,'29/2023'),(8668,60,462,'Otros'),(8669,61,462,'Gysa'),(8670,201,462,'0'),(8671,64,462,'27281755Y'),(8672,222,462,'0'),(8673,202,462,''),(8674,203,462,''),(8675,204,462,''),(8676,205,462,''),(8677,233,462,''),(8678,207,462,'0'),(8679,219,462,'0'),(8680,75,462,'5097MBK'),(8681,68,462,'0'),(8682,74,462,'0'),(8683,112,462,'{\"nombre\":\"DNI(112).pdf\"}'),(8684,220,462,''),(8685,221,462,''),(8686,113,462,''),(8687,210,462,''),(8688,211,462,''),(8689,114,462,''),(8690,115,462,'{\"nombre\":\"Permiso de circulación(115).pdf\"}'),(8691,116,462,''),(8692,117,462,''),(8693,206,462,''),(8694,209,462,''),(8695,111,462,'Solicitud justificante provisional'),(8696,62,462,'Jerez'),(8697,63,462,'PABLO GUTIERREZ ALVIZ CONRADI'),(8698,66,462,'RANGE ROVER'),(8699,67,462,'VELAR'),(8700,69,462,'0'),(8701,70,462,''),(8702,71,462,'0'),(8703,72,462,'0'),(8704,73,462,'0'),(8705,212,462,'0'),(8706,213,462,'0'),(8707,214,462,'0'),(8708,171,462,''),(8709,172,462,''),(8710,58,459,''),(8711,76,462,''),(8712,178,462,'{\"nombre\":\"Documentación adicional (I_V)(178).PDF\"}'),(8713,179,462,''),(8714,180,462,''),(8715,181,462,''),(8716,182,462,''),(8717,76,460,''),(8736,76,435,''),(8737,178,435,''),(8738,179,435,''),(8739,180,435,''),(8740,181,435,''),(8741,182,435,''),(8747,76,447,''),(8748,178,447,''),(8749,179,447,''),(8750,180,447,''),(8751,181,447,''),(8752,182,447,''),(8753,76,448,''),(8754,178,448,''),(8755,179,448,''),(8756,180,448,''),(8757,181,448,''),(8758,182,448,''),(8759,76,450,''),(8760,178,450,''),(8761,179,450,''),(8762,180,450,''),(8763,181,450,''),(8764,182,450,''),(8777,76,454,''),(8778,178,454,'{\"nombre\":\"Documentación adicional (I_V)(178).PDF\"}'),(8779,179,454,''),(8780,180,454,''),(8781,181,454,''),(8782,182,454,''),(8783,76,455,''),(8784,178,455,'{\"nombre\":\"Documentación adicional (I_V)(178).PDF\"}'),(8785,179,455,''),(8786,180,455,''),(8787,181,455,''),(8788,182,455,''),(8789,76,457,''),(8790,178,457,''),(8791,179,457,''),(8792,180,457,''),(8793,181,457,''),(8794,182,457,''),(8795,178,460,''),(8796,179,460,''),(8797,180,460,''),(8798,181,460,''),(8799,182,460,''),(8800,41,463,'30/2023'),(8801,42,463,'Matrícula con exención por familia numerosa'),(8802,43,463,'Surauto'),(8803,45,463,'SUSANA DE LEON SOTELO'),(8804,188,463,'0'),(8805,46,463,'52317432E'),(8806,223,463,'0'),(8807,189,463,''),(8808,190,463,''),(8809,191,463,''),(8810,192,463,''),(8811,232,463,''),(8812,215,463,'0'),(8813,48,463,'VOLVO'),(8814,49,463,'XC40 T2'),(8815,50,463,'0'),(8816,56,463,'0'),(8817,90,463,'{\"nombre\":\"Documento DNI(90).pdf\"}'),(8818,217,463,''),(8819,218,463,''),(8820,91,463,''),(8821,92,463,''),(8822,93,463,''),(8823,94,463,''),(8824,95,463,''),(8825,96,463,''),(8826,165,463,''),(8827,97,463,''),(8828,98,463,''),(8829,164,463,''),(8830,99,463,'0'),(8831,124,463,''),(8832,100,463,''),(8833,102,463,''),(8834,103,463,''),(8835,104,463,''),(8836,105,463,''),(8837,106,463,'{\"nombre\":\"Autorización hacienda(106).pdf\"}'),(8838,107,463,'{\"nombre\":\"Modelo 05(107).pdf\"}'),(8839,108,463,'{\"nombre\":\"Tarjetas familia numerosa(108).pdf\"}'),(8840,109,463,'{\"nombre\":\"Ficha técnica(109).pdf\"}'),(8841,110,463,'{\"nombre\":\"Factura de venta(110).pdf\"}'),(8842,125,463,''),(8843,126,463,''),(8844,127,463,''),(8845,132,463,''),(8846,128,463,'0'),(8847,129,463,''),(8848,130,463,''),(8849,131,463,''),(8850,187,463,''),(8851,193,463,'{\"nombre\":\"Documentación adicional fam. numerosa(193).pdf\"}'),(8852,194,463,''),(8853,195,463,''),(8854,196,463,''),(8855,197,463,''),(8856,198,463,''),(8857,199,463,''),(8858,200,463,''),(8859,234,463,'1'),(8860,235,463,'{\"nombre\":\"Documento NRC(235).pdf\"}'),(8861,185,463,''),(8862,44,463,'Jerez'),(8863,47,463,'YV1XZL4V6R2252584'),(8864,173,463,''),(8865,174,463,''),(8866,175,463,''),(8867,176,463,''),(8868,177,463,''),(8869,179,461,''),(8870,180,461,''),(8871,181,461,''),(8872,182,461,''),(8952,59,465,'32/2023'),(8953,60,465,'Otros'),(8954,111,465,'Solicitud justificante provisional'),(8955,61,465,'Gadir'),(8956,201,465,'0'),(8957,64,465,'31691702N'),(8958,222,465,'0'),(8959,202,465,''),(8960,203,465,''),(8961,204,465,''),(8962,205,465,''),(8963,233,465,''),(8964,207,465,'0'),(8965,219,465,'0'),(8966,75,465,'8074LCG'),(8967,68,465,'0'),(8968,74,465,'0'),(8969,112,465,'{\"nombre\":\"DNI(112).pdf\"}'),(8970,220,465,''),(8971,221,465,''),(8972,113,465,''),(8973,210,465,''),(8974,211,465,''),(8975,114,465,''),(8976,115,465,'{\"nombre\":\"Permiso de circulación(115).pdf\"}'),(8977,116,465,''),(8978,117,465,''),(8979,206,465,''),(8980,209,465,''),(8981,62,465,'Jerez'),(8982,63,465,'ENCARNACION PINA RODRIGUEZ'),(8983,66,465,'KIA '),(8984,67,465,'SPORTAGE'),(8985,69,465,'0'),(8986,70,465,''),(8987,71,465,'0'),(8988,72,465,'0'),(8989,73,465,'0'),(8990,212,465,'0'),(8991,213,465,'0'),(8992,214,465,'0'),(8993,171,465,''),(8994,172,465,''),(8995,173,459,''),(8996,174,459,''),(8997,175,459,''),(8998,176,459,''),(8999,177,459,''),(9000,76,465,''),(9001,178,465,'{\"nombre\":\"Documentación adicional (I_V)(178).PDF\"}'),(9002,179,465,''),(9003,180,465,''),(9004,181,465,''),(9005,182,465,''),(9006,59,466,'33/2023'),(9007,60,466,'Otros'),(9008,111,466,'Solicitud justificante provisional'),(9009,61,466,'Gysa'),(9010,201,466,'1'),(9011,64,466,''),(9012,222,466,'0'),(9013,202,466,'B93019206'),(9014,203,466,''),(9015,204,466,''),(9016,205,466,''),(9017,233,466,''),(9018,207,466,'0'),(9019,219,466,'0'),(9020,75,466,'8573MGP'),(9021,68,466,'0'),(9022,74,466,'0'),(9023,112,466,'{\"nombre\":\"DNI(112).pdf\"}'),(9024,220,466,''),(9025,221,466,''),(9026,113,466,''),(9027,210,466,''),(9028,211,466,''),(9029,114,466,''),(9030,115,466,'{\"nombre\":\"Permiso de circulación(115).xlsm\"}'),(9031,116,466,''),(9032,117,466,''),(9033,206,466,''),(9034,209,466,''),(9035,62,466,'Jerez'),(9036,63,466,'MTE SAN PEDRO SL'),(9037,66,466,'LAND ROVER'),(9038,67,466,'DEFENDER'),(9039,59,467,'34/2023'),(9040,60,467,'Otros'),(9041,111,467,'Solicitud justificante provisional'),(9042,61,467,'Gysa'),(9043,201,467,'0'),(9044,64,467,'B93019206'),(9045,222,467,'0'),(9046,202,467,'B93019206'),(9047,203,467,''),(9048,204,467,''),(9049,205,467,''),(9050,233,467,''),(9051,207,467,'0'),(9052,219,467,'0'),(9053,75,467,'8573MGP'),(9054,68,467,'0'),(9055,74,467,'0'),(9056,112,467,'{\"nombre\":\"DNI(112).pdf\"}'),(9057,220,467,''),(9058,221,467,''),(9059,113,467,''),(9060,210,467,''),(9061,211,467,''),(9062,114,467,''),(9063,115,467,'{\"nombre\":\"Permiso de circulación(115).pdf\"}'),(9064,116,467,''),(9065,117,467,''),(9066,206,467,''),(9067,209,467,''),(9068,62,467,'Jerez'),(9069,63,467,'MTE SAN PEDRO SL'),(9070,66,467,'LAND ROVER'),(9071,67,467,'DEFENDER'),(9072,69,467,'0'),(9073,70,467,''),(9074,71,467,'0'),(9075,72,467,'0'),(9076,73,467,'0'),(9077,212,467,'0'),(9078,213,467,'0'),(9079,214,467,'0'),(9080,171,467,''),(9081,172,467,''),(9082,76,467,''),(9083,178,467,'{\"nombre\":\"Documentación adicional (I_V)(178).PDF\"}'),(9084,179,467,''),(9085,180,467,''),(9086,181,467,''),(9087,182,467,''),(9422,59,472,'39/2023'),(9423,60,472,'Otros'),(9424,111,472,'Solicitud justificante provisional'),(9425,61,472,'Gadir'),(9426,201,472,'0'),(9427,64,472,'Y9854848Y'),(9428,222,472,'0'),(9429,202,472,''),(9430,203,472,''),(9431,204,472,''),(9432,205,472,''),(9433,233,472,''),(9434,207,472,'0'),(9435,219,472,'0'),(9436,75,472,'7761MHY'),(9437,68,472,'0'),(9438,74,472,'0'),(9439,112,472,'{\"nombre\":\"DNI(112).pdf\"}'),(9440,220,472,''),(9441,221,472,''),(9442,113,472,''),(9443,210,472,''),(9444,211,472,''),(9445,114,472,''),(9446,115,472,'{\"nombre\":\"Permiso de circulación(115).pdf\"}'),(9447,116,472,''),(9448,117,472,''),(9449,206,472,''),(9450,209,472,''),(9451,62,472,'Jerez'),(9452,63,472,'JHOANNA ARANA RIOS'),(9453,66,472,'KIA'),(9454,67,472,'RIO'),(9455,69,472,'0'),(9456,70,472,''),(9457,71,472,'0'),(9458,72,472,'0'),(9459,73,472,'0'),(9460,212,472,'0'),(9461,213,472,'0'),(9462,214,472,'0'),(9463,171,472,''),(9464,172,472,''),(9477,76,472,''),(9478,178,472,'{\"nombre\":\"Documentación adicional (I_V)(178).PDF\"}'),(9479,179,472,''),(9480,180,472,''),(9481,181,472,''),(9482,182,472,''),(9483,41,473,'40/2023'),(9484,42,473,''),(9485,43,473,'Inauto'),(9486,45,473,'prueba'),(9487,188,473,'0'),(9488,46,473,''),(9489,223,473,'0'),(9490,189,473,''),(9491,190,473,''),(9492,191,473,''),(9493,192,473,''),(9494,232,473,''),(9495,215,473,'0'),(9496,48,473,''),(9497,49,473,''),(9498,50,473,'0'),(9499,56,473,'0'),(9500,90,473,''),(9501,217,473,''),(9502,218,473,''),(9503,91,473,''),(9504,92,473,''),(9505,93,473,''),(9506,94,473,''),(9507,95,473,''),(9508,96,473,''),(9509,165,473,''),(9510,97,473,''),(9511,98,473,''),(9512,164,473,''),(9513,99,473,'0'),(9514,124,473,''),(9515,100,473,''),(9516,102,473,''),(9517,103,473,''),(9518,104,473,''),(9519,105,473,''),(9520,106,473,''),(9521,107,473,''),(9522,108,473,''),(9523,109,473,''),(9524,110,473,''),(9525,125,473,''),(9526,126,473,''),(9527,127,473,''),(9528,132,473,''),(9529,128,473,'0'),(9530,129,473,''),(9531,130,473,''),(9532,131,473,''),(9533,187,473,''),(9534,193,473,''),(9535,194,473,''),(9536,195,473,''),(9537,196,473,''),(9538,197,473,''),(9539,198,473,''),(9540,199,473,''),(9541,200,473,''),(9542,234,473,'0'),(9543,235,473,''),(9544,185,473,''),(9545,41,474,'41/2023'),(9546,42,474,''),(9547,43,474,'Inauto'),(9548,45,474,'prueba'),(9549,188,474,'0'),(9550,46,474,''),(9551,223,474,'0'),(9552,189,474,''),(9553,190,474,''),(9554,191,474,''),(9555,192,474,''),(9556,232,474,''),(9557,215,474,'0'),(9558,48,474,''),(9559,49,474,''),(9560,50,474,'0'),(9561,56,474,'0'),(9562,90,474,''),(9563,217,474,''),(9564,218,474,''),(9565,91,474,''),(9566,92,474,''),(9567,93,474,''),(9568,94,474,''),(9569,95,474,''),(9570,96,474,''),(9571,165,474,''),(9572,97,474,''),(9573,98,474,''),(9574,164,474,''),(9575,99,474,'0'),(9576,124,474,''),(9577,100,474,''),(9578,102,474,''),(9579,103,474,''),(9580,104,474,''),(9581,105,474,''),(9582,106,474,''),(9583,107,474,''),(9584,108,474,''),(9585,109,474,''),(9586,110,474,''),(9587,125,474,''),(9588,126,474,''),(9589,127,474,''),(9590,132,474,''),(9591,128,474,'0'),(9592,129,474,''),(9593,130,474,''),(9594,131,474,''),(9595,187,474,''),(9596,193,474,''),(9597,194,474,''),(9598,195,474,''),(9599,196,474,''),(9600,197,474,''),(9601,198,474,''),(9602,199,474,''),(9603,200,474,''),(9604,234,474,'0'),(9605,235,474,''),(9606,185,474,''),(9607,44,473,''),(9608,47,473,''),(9609,41,475,'42/2023'),(9610,42,475,''),(9611,43,475,'Inauto'),(9612,45,475,'prueba'),(9613,188,475,'0'),(9614,46,475,''),(9615,223,475,'0'),(9616,189,475,''),(9617,190,475,''),(9618,191,475,''),(9619,192,475,''),(9620,232,475,''),(9621,215,475,'0'),(9622,48,475,''),(9623,49,475,''),(9624,50,475,'0'),(9625,56,475,'0'),(9626,90,475,''),(9627,217,475,''),(9628,218,475,''),(9629,91,475,''),(9630,92,475,''),(9631,93,475,''),(9632,94,475,''),(9633,95,475,''),(9634,96,475,''),(9635,165,475,''),(9636,97,475,''),(9637,98,475,''),(9638,164,475,''),(9639,99,475,'0'),(9640,124,475,''),(9641,100,475,''),(9642,102,475,''),(9643,103,475,''),(9644,104,475,''),(9645,105,475,''),(9646,106,475,''),(9647,107,475,''),(9648,108,475,''),(9649,109,475,''),(9650,110,475,''),(9651,125,475,''),(9652,126,475,''),(9653,127,475,''),(9654,132,475,''),(9655,128,475,'0'),(9656,129,475,''),(9657,130,475,''),(9658,131,475,''),(9659,187,475,''),(9660,193,475,''),(9661,194,475,''),(9662,195,475,''),(9663,196,475,''),(9664,197,475,''),(9665,198,475,''),(9666,199,475,''),(9667,200,475,''),(9668,234,475,'0'),(9669,235,475,''),(9670,185,475,''),(9671,41,476,'43/2023'),(9672,42,476,''),(9673,43,476,'Inauto'),(9674,45,476,'prueba'),(9675,188,476,'0'),(9676,46,476,''),(9677,223,476,'0'),(9678,189,476,''),(9679,190,476,''),(9680,191,476,''),(9681,192,476,''),(9682,232,476,''),(9683,215,476,'0'),(9684,48,476,''),(9685,49,476,''),(9686,50,476,'0'),(9687,56,476,'0'),(9688,90,476,''),(9689,217,476,''),(9690,218,476,''),(9691,91,476,''),(9692,92,476,''),(9693,93,476,''),(9694,94,476,''),(9695,95,476,''),(9696,96,476,''),(9697,165,476,''),(9698,97,476,''),(9699,98,476,''),(9700,164,476,''),(9701,99,476,'0'),(9702,124,476,''),(9703,100,476,''),(9704,102,476,''),(9705,103,476,''),(9706,104,476,''),(9707,105,476,''),(9708,106,476,''),(9709,107,476,''),(9710,108,476,''),(9711,109,476,''),(9712,110,476,''),(9713,125,476,''),(9714,126,476,''),(9715,127,476,''),(9716,132,476,''),(9717,128,476,'0'),(9718,129,476,''),(9719,130,476,''),(9720,131,476,''),(9721,187,476,''),(9722,193,476,''),(9723,194,476,''),(9724,195,476,''),(9725,196,476,''),(9726,197,476,''),(9727,198,476,''),(9728,199,476,''),(9729,200,476,''),(9730,234,476,'0'),(9731,235,476,''),(9732,185,476,''),(9733,44,475,''),(9734,47,475,''),(9735,41,477,'44/2023'),(9736,42,477,''),(9737,43,477,'Inauto'),(9738,45,477,'prueba'),(9739,188,477,'0'),(9740,46,477,''),(9741,223,477,'0'),(9742,189,477,''),(9743,190,477,''),(9744,191,477,''),(9745,192,477,''),(9746,232,477,''),(9747,215,477,'0'),(9748,48,477,''),(9749,49,477,''),(9750,50,477,'0'),(9751,56,477,'0'),(9752,90,477,''),(9753,217,477,''),(9754,218,477,''),(9755,91,477,''),(9756,92,477,''),(9757,93,477,''),(9758,94,477,''),(9759,95,477,''),(9760,96,477,''),(9761,165,477,''),(9762,97,477,''),(9763,98,477,''),(9764,164,477,''),(9765,99,477,'0'),(9766,124,477,''),(9767,100,477,''),(9768,102,477,''),(9769,103,477,''),(9770,104,477,''),(9771,105,477,''),(9772,106,477,''),(9773,107,477,''),(9774,108,477,''),(9775,109,477,''),(9776,110,477,''),(9777,125,477,''),(9778,126,477,''),(9779,127,477,''),(9780,132,477,''),(9781,128,477,'0'),(9782,129,477,''),(9783,130,477,''),(9784,131,477,''),(9785,187,477,''),(9786,193,477,''),(9787,194,477,''),(9788,195,477,''),(9789,196,477,''),(9790,197,477,''),(9791,198,477,''),(9792,199,477,''),(9793,200,477,''),(9794,234,477,'0'),(9795,235,477,''),(9796,185,477,''),(9797,44,476,''),(9798,47,476,''),(9799,44,474,''),(9800,47,474,''),(9801,44,477,''),(9802,47,477,''),(9803,59,478,'40/2023'),(9804,60,478,'Transferencia'),(9805,111,478,''),(9806,61,478,'Gysa'),(9807,201,478,'0'),(9808,64,478,''),(9809,222,478,'0'),(9810,202,478,''),(9811,203,478,''),(9812,204,478,''),(9813,205,478,''),(9814,233,478,''),(9815,207,478,'0'),(9816,219,478,'0'),(9817,75,478,'1111AAA'),(9818,68,478,'0'),(9819,74,478,'0'),(9820,112,478,''),(9821,220,478,''),(9822,221,478,''),(9823,113,478,''),(9824,210,478,''),(9825,211,478,''),(9826,114,478,''),(9827,115,478,''),(9828,116,478,''),(9829,117,478,''),(9830,206,478,''),(9831,209,478,''),(9832,59,479,'41/2023'),(9833,60,479,'Transferencia'),(9834,111,479,''),(9835,61,479,'Gysa'),(9836,201,479,'0'),(9837,64,479,''),(9838,222,479,'0'),(9839,202,479,''),(9840,203,479,''),(9841,204,479,''),(9842,205,479,''),(9843,233,479,''),(9844,207,479,'0'),(9845,219,479,'0'),(9846,75,479,'1111AAA'),(9847,68,479,'0'),(9848,74,479,'0'),(9849,112,479,''),(9850,220,479,''),(9851,221,479,''),(9852,113,479,''),(9853,210,479,''),(9854,211,479,''),(9855,114,479,''),(9856,115,479,''),(9857,116,479,''),(9858,117,479,''),(9859,206,479,''),(9860,209,479,''),(9861,62,478,''),(9862,63,478,''),(9863,66,478,''),(9864,67,478,''),(9865,62,479,''),(9866,63,479,''),(9867,66,479,''),(9868,67,479,''),(9869,59,480,'42/2023'),(9870,60,480,''),(9871,111,480,''),(9872,61,480,''),(9873,201,480,''),(9874,64,480,''),(9875,222,480,''),(9876,202,480,''),(9877,203,480,''),(9878,204,480,''),(9879,205,480,''),(9880,233,480,''),(9881,207,480,''),(9882,219,480,''),(9883,75,480,''),(9884,68,480,'0'),(9885,74,480,'0'),(9886,112,480,''),(9887,220,480,''),(9888,221,480,''),(9889,113,480,''),(9890,210,480,''),(9891,211,480,''),(9892,114,480,''),(9893,115,480,''),(9894,116,480,''),(9895,117,480,''),(9896,206,480,''),(9897,209,480,''),(9898,59,481,'43/2023'),(9899,60,481,''),(9900,111,481,''),(9901,61,481,''),(9902,201,481,''),(9903,64,481,''),(9904,222,481,''),(9905,202,481,''),(9906,203,481,''),(9907,204,481,''),(9908,205,481,''),(9909,233,481,''),(9910,207,481,''),(9911,219,481,''),(9912,75,481,''),(9913,68,481,'0'),(9914,74,481,'0'),(9915,112,481,''),(9916,220,481,''),(9917,221,481,''),(9918,113,481,''),(9919,210,481,''),(9920,211,481,''),(9921,114,481,''),(9922,115,481,''),(9923,116,481,''),(9924,117,481,''),(9925,206,481,''),(9926,209,481,''),(9927,59,482,'44/2023'),(9928,60,482,''),(9929,111,482,''),(9930,61,482,''),(9931,201,482,''),(9932,64,482,''),(9933,222,482,''),(9934,202,482,''),(9935,203,482,''),(9936,204,482,''),(9937,205,482,''),(9938,233,482,''),(9939,207,482,''),(9940,219,482,''),(9941,75,482,''),(9942,68,482,'0'),(9943,74,482,'0'),(9944,112,482,''),(9945,220,482,''),(9946,221,482,''),(9947,113,482,''),(9948,210,482,''),(9949,211,482,''),(9950,114,482,''),(9951,115,482,''),(9952,116,482,''),(9953,117,482,''),(9954,206,482,''),(9955,209,482,''),(9956,59,483,'45/2023'),(9957,60,483,''),(9958,111,483,''),(9959,61,483,''),(9960,201,483,''),(9961,64,483,''),(9962,222,483,''),(9963,202,483,''),(9964,203,483,''),(9965,204,483,''),(9966,205,483,''),(9967,233,483,''),(9968,207,483,''),(9969,219,483,''),(9970,75,483,''),(9971,68,483,'0'),(9972,74,483,'0'),(9973,112,483,''),(9974,220,483,''),(9975,221,483,''),(9976,113,483,''),(9977,210,483,''),(9978,211,483,''),(9979,114,483,''),(9980,115,483,''),(9981,116,483,''),(9982,117,483,''),(9983,206,483,''),(9984,209,483,''),(9985,59,484,'46/2023'),(9986,60,484,''),(9987,111,484,''),(9988,61,484,''),(9989,201,484,''),(9990,64,484,''),(9991,222,484,''),(9992,202,484,''),(9993,203,484,''),(9994,204,484,''),(9995,205,484,''),(9996,233,484,''),(9997,207,484,''),(9998,219,484,''),(9999,75,484,''),(10000,68,484,'0'),(10001,74,484,'0'),(10002,112,484,''),(10003,220,484,''),(10004,221,484,''),(10005,113,484,''),(10006,210,484,''),(10007,211,484,''),(10008,114,484,''),(10009,115,484,''),(10010,116,484,''),(10011,117,484,''),(10012,206,484,''),(10013,209,484,''),(10014,59,485,'47/2023'),(10015,60,485,''),(10016,111,485,''),(10017,61,485,''),(10018,201,485,''),(10019,64,485,''),(10020,222,485,''),(10021,202,485,''),(10022,203,485,''),(10023,204,485,''),(10024,205,485,''),(10025,233,485,''),(10026,207,485,''),(10027,219,485,''),(10028,75,485,''),(10029,68,485,'0'),(10030,74,485,'0'),(10031,112,485,''),(10032,220,485,''),(10033,221,485,''),(10034,113,485,''),(10035,210,485,''),(10036,211,485,''),(10037,114,485,''),(10038,115,485,''),(10039,116,485,''),(10040,117,485,''),(10041,206,485,''),(10042,209,485,''),(10043,59,486,'40/2023'),(10044,60,486,''),(10045,111,486,''),(10046,61,486,'Inauto'),(10047,201,486,'0'),(10048,64,486,''),(10049,222,486,'0'),(10050,202,486,''),(10051,203,486,''),(10052,204,486,''),(10053,205,486,''),(10054,233,486,''),(10055,207,486,'0'),(10056,219,486,'0'),(10057,75,486,'1111AAA'),(10058,68,486,'0'),(10059,74,486,'0'),(10060,112,486,''),(10061,220,486,''),(10062,221,486,''),(10063,113,486,''),(10064,210,486,''),(10065,211,486,''),(10066,114,486,''),(10067,115,486,''),(10068,116,486,''),(10069,117,486,''),(10070,206,486,''),(10071,209,486,''),(10072,62,486,''),(10073,63,486,''),(10074,66,486,''),(10075,67,486,''),(10076,59,487,'40/2023'),(10077,60,487,'Otros'),(10078,111,487,'Solicitud informe tráfico'),(10079,61,487,'Noray'),(10080,201,487,'0'),(10081,64,487,'A6767'),(10082,222,487,'0'),(10083,202,487,''),(10084,203,487,''),(10085,204,487,''),(10086,205,487,''),(10087,233,487,''),(10088,207,487,'0'),(10089,219,487,'0'),(10090,75,487,'1655HFS'),(10091,68,487,'0'),(10092,74,487,'0'),(10093,112,487,''),(10094,220,487,''),(10095,221,487,''),(10096,113,487,''),(10097,210,487,''),(10098,211,487,''),(10099,114,487,''),(10100,115,487,''),(10101,116,487,''),(10102,117,487,''),(10103,206,487,''),(10104,209,487,''),(10105,62,487,'Cádiz'),(10106,63,487,'NORAY'),(10107,66,487,'.'),(10108,67,487,'.'),(10109,69,487,'0'),(10110,70,487,''),(10111,71,487,'0'),(10112,72,487,'0'),(10113,73,487,'0'),(10114,212,487,'0'),(10115,213,487,'0'),(10116,214,487,'0'),(10117,171,487,''),(10118,172,487,''),(10119,59,488,'41/2023'),(10120,60,488,'Notificación de venta y Transferencia'),(10121,111,488,''),(10122,61,488,'Gadir'),(10123,201,488,'0'),(10124,64,488,'B72320484'),(10125,222,488,'0'),(10126,202,488,''),(10127,203,488,''),(10128,204,488,''),(10129,205,488,''),(10130,233,488,''),(10131,207,488,'0'),(10132,219,488,'0'),(10133,75,488,'6936KKG'),(10134,68,488,'0'),(10135,74,488,'0'),(10136,112,488,'{\"nombre\":\"DNI(112).pdf\"}'),(10137,220,488,''),(10138,221,488,''),(10139,113,488,'{\"nombre\":\"Orden de mandato electrónico(113).pdf\"}'),(10140,210,488,''),(10141,211,488,''),(10142,114,488,'{\"nombre\":\"Ficha técnica(114).pdf\"}'),(10143,115,488,'{\"nombre\":\"Permiso de circulación(115).pdf\"}'),(10144,116,488,''),(10145,117,488,'{\"nombre\":\"Factura de venta(117).pdf\"}'),(10146,206,488,'{\"nombre\":\"Contrato de compraventa(206).pdf\"}'),(10147,209,488,''),(10148,62,488,'Jerez'),(10149,63,488,'HIPAUTO MOTOR SL'),(10150,66,488,'KIA'),(10151,67,488,'CEED'),(10152,69,488,'0'),(10153,70,488,''),(10154,71,488,'0'),(10155,72,488,'0'),(10156,73,488,'0'),(10157,212,488,'0'),(10158,213,488,'0'),(10159,214,488,'0'),(10160,171,488,''),(10161,172,488,''),(10162,76,487,''),(10163,178,487,'{\"nombre\":\"Documentación adicional (I_V)(178).PDF\"}'),(10164,179,487,''),(10165,180,487,''),(10166,181,487,''),(10167,182,487,''),(10168,41,489,'42/2023'),(10169,42,489,'Matrícula simple'),(10170,43,489,'Tysa'),(10171,45,489,'FRANCISCO CABEZAS PEDROSA'),(10172,188,489,'0'),(10173,46,489,'52352141R'),(10174,223,489,'0'),(10175,189,489,''),(10176,190,489,''),(10177,191,489,''),(10178,192,489,''),(10179,232,489,''),(10180,215,489,'0'),(10181,48,489,'FORD'),(10182,49,489,'KUGA ST LINE '),(10183,50,489,'29028.44'),(10184,56,489,'695'),(10185,90,489,'{\"nombre\":\"Documento DNI(90).pdf\"}'),(10186,217,489,''),(10187,218,489,''),(10188,91,489,'{\"nombre\":\"Orden de mandato electrónico(91).pdf\"}'),(10189,92,489,'{\"nombre\":\"Ficha Técnica del vehículo(92).pdf\"}'),(10190,93,489,''),(10191,94,489,''),(10192,95,489,''),(10193,96,489,''),(10194,165,489,''),(10195,97,489,''),(10196,98,489,''),(10197,164,489,''),(10198,99,489,'0'),(10199,124,489,''),(10200,100,489,''),(10201,102,489,''),(10202,103,489,''),(10203,104,489,''),(10204,105,489,''),(10205,106,489,''),(10206,107,489,''),(10207,108,489,''),(10208,109,489,''),(10209,110,489,''),(10210,125,489,''),(10211,126,489,''),(10212,127,489,''),(10213,132,489,''),(10214,128,489,'0'),(10215,129,489,''),(10216,130,489,''),(10217,131,489,''),(10218,187,489,''),(10219,193,489,''),(10220,194,489,''),(10221,195,489,''),(10222,196,489,''),(10223,197,489,''),(10224,198,489,''),(10225,199,489,''),(10226,200,489,''),(10227,234,489,'0'),(10228,235,489,''),(10229,185,489,''),(10230,44,489,'Lucena'),(10231,47,489,'WF0FXXWPMHPD73242'),(10232,41,490,'43/2023'),(10233,42,490,'Matrícula simple'),(10234,43,490,'Tysa'),(10235,45,490,'ARACELI TRUEBA LAWAND'),(10236,188,490,'0'),(10237,46,490,'28782880J'),(10238,223,490,'0'),(10239,189,490,''),(10240,190,490,''),(10241,191,490,''),(10242,192,490,''),(10243,232,490,''),(10244,215,490,'0'),(10245,48,490,'FORD'),(10246,49,490,'PUMA'),(10247,50,490,'20733.93'),(10248,56,490,'0'),(10249,90,490,'{\"nombre\":\"Documento DNI(90).pdf\"}'),(10250,217,490,''),(10251,218,490,''),(10252,91,490,'{\"nombre\":\"Orden de mandato electrónico(91).pdf\"}'),(10253,92,490,'{\"nombre\":\"Ficha Técnica del vehículo(92).pdf\"}'),(10254,93,490,''),(10255,94,490,''),(10256,95,490,''),(10257,96,490,''),(10258,165,490,''),(10259,97,490,''),(10260,98,490,''),(10261,164,490,''),(10262,99,490,'0'),(10263,124,490,''),(10264,100,490,''),(10265,102,490,''),(10266,103,490,''),(10267,104,490,''),(10268,105,490,''),(10269,106,490,''),(10270,107,490,''),(10271,108,490,''),(10272,109,490,''),(10273,110,490,''),(10274,125,490,''),(10275,126,490,''),(10276,127,490,''),(10277,132,490,''),(10278,128,490,'0'),(10279,129,490,''),(10280,130,490,''),(10281,131,490,''),(10282,187,490,''),(10283,193,490,''),(10284,194,490,''),(10285,195,490,''),(10286,196,490,''),(10287,197,490,''),(10288,198,490,''),(10289,199,490,''),(10290,200,490,''),(10291,234,490,'1'),(10292,235,490,'{\"nombre\":\"Documento NRC(235).pdf\"}'),(10293,185,490,''),(10294,44,490,'Sevilla'),(10295,47,490,'WF02XXERK2PY48993'),(10296,51,490,'0'),(10297,52,490,''),(10298,53,490,'0'),(10299,54,490,'0'),(10300,55,490,'0'),(10301,166,490,'{\"nombre\":\"Permiso circulación provisional(166).PDF\"}'),(10302,167,490,'{\"nombre\":\"Ficha técnica provisional(167).PDF\"}'),(10303,168,490,'{\"nombre\":\"Modelo 576(168).PDF\"}'),(10304,169,490,'{\"nombre\":\"Alta IVTM(169).PDF\"}'),(10305,170,490,'{\"nombre\":\"Pago IVTM(170).PDF\"}'),(10306,57,490,'3704MKL'),(10307,123,490,''),(10308,183,490,'0'),(10309,184,490,''),(10310,186,490,''),(10311,76,488,''),(10312,178,488,''),(10313,179,488,''),(10314,180,488,''),(10315,181,488,''),(10316,182,488,''),(10317,51,489,'0'),(10318,52,489,''),(10319,53,489,'0'),(10320,54,489,'0'),(10321,55,489,'0'),(10322,166,489,'{\"nombre\":\"Permiso circulación provisional(166).PDF\"}'),(10323,167,489,'{\"nombre\":\"Ficha técnica provisional(167).PDF\"}'),(10324,168,489,'{\"nombre\":\"Modelo 576(168).PDF\"}'),(10325,169,489,'{\"nombre\":\"Alta IVTM(169).PDF\"}'),(10326,170,489,''),(10327,57,489,'3930MKL'),(10328,123,489,''),(10329,183,489,'0'),(10330,184,489,''),(10331,186,489,''),(10332,59,491,'44/2023'),(10333,60,491,'Transferencia'),(10334,111,491,''),(10335,61,491,'Gysa'),(10336,201,491,'1'),(10337,64,491,''),(10338,222,491,'0'),(10339,202,491,'B09393182'),(10340,203,491,'{\"nombre\":\"DNI Administrador(203).pdf\"}'),(10341,204,491,'{\"nombre\":\"CIF documento(204).pdf\"}'),(10342,205,491,'{\"nombre\":\"Sustitutivos de poderes(205).pdf\"}'),(10343,233,491,''),(10344,207,491,'0'),(10345,219,491,'0'),(10346,75,491,'7760LXW'),(10347,68,491,'39834.71'),(10348,74,491,'0'),(10349,112,491,'{\"nombre\":\"DNI(112).pdf\"}'),(10350,220,491,''),(10351,221,491,''),(10352,113,491,'{\"nombre\":\"Orden de mandato electrónico(113).pdf\"}'),(10353,210,491,''),(10354,211,491,'{\"nombre\":\"Orden de mandato electrónico comprador(211).pdf\"}'),(10355,114,491,'{\"nombre\":\"Ficha técnica(114).pdf\"}'),(10356,115,491,'{\"nombre\":\"Permiso de circulación(115).pdf\"}'),(10357,116,491,''),(10358,117,491,'{\"nombre\":\"Factura de venta(117).pdf\"}'),(10359,206,491,''),(10360,209,491,''),(10361,62,491,'Córdoba'),(10362,63,491,'FAUSTO MOTOR 4X4 SL'),(10363,66,491,'LAND ROVER'),(10364,67,491,'DISCOVERY SPORT'),(10365,69,491,'0'),(10366,70,491,''),(10367,71,491,'0'),(10368,72,491,'0'),(10369,73,491,'0'),(10370,212,491,'0'),(10371,213,491,'0'),(10372,214,491,'0'),(10373,171,491,'{\"nombre\":\"Permiso circulación provisional(171).PDF\"}'),(10374,172,491,''),(10424,76,491,''),(10425,178,491,''),(10426,179,491,''),(10427,180,491,''),(10428,181,491,''),(10429,182,491,''),(10430,41,493,'46/2023'),(10431,42,493,'Matricula con exención de discapacidad'),(10432,43,493,'Inauto'),(10433,45,493,'ESPERANZA LUISA GALEA GUISADO'),(10434,188,493,'0'),(10435,46,493,'32850031M'),(10436,223,493,'0'),(10437,189,493,''),(10438,190,493,''),(10439,191,493,''),(10440,192,493,''),(10441,232,493,''),(10442,215,493,'0'),(10443,48,493,'CITROEN'),(10444,49,493,'C3 AIRCROSS PT SHINE PACK'),(10445,50,493,'18657.85'),(10446,56,493,'600'),(10447,90,493,'{\"nombre\":\"Documento DNI(90).pdf\"}'),(10448,217,493,''),(10449,218,493,''),(10450,91,493,''),(10451,92,493,''),(10452,93,493,''),(10453,94,493,'{\"nombre\":\"Ficha técnica del vehículo(94).pdf\"}'),(10454,95,493,'{\"nombre\":\"Autorización hacienda(95).pdf\"}'),(10455,96,493,'{\"nombre\":\"Modelo 05(96).pdf\"}'),(10456,165,493,''),(10457,97,493,'{\"nombre\":\"Certificado de discapacidad(97).pdf\"}'),(10458,98,493,'{\"nombre\":\"Factura de venta(98).pdf\"}'),(10459,164,493,''),(10460,99,493,'0'),(10461,124,493,'{\"nombre\":\"Carnet de conducir del solicitante(124).pdf\"}'),(10462,100,493,''),(10463,102,493,''),(10464,103,493,''),(10465,104,493,''),(10466,105,493,''),(10467,106,493,''),(10468,107,493,''),(10469,108,493,''),(10470,109,493,''),(10471,110,493,''),(10472,125,493,''),(10473,126,493,''),(10474,127,493,''),(10475,132,493,''),(10476,128,493,'0'),(10477,129,493,''),(10478,130,493,''),(10479,131,493,''),(10480,187,493,''),(10481,193,493,''),(10482,194,493,''),(10483,195,493,''),(10484,196,493,''),(10485,197,493,''),(10486,198,493,''),(10487,199,493,''),(10488,200,493,''),(10489,234,493,'0'),(10490,235,493,''),(10491,185,493,''),(10492,44,493,'Cádiz'),(10493,47,493,'VF72RHNPMP4219780'),(10494,173,493,''),(10495,174,493,''),(10496,175,493,''),(10497,176,493,''),(10498,177,493,''),(10499,59,494,'47/2023'),(10500,60,494,'Transferencia'),(10501,111,494,''),(10502,61,494,'Inauto'),(10503,201,494,'1'),(10504,64,494,''),(10505,222,494,'0'),(10506,202,494,'A41197161'),(10507,203,494,''),(10508,204,494,''),(10509,205,494,''),(10510,233,494,''),(10511,207,494,'0'),(10512,219,494,'0'),(10513,75,494,'1157LCM'),(10514,68,494,'12900'),(10515,74,494,'0'),(10516,112,494,'{\"nombre\":\"DNI(112).pdf\"}'),(10517,220,494,''),(10518,221,494,''),(10519,113,494,'{\"nombre\":\"Orden de mandato electrónico(113).pdf\"}'),(10520,210,494,''),(10521,211,494,'{\"nombre\":\"Orden de mandato electrónico comprador(211).pdf\"}'),(10522,114,494,'{\"nombre\":\"Ficha técnica(114).pdf\"}'),(10523,115,494,'{\"nombre\":\"Permiso de circulación(115).pdf\"}'),(10524,116,494,''),(10525,117,494,''),(10526,206,494,''),(10527,209,494,''),(10528,62,494,'Cádiz'),(10529,63,494,'INAUTO '),(10530,66,494,'CITROEN '),(10531,67,494,'Transferencia a nombre de INUAUTO 1157LCM'),(10532,69,494,'0'),(10533,70,494,''),(10534,71,494,'0'),(10535,72,494,'0'),(10536,73,494,'0'),(10537,212,494,'0'),(10538,213,494,'0'),(10539,214,494,'0'),(10540,171,494,''),(10541,172,494,''),(10542,59,495,'48/2023'),(10543,60,495,'Transferencia'),(10544,111,495,''),(10545,61,495,'Autos Pisa'),(10546,201,495,'1'),(10547,64,495,''),(10548,222,495,'0'),(10549,202,495,'B90365453'),(10550,203,495,'{\"nombre\":\"DNI Administrador(203).pdf\"}'),(10551,204,495,'{\"nombre\":\"CIF documento(204).pdf\"}'),(10552,205,495,'{\"nombre\":\"Sustitutivos de poderes(205).pdf\"}'),(10553,233,495,''),(10554,207,495,'0'),(10555,219,495,'0'),(10556,75,495,'3407KYY'),(10557,68,495,'78512.40'),(10558,74,495,'0'),(10559,112,495,''),(10560,220,495,''),(10561,221,495,''),(10562,113,495,''),(10563,210,495,'{\"nombre\":\"DNI comprador(210).pdf\"}'),(10564,211,495,'{\"nombre\":\"Orden de mandato electrónico comprador(211).pdf\"}'),(10565,114,495,'{\"nombre\":\"Ficha técnica(114).pdf\"}'),(10566,115,495,'{\"nombre\":\"Permiso de circulación(115).pdf\"}'),(10567,116,495,''),(10568,117,495,'{\"nombre\":\"Factura de venta(117).pdf\"}'),(10569,206,495,''),(10570,209,495,''),(10571,62,495,'Sevilla'),(10572,63,495,'KAIZEN DECOR SPAIN SL'),(10573,66,495,'PORSCHE'),(10574,67,495,'CARRERA 992'),(10575,178,495,''),(10576,58,489,''),(10577,173,489,''),(10578,174,489,''),(10579,175,489,''),(10580,176,489,''),(10581,177,489,''),(10582,59,496,'49/2023'),(10583,60,496,'Notificación de venta'),(10584,111,496,''),(10585,61,496,'Inauto'),(10586,201,496,'0'),(10587,64,496,'A41197161'),(10588,222,496,'0'),(10589,202,496,''),(10590,203,496,''),(10591,204,496,''),(10592,205,496,''),(10593,233,496,''),(10594,207,496,'0'),(10595,219,496,'0'),(10596,75,496,'6739DKR'),(10597,68,496,'1000'),(10598,74,496,'0'),(10599,112,496,'{\"nombre\":\"DNI(112).pdf\"}'),(10600,220,496,''),(10601,221,496,''),(10602,113,496,''),(10603,210,496,''),(10604,211,496,''),(10605,114,496,'{\"nombre\":\"Ficha técnica(114).pdf\"}'),(10606,115,496,'{\"nombre\":\"Permiso de circulación(115).pdf\"}'),(10607,116,496,''),(10608,117,496,''),(10609,206,496,'{\"nombre\":\"Contrato de compraventa(206).pdf\"}'),(10610,209,496,''),(10611,62,496,'Cádiz'),(10612,63,496,'INAUTO'),(10613,66,496,'MAZDA 3'),(10614,67,496,'MAZDA 3'),(10615,69,496,'0'),(10616,70,496,''),(10617,71,496,'0'),(10618,72,496,'0'),(10619,73,496,'0'),(10620,212,496,'0'),(10621,213,496,'0'),(10622,214,496,'0'),(10623,171,496,''),(10624,172,496,''),(10625,58,490,''),(10626,173,490,''),(10627,174,490,''),(10628,175,490,''),(10629,176,490,''),(10630,177,490,''),(10631,76,494,''),(10632,178,494,''),(10633,179,494,''),(10634,180,494,''),(10635,181,494,''),(10636,182,494,''),(10637,76,496,''),(10638,178,496,''),(10639,179,496,''),(10640,180,496,''),(10641,181,496,''),(10642,182,496,''),(10643,41,497,'50/2023'),(10644,42,497,'Matrícula simple'),(10645,43,497,'Autos Pisa'),(10646,45,497,'AUTOS PISA SL'),(10647,188,497,'0'),(10648,46,497,''),(10649,223,497,'0'),(10650,189,497,'B41895947'),(10651,190,497,'{\"nombre\":\"DNI administrador(190).pdf\"}'),(10652,191,497,'{\"nombre\":\"CIF documento(191).pdf\"}'),(10653,192,497,''),(10654,232,497,''),(10655,215,497,'0'),(10656,48,497,'PORSCHE'),(10657,49,497,'MACAN'),(10658,50,497,'58528.48'),(10659,56,497,'0'),(10660,90,497,''),(10661,217,497,''),(10662,218,497,''),(10663,91,497,''),(10664,92,497,'{\"nombre\":\"Ficha Técnica del vehículo(92).pdf\"}'),(10665,93,497,'{\"nombre\":\"Factura de venta(93).pdf\"}'),(10666,94,497,''),(10667,95,497,''),(10668,96,497,''),(10669,165,497,''),(10670,97,497,''),(10671,98,497,''),(10672,164,497,''),(10673,99,497,'0'),(10674,124,497,''),(10675,100,497,''),(10676,102,497,''),(10677,103,497,''),(10678,104,497,''),(10679,105,497,''),(10680,106,497,''),(10681,107,497,''),(10682,108,497,''),(10683,109,497,''),(10684,110,497,''),(10685,125,497,''),(10686,126,497,''),(10687,127,497,''),(10688,132,497,''),(10689,128,497,'0'),(10690,129,497,''),(10691,130,497,''),(10692,131,497,''),(10693,187,497,''),(10694,193,497,''),(10695,194,497,''),(10696,195,497,''),(10697,196,497,''),(10698,197,497,''),(10699,198,497,''),(10700,199,497,''),(10701,200,497,''),(10702,234,497,'1'),(10703,235,497,'{\"nombre\":\"Documento NRC(235).pdf\"}'),(10704,185,497,''),(10705,44,497,'Sevilla'),(10706,47,497,'WP1ZZZ954RLB03058'),(10707,59,498,'51/2023'),(10708,60,498,'Otros'),(10709,111,498,'Solicitud informe tráfico'),(10710,61,498,'Noray'),(10711,201,498,'0'),(10712,64,498,'A67670430'),(10713,222,498,'0'),(10714,202,498,''),(10715,203,498,''),(10716,204,498,''),(10717,205,498,''),(10718,233,498,''),(10719,207,498,'0'),(10720,219,498,'0'),(10721,75,498,'8880HRT'),(10722,68,498,'0'),(10723,74,498,'0'),(10724,112,498,''),(10725,220,498,''),(10726,221,498,''),(10727,113,498,''),(10728,210,498,''),(10729,211,498,''),(10730,114,498,''),(10731,115,498,''),(10732,116,498,''),(10733,117,498,''),(10734,206,498,''),(10735,209,498,''),(10736,62,498,'Algeciras'),(10737,63,498,'NORAY'),(10738,66,498,'.'),(10739,67,498,'.'),(10740,69,498,'0'),(10741,70,498,''),(10742,71,498,'0'),(10743,72,498,'0'),(10744,73,498,'0'),(10745,212,498,'0'),(10746,213,498,'0'),(10747,214,498,'0'),(10748,171,498,''),(10749,172,498,''),(10750,51,497,'0'),(10751,52,497,''),(10752,53,497,'0'),(10753,54,497,'0'),(10754,55,497,'0'),(10755,166,497,''),(10756,167,497,''),(10757,168,497,''),(10758,169,497,''),(10759,170,497,''),(10760,57,497,''),(10761,123,497,''),(10762,183,497,'0'),(10763,184,497,''),(10764,186,497,''),(10765,179,495,''),(10766,180,495,''),(10767,181,495,''),(10768,182,495,''),(10769,58,497,''),(10770,173,497,''),(10771,174,497,''),(10772,175,497,''),(10773,176,497,''),(10774,177,497,''),(10775,76,498,''),(10776,178,498,'{\"nombre\":\"Documentación adicional (I_V)(178).PDF\"}'),(10777,179,498,''),(10778,180,498,''),(10779,181,498,''),(10780,182,498,''),(10781,69,495,'0'),(10782,70,495,''),(10783,71,495,'0'),(10784,72,495,'0'),(10785,73,495,'0'),(10786,212,495,'0'),(10787,213,495,'0'),(10788,214,495,'0'),(10789,171,495,'{\"nombre\":\"Permiso circulación provisional(171).PDF\"}'),(10790,172,495,''),(10791,41,499,'52/2023'),(10792,42,499,'Matricula con exención de discapacidad'),(10793,43,499,'Noray'),(10794,45,499,'MARIA DEL CARMEN MOTA PEREZ'),(10795,188,499,'0'),(10796,46,499,'31247473H'),(10797,223,499,'0'),(10798,189,499,''),(10799,190,499,''),(10800,191,499,''),(10801,192,499,''),(10802,232,499,''),(10803,215,499,'0'),(10804,48,499,'KIA'),(10805,49,499,'SPORTAGE'),(10806,50,499,'20669.42'),(10807,56,499,'790'),(10808,90,499,'{\"nombre\":\"Documento DNI(90).pdf\"}'),(10809,217,499,''),(10810,218,499,''),(10811,91,499,'{\"nombre\":\"Orden de mandato electrónico(91).pdf\"}'),(10812,92,499,''),(10813,93,499,''),(10814,94,499,'{\"nombre\":\"Ficha técnica del vehículo(94).pdf\"}'),(10815,95,499,'{\"nombre\":\"Autorización hacienda(95).pdf\"}'),(10816,96,499,'{\"nombre\":\"Modelo 05(96).pdf\"}'),(10817,165,499,''),(10818,97,499,'{\"nombre\":\"Certificado de discapacidad(97).pdf\"}'),(10819,98,499,'{\"nombre\":\"Factura de venta(98).pdf\"}'),(10820,164,499,'{\"nombre\":\"Declaración jurada firmada por el cliente(164).pdf\"}'),(10821,99,499,'0'),(10822,124,499,''),(10823,100,499,'{\"nombre\":\"Carné de conducir del conductor(100).pdf\"}'),(10824,102,499,'{\"nombre\":\"Certificado de empadronamiento colectivo(102).pdf\"}'),(10825,103,499,''),(10826,104,499,''),(10827,105,499,''),(10828,106,499,''),(10829,107,499,''),(10830,108,499,''),(10831,109,499,''),(10832,110,499,''),(10833,125,499,''),(10834,126,499,''),(10835,127,499,''),(10836,132,499,''),(10837,128,499,'0'),(10838,129,499,''),(10839,130,499,''),(10840,131,499,''),(10841,187,499,'{\"nombre\":\"Orden de mandato(187).pdf\"}'),(10842,193,499,''),(10843,194,499,''),(10844,195,499,''),(10845,196,499,''),(10846,197,499,''),(10847,198,499,''),(10848,199,499,''),(10849,200,499,''),(10850,234,499,'0'),(10851,235,499,''),(10852,185,499,''),(10853,44,499,'Cádiz'),(10854,47,499,'U5YPU81BAPL200684'),(10855,41,500,'53/2023'),(10856,42,500,'Matrícula simple'),(10857,43,500,'Noray'),(10858,45,500,'MOISES MORENO HERRERA-PICAZO'),(10859,188,500,'0'),(10860,46,500,'31679055M'),(10861,223,500,'1'),(10862,189,500,''),(10863,190,500,''),(10864,191,500,''),(10865,192,500,''),(10866,232,500,''),(10867,215,500,'0'),(10868,48,500,'KIA'),(10869,49,500,'SPORTAGE'),(10870,50,500,'26005.01'),(10871,56,500,'400'),(10872,90,500,'{\"nombre\":\"Documento DNI(90).pdf\"}'),(10873,217,500,''),(10874,218,500,'{\"nombre\":\"Certificado empadronamiento(218).pdf\"}'),(10875,91,500,'{\"nombre\":\"Orden de mandato electrónico(91).pdf\"}'),(10876,92,500,'{\"nombre\":\"Ficha Técnica del vehículo(92).pdf\"}'),(10877,93,500,'{\"nombre\":\"Factura de venta(93).pdf\"}'),(10878,94,500,''),(10879,95,500,''),(10880,96,500,''),(10881,165,500,''),(10882,97,500,''),(10883,98,500,''),(10884,164,500,''),(10885,99,500,'0'),(10886,124,500,''),(10887,100,500,''),(10888,102,500,''),(10889,103,500,''),(10890,104,500,''),(10891,105,500,''),(10892,106,500,''),(10893,107,500,''),(10894,108,500,''),(10895,109,500,''),(10896,110,500,''),(10897,125,500,''),(10898,126,500,''),(10899,127,500,''),(10900,132,500,''),(10901,128,500,'0'),(10902,129,500,''),(10903,130,500,''),(10904,131,500,''),(10905,187,500,''),(10906,193,500,''),(10907,194,500,''),(10908,195,500,''),(10909,196,500,''),(10910,197,500,''),(10911,198,500,''),(10912,199,500,''),(10913,200,500,''),(10914,234,500,'0'),(10915,235,500,''),(10916,185,500,''),(10917,44,500,'Algeciras'),(10918,47,500,'U5YPV81GBPL111425'),(10919,51,500,'0'),(10920,52,500,''),(10921,53,500,'0'),(10922,54,500,'0'),(10923,55,500,'0'),(10924,166,500,'{\"nombre\":\"Permiso circulación provisional(166).PDF\"}'),(10925,167,500,'{\"nombre\":\"Ficha técnica provisional(167).PDF\"}'),(10926,168,500,'{\"nombre\":\"Modelo 576(168).PDF\"}'),(10927,169,500,'{\"nombre\":\"Alta IVTM(169).PDF\"}'),(10928,170,500,'{\"nombre\":\"Pago IVTM(170).PDF\"}'),(10929,57,500,'4895MKL'),(10930,123,500,''),(10931,183,500,'0'),(10932,184,500,''),(10933,186,500,''),(10934,58,500,''),(10935,173,500,''),(10936,174,500,''),(10937,175,500,''),(10938,176,500,''),(10939,177,500,''),(10940,51,499,'0'),(10941,52,499,''),(10942,53,499,'0'),(10943,54,499,'0'),(10944,55,499,'0'),(10945,166,499,'{\"nombre\":\"Permiso circulación provisional(166).PDF\"}'),(10946,167,499,'{\"nombre\":\"Ficha técnica provisional(167).PDF\"}'),(10947,168,499,''),(10948,169,499,''),(10949,170,499,''),(10950,57,499,'1963MKT'),(10951,123,499,''),(10952,183,499,'0'),(10953,184,499,''),(10954,186,499,''),(10955,59,501,'54/2023'),(10956,60,501,''),(10957,111,501,''),(10958,61,501,'Inauto'),(10959,201,501,'0'),(10960,64,501,''),(10961,222,501,'0'),(10962,202,501,''),(10963,203,501,''),(10964,204,501,''),(10965,205,501,''),(10966,233,501,''),(10967,207,501,'0'),(10968,219,501,'0'),(10969,75,501,'1111AAA'),(10970,68,501,'0'),(10971,74,501,'0'),(10972,112,501,'{\"nombre\":\"DNI(112).jpg\"}'),(10973,220,501,''),(10974,221,501,''),(10975,113,501,''),(10976,210,501,''),(10977,211,501,''),(10978,114,501,''),(10979,115,501,''),(10980,116,501,''),(10981,117,501,''),(10982,206,501,''),(10983,209,501,''),(10984,62,501,''),(10985,63,501,''),(10986,66,501,''),(10987,67,501,''),(10988,59,502,'55/2023'),(10989,60,502,''),(10990,111,502,''),(10991,61,502,'Gysa'),(10992,201,502,'0'),(10993,64,502,''),(10994,222,502,'0'),(10995,202,502,''),(10996,203,502,''),(10997,204,502,''),(10998,205,502,''),(10999,233,502,''),(11000,207,502,'0'),(11001,219,502,'0'),(11002,75,502,'1111AAA'),(11003,68,502,'0'),(11004,74,502,'0'),(11005,112,502,'{\"nombre\":\"DNI(112).jpg\"}'),(11006,220,502,''),(11007,221,502,''),(11008,113,502,''),(11009,210,502,''),(11010,211,502,''),(11011,114,502,''),(11012,115,502,''),(11013,116,502,''),(11014,117,502,''),(11015,206,502,''),(11016,209,502,''),(11017,62,502,''),(11018,63,502,''),(11019,66,502,''),(11020,67,502,''),(11021,76,495,''),(11022,237,495,''),(11023,239,495,''),(11024,237,488,''),(11025,239,488,''),(11026,41,503,'54/2023'),(11027,42,503,'Matrícula simple'),(11028,43,503,'Inauto'),(11029,45,503,'mercedes nuñez macias'),(11030,188,503,'0'),(11031,46,503,'31609253P'),(11032,223,503,'0'),(11033,189,503,''),(11034,190,503,''),(11035,191,503,''),(11036,192,503,''),(11037,232,503,''),(11038,215,503,'0'),(11039,48,503,'OPEL'),(11040,49,503,'OPEL CORSA'),(11041,50,503,'15780.58'),(11042,56,503,'450'),(11043,90,503,'{\"nombre\":\"Documento DNI(90).pdf\"}'),(11044,217,503,''),(11045,218,503,''),(11046,91,503,'{\"nombre\":\"Orden de mandato electrónico(91).pdf\"}'),(11047,92,503,'{\"nombre\":\"Ficha Técnica del vehículo(92).pdf\"}'),(11048,93,503,'{\"nombre\":\"Factura de venta(93).pdf\"}'),(11049,94,503,''),(11050,95,503,''),(11051,96,503,''),(11052,165,503,''),(11053,97,503,''),(11054,98,503,''),(11055,164,503,''),(11056,99,503,'0'),(11057,124,503,''),(11058,100,503,''),(11059,102,503,''),(11060,103,503,''),(11061,104,503,''),(11062,105,503,''),(11063,106,503,''),(11064,107,503,''),(11065,108,503,''),(11066,109,503,''),(11067,110,503,''),(11068,125,503,''),(11069,126,503,''),(11070,127,503,''),(11071,132,503,''),(11072,128,503,'0'),(11073,129,503,''),(11074,130,503,''),(11075,131,503,''),(11076,187,503,''),(11077,193,503,''),(11078,194,503,''),(11079,195,503,''),(11080,196,503,''),(11081,197,503,''),(11082,198,503,''),(11083,199,503,''),(11084,200,503,''),(11085,234,503,'0'),(11086,235,503,''),(11087,185,503,''),(11088,44,503,'Jerez'),(11089,47,503,'VXKUPHNEKP4219178'),(11090,238,503,''),(11091,173,503,''),(11092,174,503,''),(11093,175,503,''),(11094,176,503,''),(11095,177,503,''),(11096,41,504,'55/2023'),(11097,42,504,'Matrícula simple'),(11098,43,504,'Tysa'),(11099,45,504,'JONATAN CARO CABELLERO'),(11100,188,504,'0'),(11101,46,504,'53273463N'),(11102,223,504,'0'),(11103,189,504,''),(11104,190,504,''),(11105,191,504,''),(11106,192,504,''),(11107,232,504,''),(11108,215,504,'0'),(11109,48,504,'FORD'),(11110,49,504,'KUGA ST LINE'),(11111,50,504,'29192.53'),(11112,56,504,'200'),(11113,90,504,'{\"nombre\":\"Documento DNI(90).pdf\"}'),(11114,217,504,''),(11115,218,504,''),(11116,91,504,'{\"nombre\":\"Orden de mandato electrónico(91).pdf\"}'),(11117,92,504,'{\"nombre\":\"Ficha Técnica del vehículo(92).pdf\"}'),(11118,93,504,''),(11119,94,504,''),(11120,95,504,''),(11121,96,504,''),(11122,165,504,''),(11123,97,504,''),(11124,98,504,''),(11125,164,504,''),(11126,99,504,'0'),(11127,124,504,''),(11128,100,504,''),(11129,102,504,''),(11130,103,504,''),(11131,104,504,''),(11132,105,504,''),(11133,106,504,''),(11134,107,504,''),(11135,108,504,''),(11136,109,504,''),(11137,110,504,''),(11138,125,504,''),(11139,126,504,''),(11140,127,504,''),(11141,132,504,''),(11142,128,504,'0'),(11143,129,504,''),(11144,130,504,''),(11145,131,504,''),(11146,187,504,''),(11147,193,504,''),(11148,194,504,''),(11149,195,504,''),(11150,196,504,''),(11151,197,504,''),(11152,198,504,''),(11153,199,504,''),(11154,200,504,''),(11155,234,504,'0'),(11156,235,504,''),(11157,185,504,''),(11158,44,504,'Sevilla'),(11159,47,504,'WF0FXXWPMHPK60335'),(11160,51,504,'99.77'),(11161,52,504,'720633794120'),(11162,53,504,'6.00'),(11163,54,504,'0'),(11164,55,504,'30.00'),(11165,166,504,'{\"nombre\":\"Permiso circulación provisional(166).PDF\"}'),(11166,167,504,'{\"nombre\":\"Ficha técnica provisional(167).PDF\"}'),(11167,168,504,'{\"nombre\":\"Modelo 576(168).PDF\"}'),(11168,169,504,'{\"nombre\":\"Alta IVTM(169).PDF\"}'),(11169,170,504,'{\"nombre\":\"Pago IVTM(170).PDF\"}'),(11170,57,504,'9251MKL'),(11171,123,504,''),(11172,183,504,'0'),(11173,184,504,''),(11174,186,504,''),(11175,58,499,''),(11176,173,499,'{\"nombre\":\"Documentación adicional (I_V)(173).pdf\"}'),(11177,41,505,'56/2023'),(11178,42,505,'Matrícula simple'),(11179,43,505,'Tysa'),(11180,45,505,'BENJAMIN URBANEJA VARGAD'),(11181,188,505,'0'),(11182,46,505,'75413684L'),(11183,223,505,'0'),(11184,189,505,''),(11185,190,505,''),(11186,191,505,''),(11187,192,505,''),(11188,232,505,''),(11189,215,505,'0'),(11190,48,505,'FORD'),(11191,49,505,'KUGA ST LINE'),(11192,50,505,'29192.53'),(11193,56,505,'200'),(11194,90,505,'{\"nombre\":\"Documento DNI(90).pdf\"}'),(11195,217,505,''),(11196,218,505,''),(11197,91,505,'{\"nombre\":\"Orden de mandato electrónico(91).pdf\"}'),(11198,92,505,'{\"nombre\":\"Ficha Técnica del vehículo(92).pdf\"}'),(11199,93,505,''),(11200,94,505,''),(11201,95,505,''),(11202,96,505,''),(11203,165,505,''),(11204,97,505,''),(11205,98,505,''),(11206,164,505,''),(11207,99,505,'0'),(11208,124,505,''),(11209,100,505,''),(11210,102,505,''),(11211,103,505,''),(11212,104,505,''),(11213,105,505,''),(11214,106,505,''),(11215,107,505,''),(11216,108,505,''),(11217,109,505,''),(11218,110,505,''),(11219,125,505,''),(11220,126,505,''),(11221,127,505,''),(11222,132,505,''),(11223,128,505,'0'),(11224,129,505,''),(11225,130,505,''),(11226,131,505,''),(11227,187,505,''),(11228,193,505,''),(11229,194,505,''),(11230,195,505,''),(11231,196,505,''),(11232,197,505,''),(11233,198,505,''),(11234,199,505,''),(11235,200,505,''),(11236,234,505,'0'),(11237,235,505,''),(11238,185,505,''),(11239,44,505,'Sevilla'),(11240,47,505,'WF0FXXWPMHPK57471'),(11241,51,505,'99.77'),(11242,52,505,'712633794217'),(11243,53,505,'6.00'),(11244,54,505,'0'),(11245,55,505,'30.00'),(11246,166,505,'{\"nombre\":\"Permiso circulación provisional(166).PDF\"}'),(11247,167,505,'{\"nombre\":\"Ficha técnica provisional(167).PDF\"}'),(11248,168,505,'{\"nombre\":\"Modelo 576(168).PDF\"}'),(11249,169,505,'{\"nombre\":\"Alta IVTM(169).PDF\"}'),(11250,170,505,'{\"nombre\":\"Pago IVTM(170).PDF\"}'),(11251,57,505,'9288MKL'),(11252,123,505,''),(11253,183,505,'0'),(11254,184,505,''),(11255,186,505,''),(11256,58,504,''),(11257,58,505,''),(11258,41,506,'57/2023'),(11259,42,506,'Matrícula simple'),(11260,43,506,'Inauto'),(11261,45,506,'ROSA MARIA GARCIA MARIN'),(11262,188,506,'0'),(11263,46,506,'44046853J'),(11264,223,506,'0'),(11265,189,506,''),(11266,190,506,''),(11267,191,506,''),(11268,192,506,''),(11269,232,506,''),(11270,215,506,'0'),(11271,48,506,'OPEL'),(11272,49,506,'OPEL CORSA'),(11273,50,506,'14165.48'),(11274,56,506,'600'),(11275,90,506,'{\"nombre\":\"Documento DNI(90).pdf\"}'),(11276,217,506,''),(11277,218,506,''),(11278,91,506,'{\"nombre\":\"Orden de mandato electrónico(91).pdf\"}'),(11279,92,506,'{\"nombre\":\"Ficha Técnica del vehículo(92).pdf\"}'),(11280,93,506,'{\"nombre\":\"Factura de venta(93).pdf\"}'),(11281,94,506,''),(11282,95,506,''),(11283,96,506,''),(11284,165,506,''),(11285,97,506,''),(11286,98,506,''),(11287,164,506,''),(11288,99,506,'0'),(11289,124,506,''),(11290,100,506,''),(11291,102,506,''),(11292,103,506,''),(11293,104,506,''),(11294,105,506,''),(11295,106,506,''),(11296,107,506,''),(11297,108,506,''),(11298,109,506,''),(11299,110,506,''),(11300,125,506,''),(11301,126,506,''),(11302,127,506,''),(11303,132,506,''),(11304,128,506,'0'),(11305,129,506,''),(11306,130,506,''),(11307,131,506,''),(11308,187,506,''),(11309,193,506,''),(11310,194,506,''),(11311,195,506,''),(11312,196,506,''),(11313,197,506,''),(11314,198,506,''),(11315,199,506,''),(11316,200,506,''),(11317,234,506,'0'),(11318,235,506,''),(11319,185,506,''),(11320,44,506,'Cádiz'),(11321,47,506,'VXKUPHNEKP4217186'),(11322,238,506,''),(11323,173,506,'{\"nombre\":\"Documentación adicional (I_V)(173).pdf\"}'),(11324,174,506,''),(11325,175,506,''),(11326,176,506,''),(11327,177,506,''),(11335,51,503,'99.77'),(11336,52,503,''),(11337,53,503,'6.00'),(11338,54,503,'0'),(11339,55,503,'30.00'),(11340,166,503,'{\"nombre\":\"Permiso circulación provisional(166).PDF\"}'),(11341,167,503,'{\"nombre\":\"Ficha técnica provisional(167).PDF\"}'),(11342,168,503,'{\"nombre\":\"Modelo 576(168).PDF\"}'),(11343,169,503,'{\"nombre\":\"Alta IVTM(169).PDF\"}'),(11344,170,503,'{\"nombre\":\"Pago IVTM(170).PDF\"}'),(11345,57,503,'0551MKN'),(11346,123,503,''),(11347,183,503,'0'),(11348,184,503,''),(11349,186,503,''),(11350,51,506,'0'),(11351,52,506,''),(11352,53,506,'0'),(11353,54,506,'0'),(11354,55,506,'0'),(11355,166,506,'{\"nombre\":\"Permiso circulación provisional(166).PDF\"}'),(11356,167,506,'{\"nombre\":\"Ficha técnica provisional(167).PDF\"}'),(11357,168,506,''),(11358,169,506,''),(11359,170,506,''),(11360,57,506,'0892MKP'),(11361,123,506,''),(11362,183,506,'0'),(11363,184,506,''),(11364,186,506,''),(11365,41,507,'58/2023'),(11366,42,507,'Matrícula con IVA reducido por discapacidad'),(11367,43,507,'Inauto'),(11368,45,507,'MANUEL PORTO ROMERO'),(11369,188,507,'0'),(11370,46,507,'31623248L'),(11371,223,507,'0'),(11372,189,507,''),(11373,190,507,''),(11374,191,507,''),(11375,192,507,''),(11376,232,507,''),(11377,215,507,'0'),(11378,48,507,'CITROEN'),(11379,49,507,'XXXXXX'),(11380,50,507,'0'),(11381,56,507,'600'),(11382,90,507,'{\"nombre\":\"Documento DNI(90).pdf\"}'),(11383,217,507,''),(11384,218,507,''),(11385,91,507,''),(11386,92,507,''),(11387,93,507,''),(11388,94,507,''),(11389,95,507,''),(11390,96,507,'{\"nombre\":\"Modelo 05(96).pdf\"}'),(11391,165,507,''),(11392,97,507,'{\"nombre\":\"Certificado de discapacidad(97).pdf\"}'),(11393,98,507,''),(11394,164,507,''),(11395,99,507,'0'),(11396,124,507,''),(11397,100,507,''),(11398,102,507,''),(11399,103,507,''),(11400,104,507,''),(11401,105,507,''),(11402,106,507,''),(11403,107,507,''),(11404,108,507,''),(11405,109,507,''),(11406,110,507,''),(11407,125,507,''),(11408,126,507,''),(11409,127,507,''),(11410,132,507,''),(11411,128,507,'0'),(11412,129,507,''),(11413,130,507,''),(11414,131,507,''),(11415,187,507,''),(11416,193,507,''),(11417,194,507,''),(11418,195,507,''),(11419,196,507,''),(11420,197,507,''),(11421,198,507,''),(11422,199,507,''),(11423,200,507,''),(11424,234,507,'0'),(11425,235,507,''),(11426,185,507,''),(11427,44,507,'Jerez'),(11428,47,507,'XXXXXXXX'),(11429,173,507,'{\"nombre\":\"Documentación adicional (I_V)(173).pdf\"}'),(11430,51,507,'0'),(11431,52,507,''),(11432,53,507,'0'),(11433,54,507,'0'),(11434,55,507,'0'),(11435,166,507,''),(11436,167,507,''),(11437,168,507,''),(11438,169,507,''),(11439,170,507,''),(11440,57,507,''),(11441,123,507,''),(11442,183,507,'0'),(11443,184,507,''),(11444,186,507,''),(11445,58,506,''),(11446,58,507,''),(11447,238,507,''),(11448,174,507,'{\"nombre\":\"Documentación adicional (II_V)(174).pdf\"}'),(11449,175,507,''),(11450,176,507,''),(11451,177,507,''),(11452,69,436,'0'),(11453,70,436,''),(11454,71,436,'0'),(11455,72,436,'0'),(11456,73,436,'0'),(11457,212,436,'0'),(11458,213,436,'0'),(11459,214,436,'0'),(11460,171,436,'{\"nombre\":\"Permiso circulación provisional(171).PDF\"}'),(11461,172,436,''),(11462,59,508,'59/2023'),(11463,60,508,'Transferencia'),(11464,111,508,''),(11465,61,508,'Tysa'),(11466,201,508,'0'),(11467,64,508,'30959421H'),(11468,222,508,'0'),(11469,202,508,''),(11470,203,508,''),(11471,204,508,''),(11472,205,508,''),(11473,233,508,''),(11474,207,508,'0'),(11475,219,508,'0'),(11476,75,508,'3964KFZ'),(11477,68,508,'0'),(11478,74,508,'0'),(11479,112,508,'{\"nombre\":\"DNI(112).pdf\"}'),(11480,220,508,''),(11481,221,508,''),(11482,113,508,'{\"nombre\":\"Orden de mandato electrónico(113).pdf\"}'),(11483,210,508,''),(11484,211,508,''),(11485,114,508,'{\"nombre\":\"Ficha técnica(114).pdf\"}'),(11486,115,508,'{\"nombre\":\"Permiso de circulación(115).pdf\"}'),(11487,116,508,''),(11488,117,508,'{\"nombre\":\"Factura de venta(117).pdf\"}'),(11489,206,508,''),(11490,209,508,''),(11491,62,508,'Sevilla'),(11492,63,508,'MARIA DEL MAR MANJON ARENAS'),(11493,66,508,'HYUNDAI'),(11494,67,508,'TUCSON'),(11495,69,508,'0'),(11496,70,508,''),(11497,71,508,'0'),(11498,72,508,'0'),(11499,73,508,'0'),(11500,212,508,'0'),(11501,213,508,'0'),(11502,214,508,'0'),(11503,171,508,'{\"nombre\":\"Permiso circulación provisional(171).PDF\"}'),(11504,172,508,''),(11505,237,437,''),(11506,239,437,''),(11507,76,436,''),(11508,237,436,''),(11509,239,436,''),(11510,178,436,''),(11511,179,436,''),(11512,180,436,''),(11513,181,436,''),(11514,182,436,''),(11515,76,508,''),(11516,237,508,''),(11517,239,508,''),(11518,178,508,''),(11519,179,508,''),(11520,180,508,''),(11521,181,508,''),(11522,182,508,''),(11523,238,504,''),(11524,173,504,''),(11525,174,504,''),(11526,175,504,''),(11527,176,504,''),(11528,177,504,''),(11529,238,505,''),(11530,173,505,''),(11531,174,505,''),(11532,175,505,''),(11533,176,505,''),(11534,177,505,''),(11535,58,503,''),(11536,238,490,''),(11537,59,509,'60/2023'),(11538,60,509,'Otros'),(11539,111,509,'Solicitud justificante provisional'),(11540,61,509,'Noray'),(11541,201,509,'0'),(11542,64,509,'76646007W'),(11543,222,509,'0'),(11544,202,509,''),(11545,203,509,''),(11546,204,509,''),(11547,205,509,''),(11548,233,509,''),(11549,207,509,'0'),(11550,219,509,'0'),(11551,75,509,'6075MCW'),(11552,68,509,'0'),(11553,74,509,'0'),(11554,112,509,'{\"nombre\":\"DNI(112).pdf\"}'),(11555,220,509,''),(11556,221,509,''),(11557,113,509,''),(11558,210,509,''),(11559,211,509,''),(11560,114,509,''),(11561,115,509,'{\"nombre\":\"Permiso de circulación(115).pdf\"}'),(11562,116,509,''),(11563,117,509,''),(11564,206,509,''),(11565,209,509,''),(11566,62,509,'Algeciras'),(11567,63,509,'ALVARO CANTERO GALVEZ'),(11568,66,509,'KIA'),(11569,67,509,'SPORTAGE'),(11570,69,509,'0'),(11571,70,509,''),(11572,71,509,'0'),(11573,72,509,'0'),(11574,73,509,'0'),(11575,212,509,'0'),(11576,213,509,'0'),(11577,214,509,'0'),(11578,171,509,''),(11579,172,509,''),(11580,59,510,'61/2023'),(11581,60,510,'Otros'),(11582,111,510,'Solicitud informe tráfico'),(11583,61,510,'Noray'),(11584,201,510,'0'),(11585,64,510,'.'),(11586,222,510,'0'),(11587,202,510,''),(11588,203,510,''),(11589,204,510,''),(11590,205,510,''),(11591,233,510,''),(11592,207,510,'0'),(11593,219,510,'0'),(11594,75,510,'5491HPZ'),(11595,68,510,'0'),(11596,74,510,'0'),(11597,112,510,''),(11598,220,510,''),(11599,221,510,''),(11600,113,510,''),(11601,210,510,''),(11602,211,510,''),(11603,114,510,''),(11604,115,510,''),(11605,116,510,''),(11606,117,510,''),(11607,206,510,''),(11608,209,510,''),(11609,62,510,'Cádiz'),(11610,63,510,'NORAY'),(11611,66,510,'.'),(11612,67,510,'.'),(11613,59,511,'62/2023'),(11614,60,511,'Otros'),(11615,111,511,'Solicitud informe tráfico'),(11616,61,511,'Noray'),(11617,201,511,'0'),(11618,64,511,'.'),(11619,222,511,'0'),(11620,202,511,''),(11621,203,511,''),(11622,204,511,''),(11623,205,511,''),(11624,233,511,''),(11625,207,511,'0'),(11626,219,511,'0'),(11627,75,511,'5491HPZ'),(11628,68,511,'0'),(11629,74,511,'0'),(11630,112,511,''),(11631,220,511,''),(11632,221,511,''),(11633,113,511,''),(11634,210,511,''),(11635,211,511,''),(11636,114,511,''),(11637,115,511,''),(11638,116,511,''),(11639,117,511,''),(11640,206,511,''),(11641,209,511,''),(11642,62,511,'Cádiz'),(11643,63,511,'NORAY'),(11644,66,511,'.'),(11645,67,511,'.'),(11646,69,511,'0'),(11647,70,511,''),(11648,71,511,'0'),(11649,72,511,'0'),(11650,73,511,'0'),(11651,212,511,'0'),(11652,213,511,'0'),(11653,214,511,'0'),(11654,171,511,''),(11655,172,511,''),(11656,59,512,'63/2023'),(11657,60,512,'Otros'),(11658,111,512,'Solicitud informe tráfico'),(11659,61,512,'Noray'),(11660,201,512,'0'),(11661,64,512,'.'),(11662,222,512,'0'),(11663,202,512,''),(11664,203,512,''),(11665,204,512,''),(11666,205,512,''),(11667,233,512,''),(11668,207,512,'0'),(11669,219,512,'0'),(11670,75,512,'7291LBB'),(11671,68,512,'0'),(11672,74,512,'0'),(11673,112,512,''),(11674,220,512,''),(11675,221,512,''),(11676,113,512,''),(11677,210,512,''),(11678,211,512,''),(11679,114,512,''),(11680,115,512,''),(11681,116,512,''),(11682,117,512,''),(11683,206,512,''),(11684,209,512,''),(11685,62,512,'Cádiz'),(11686,63,512,'NORAY'),(11687,66,512,'.'),(11688,67,512,'.'),(11689,69,512,'0'),(11690,70,512,''),(11691,71,512,'0'),(11692,72,512,'0'),(11693,73,512,'0'),(11694,212,512,'0'),(11695,213,512,'0'),(11696,214,512,'0'),(11697,171,512,''),(11698,172,512,''),(11699,59,513,'64/2023'),(11700,60,513,'Otros'),(11701,111,513,'Solicitud informe tráfico'),(11702,61,513,'Noray'),(11703,201,513,'0'),(11704,64,513,'.'),(11705,222,513,'0'),(11706,202,513,''),(11707,203,513,''),(11708,204,513,''),(11709,205,513,''),(11710,233,513,''),(11711,207,513,'0'),(11712,219,513,'0'),(11713,75,513,'8909HJR'),(11714,68,513,'0'),(11715,74,513,'0'),(11716,112,513,''),(11717,220,513,''),(11718,221,513,''),(11719,113,513,''),(11720,210,513,''),(11721,211,513,''),(11722,114,513,''),(11723,115,513,''),(11724,116,513,''),(11725,117,513,''),(11726,206,513,''),(11727,209,513,''),(11728,62,513,'Cádiz'),(11729,63,513,'NORAY'),(11730,66,513,'.'),(11731,67,513,'.'),(11732,69,513,'0'),(11733,70,513,''),(11734,71,513,'0'),(11735,72,513,'0'),(11736,73,513,'0'),(11737,212,513,'0'),(11738,213,513,'0'),(11739,214,513,'0'),(11740,171,513,''),(11741,172,513,''),(11742,76,509,''),(11743,178,509,'{\"nombre\":\"Documentación adicional (I_V)(178).PDF\"}'),(11744,237,509,''),(11745,239,509,''),(11746,179,509,''),(11747,180,509,''),(11748,181,509,''),(11749,182,509,''),(11750,76,511,''),(11751,178,511,'{\"nombre\":\"Documentación adicional (I_V)(178).PDF\"}'),(11752,237,511,''),(11753,239,511,''),(11754,179,511,''),(11755,180,511,''),(11756,181,511,''),(11757,182,511,''),(11758,76,512,''),(11759,178,512,'{\"nombre\":\"Documentación adicional (I_V)(178).PDF\"}'),(11760,237,512,''),(11761,239,512,''),(11762,179,512,''),(11763,180,512,''),(11764,181,512,''),(11765,182,512,''),(11766,76,513,''),(11767,178,513,'{\"nombre\":\"Documentación adicional (I_V)(178).PDF\"}'),(11768,237,513,''),(11769,239,513,''),(11770,179,513,''),(11771,180,513,''),(11772,181,513,''),(11773,182,513,''),(11774,41,514,'65/2023'),(11775,42,514,'Matrícula simple'),(11776,43,514,'Noray'),(11777,45,514,'JOSE CARLOS TORRES TOSSO'),(11778,188,514,'0'),(11779,46,514,'32023262V'),(11780,223,514,'0'),(11781,189,514,''),(11782,190,514,''),(11783,191,514,''),(11784,192,514,''),(11785,232,514,''),(11786,215,514,'0'),(11787,48,514,'KIA'),(11788,49,514,'PICANTO'),(11789,50,514,'11397.94'),(11790,56,514,'790'),(11791,90,514,'{\"nombre\":\"Documento DNI(90).pdf\"}'),(11792,217,514,''),(11793,218,514,''),(11794,91,514,'{\"nombre\":\"Orden de mandato electrónico(91).pdf\"}'),(11795,92,514,'{\"nombre\":\"Ficha Técnica del vehículo(92).pdf\"}'),(11796,93,514,''),(11797,94,514,''),(11798,95,514,''),(11799,96,514,''),(11800,165,514,''),(11801,97,514,''),(11802,98,514,''),(11803,164,514,''),(11804,99,514,'0'),(11805,124,514,''),(11806,100,514,''),(11807,102,514,''),(11808,103,514,''),(11809,104,514,''),(11810,105,514,''),(11811,106,514,''),(11812,107,514,''),(11813,108,514,''),(11814,109,514,''),(11815,110,514,''),(11816,125,514,''),(11817,126,514,''),(11818,127,514,''),(11819,132,514,''),(11820,128,514,'0'),(11821,129,514,''),(11822,130,514,''),(11823,131,514,''),(11824,187,514,''),(11825,193,514,''),(11826,194,514,''),(11827,195,514,''),(11828,196,514,''),(11829,197,514,''),(11830,198,514,''),(11831,199,514,''),(11832,200,514,''),(11833,234,514,'0'),(11834,235,514,''),(11835,185,514,''),(11836,44,514,'Algeciras'),(11837,47,514,'KNAB2518APT144038'),(11838,41,515,'66/2023'),(11839,42,515,'Matrícula simple'),(11840,43,515,'Noray'),(11841,45,515,'JUAN CARLOS BROTON MONTOYA'),(11842,188,515,'0'),(11843,46,515,'32031524E'),(11844,223,515,'0'),(11845,189,515,''),(11846,190,515,''),(11847,191,515,''),(11848,192,515,''),(11849,232,515,''),(11850,215,515,'0'),(11851,48,515,'KIA'),(11852,49,515,'PICANTO'),(11853,50,515,'11397.94'),(11854,56,515,'790'),(11855,90,515,'{\"nombre\":\"Documento DNI(90).pdf\"}'),(11856,217,515,''),(11857,218,515,''),(11858,91,515,'{\"nombre\":\"Orden de mandato electrónico(91).pdf\"}'),(11859,92,515,'{\"nombre\":\"Ficha Técnica del vehículo(92).pdf\"}'),(11860,93,515,''),(11861,94,515,''),(11862,95,515,''),(11863,96,515,''),(11864,165,515,''),(11865,97,515,''),(11866,98,515,''),(11867,164,515,''),(11868,99,515,'0'),(11869,124,515,''),(11870,100,515,''),(11871,102,515,''),(11872,103,515,''),(11873,104,515,''),(11874,105,515,''),(11875,106,515,''),(11876,107,515,''),(11877,108,515,''),(11878,109,515,''),(11879,110,515,''),(11880,125,515,''),(11881,126,515,''),(11882,127,515,''),(11883,132,515,''),(11884,128,515,'0'),(11885,129,515,''),(11886,130,515,''),(11887,131,515,''),(11888,187,515,''),(11889,193,515,''),(11890,194,515,''),(11891,195,515,''),(11892,196,515,''),(11893,197,515,''),(11894,198,515,''),(11895,199,515,''),(11896,200,515,''),(11897,234,515,'0'),(11898,235,515,''),(11899,185,515,''),(11900,44,515,'Algeciras'),(11901,47,515,'KNAB2518APT144036'),(11902,41,516,'67/2023'),(11903,42,516,'Matrícula simple'),(11904,43,516,'Noray'),(11905,45,516,'MARIA DE LA PAZ CARDENAS MUÑOZ'),(11906,188,516,'0'),(11907,46,516,'45076929B'),(11908,223,516,'0'),(11909,189,516,''),(11910,190,516,''),(11911,191,516,''),(11912,192,516,''),(11913,232,516,''),(11914,215,516,'0'),(11915,48,516,'KIA'),(11916,49,516,'STONIC'),(11917,50,516,'13.66986'),(11918,56,516,'790'),(11919,90,516,'{\"nombre\":\"Documento DNI(90).pdf\"}'),(11920,217,516,''),(11921,218,516,''),(11922,91,516,'{\"nombre\":\"Orden de mandato electrónico(91).pdf\"}'),(11923,92,516,'{\"nombre\":\"Ficha Técnica del vehículo(92).pdf\"}'),(11924,93,516,''),(11925,94,516,''),(11926,95,516,''),(11927,96,516,''),(11928,165,516,''),(11929,97,516,''),(11930,98,516,''),(11931,164,516,''),(11932,99,516,'0'),(11933,124,516,''),(11934,100,516,''),(11935,102,516,''),(11936,103,516,''),(11937,104,516,''),(11938,105,516,''),(11939,106,516,''),(11940,107,516,''),(11941,108,516,''),(11942,109,516,''),(11943,110,516,''),(11944,125,516,''),(11945,126,516,''),(11946,127,516,''),(11947,132,516,''),(11948,128,516,'0'),(11949,129,516,''),(11950,130,516,''),(11951,131,516,''),(11952,187,516,''),(11953,193,516,''),(11954,194,516,''),(11955,195,516,''),(11956,196,516,''),(11957,197,516,''),(11958,198,516,''),(11959,199,516,''),(11960,200,516,''),(11961,234,516,'0'),(11962,235,516,''),(11963,185,516,''),(11964,44,516,'Algeciras'),(11965,47,516,'KNADA818ART906140'),(11966,59,517,'68/2023'),(11967,60,517,'Otros'),(11968,111,517,'Solicitud informe tráfico'),(11969,61,517,'Noray'),(11970,201,517,'0'),(11971,64,517,'.'),(11972,222,517,'0'),(11973,202,517,''),(11974,203,517,''),(11975,204,517,''),(11976,205,517,''),(11977,233,517,''),(11978,207,517,'0'),(11979,219,517,'0'),(11980,75,517,'3722LFN'),(11981,68,517,'0'),(11982,74,517,'0'),(11983,112,517,''),(11984,220,517,''),(11985,221,517,''),(11986,113,517,''),(11987,210,517,''),(11988,211,517,''),(11989,114,517,''),(11990,115,517,''),(11991,116,517,''),(11992,117,517,''),(11993,206,517,''),(11994,209,517,''),(11995,62,517,'Cádiz'),(11996,63,517,'NORAY'),(11997,66,517,'.'),(11998,67,517,'.'),(11999,69,517,'0'),(12000,70,517,''),(12001,71,517,'0'),(12002,72,517,'0'),(12003,73,517,'0'),(12004,212,517,'0'),(12005,213,517,'0'),(12006,214,517,'0'),(12007,171,517,''),(12008,172,517,''),(12009,59,518,'69/2023'),(12010,60,518,'Otros'),(12011,111,518,'Solicitud informe tráfico'),(12012,61,518,'Noray'),(12013,201,518,'0'),(12014,64,518,'.'),(12015,222,518,'0'),(12016,202,518,''),(12017,203,518,''),(12018,204,518,''),(12019,205,518,''),(12020,233,518,''),(12021,207,518,'0'),(12022,219,518,'0'),(12023,75,518,'2770LCN'),(12024,68,518,'0'),(12025,74,518,'0'),(12026,112,518,''),(12027,220,518,''),(12028,221,518,''),(12029,113,518,''),(12030,210,518,''),(12031,211,518,''),(12032,114,518,''),(12033,115,518,''),(12034,116,518,''),(12035,117,518,''),(12036,206,518,''),(12037,209,518,''),(12038,62,518,'Cádiz'),(12039,63,518,'NORAY'),(12040,66,518,'.'),(12041,67,518,'.'),(12042,69,518,'0'),(12043,70,518,''),(12044,71,518,'0'),(12045,72,518,'0'),(12046,73,518,'0'),(12047,212,518,'0'),(12048,213,518,'0'),(12049,214,518,'0'),(12050,171,518,''),(12051,172,518,''),(12052,76,517,''),(12053,178,517,'{\"nombre\":\"Documentación adicional (I_V)(178).PDF\"}'),(12054,237,517,''),(12055,239,517,''),(12056,179,517,''),(12057,180,517,''),(12058,181,517,''),(12059,182,517,''),(12060,76,518,''),(12061,178,518,'{\"nombre\":\"Documentación adicional (I_V)(178).PDF\"}'),(12062,237,518,''),(12063,239,518,''),(12064,179,518,''),(12065,180,518,''),(12066,181,518,''),(12067,182,518,''),(12068,59,519,'70/2023'),(12069,60,519,'Notificación de venta y Transferencia'),(12070,111,519,''),(12071,61,519,'Inauto'),(12072,201,519,'0'),(12073,64,519,'32055984X'),(12074,222,519,'0'),(12075,202,519,''),(12076,203,519,''),(12077,204,519,''),(12078,205,519,''),(12079,233,519,''),(12080,207,519,'0'),(12081,219,519,'0'),(12082,75,519,'1651HNS'),(12083,68,519,'4700'),(12084,74,519,'0'),(12085,112,519,'{\"nombre\":\"DNI(112).pdf\"}'),(12086,220,519,''),(12087,221,519,''),(12088,113,519,'{\"nombre\":\"Orden de mandato electrónico(113).pdf\"}'),(12089,210,519,'{\"nombre\":\"DNI comprador(210).pdf\"}'),(12090,211,519,'{\"nombre\":\"Orden de mandato electrónico comprador(211).pdf\"}'),(12091,114,519,'{\"nombre\":\"Ficha técnica(114).pdf\"}'),(12092,115,519,'{\"nombre\":\"Permiso de circulación(115).pdf\"}'),(12093,116,519,''),(12094,117,519,'{\"nombre\":\"Factura de venta(117).pdf\"}'),(12095,206,519,'{\"nombre\":\"Contrato de compraventa(206).pdf\"}'),(12096,209,519,'{\"nombre\":\"IAE(209).pdf\"}'),(12097,62,519,'Jerez'),(12098,63,519,'JUAN LUIS PALOMINO SOLER'),(12099,66,519,'RENAULT'),(12100,67,519,'SCENIC'),(12101,69,519,'0'),(12102,70,519,''),(12103,71,519,'0'),(12104,72,519,'0'),(12105,73,519,'0'),(12106,212,519,'0'),(12107,213,519,'0'),(12108,214,519,'0'),(12109,171,519,'{\"nombre\":\"Permiso circulación provisional(171).PDF\"}'),(12110,172,519,''),(12111,59,520,'71/2023'),(12112,60,520,'Notificación de venta y Transferencia'),(12113,111,520,''),(12114,61,520,'Inauto'),(12115,201,520,'0'),(12116,64,520,'32055984X'),(12117,222,520,'0'),(12118,202,520,''),(12119,203,520,''),(12120,204,520,''),(12121,205,520,''),(12122,233,520,''),(12123,207,520,'0'),(12124,219,520,'0'),(12125,75,520,'9416HDL'),(12126,68,520,'3700'),(12127,74,520,'0'),(12128,112,520,'{\"nombre\":\"DNI(112).pdf\"}'),(12129,220,520,''),(12130,221,520,''),(12131,113,520,'{\"nombre\":\"Orden de mandato electrónico(113).pdf\"}'),(12132,210,520,''),(12133,211,520,''),(12134,114,520,'{\"nombre\":\"Ficha técnica(114).pdf\"}'),(12135,115,520,'{\"nombre\":\"Permiso de circulación(115).pdf\"}'),(12136,116,520,''),(12137,117,520,''),(12138,206,520,'{\"nombre\":\"Contrato de compraventa(206).pdf\"}'),(12139,209,520,''),(12140,62,520,'Jerez'),(12141,63,520,'JUAN LUIS PALOMINO SOLER'),(12142,66,520,'CITROEN'),(12143,67,520,'C4\n'),(12144,69,520,'0'),(12145,70,520,''),(12146,71,520,'0'),(12147,72,520,'0'),(12148,73,520,'0'),(12149,212,520,'0'),(12150,213,520,'0'),(12151,214,520,'0'),(12152,171,520,''),(12153,172,520,''),(12154,59,521,'72/2023'),(12155,60,521,'Notificación de venta y Transferencia'),(12156,111,521,''),(12157,61,521,'Inauto'),(12158,201,521,'0'),(12159,64,521,'32055984X'),(12160,222,521,'0'),(12161,202,521,''),(12162,203,521,''),(12163,204,521,''),(12164,205,521,''),(12165,233,521,''),(12166,207,521,'0'),(12167,219,521,'0'),(12168,75,521,'7613GSM'),(12169,68,521,'0'),(12170,74,521,'0'),(12171,112,521,'{\"nombre\":\"DNI(112).pdf\"}'),(12172,220,521,''),(12173,221,521,''),(12174,113,521,'{\"nombre\":\"Orden de mandato electrónico(113).pdf\"}'),(12175,210,521,'{\"nombre\":\"DNI comprador(210).pdf\"}'),(12176,211,521,'{\"nombre\":\"Orden de mandato electrónico comprador(211).pdf\"}'),(12177,114,521,'{\"nombre\":\"Ficha técnica(114).pdf\"}'),(12178,115,521,'{\"nombre\":\"Permiso de circulación(115).pdf\"}'),(12179,116,521,''),(12180,117,521,'{\"nombre\":\"Factura de venta(117).pdf\"}'),(12181,206,521,'{\"nombre\":\"Contrato de compraventa(206).pdf\"}'),(12182,209,521,'{\"nombre\":\"IAE(209).pdf\"}'),(12183,62,521,'Jerez'),(12184,63,521,'JUAN LUIS PALOMINO SOLER'),(12185,66,521,'NISSAN'),(12186,67,521,'QASHQAI'),(12187,69,521,'0'),(12188,70,521,''),(12189,71,521,'0'),(12190,72,521,'0'),(12191,73,521,'0'),(12192,212,521,'0'),(12193,213,521,'0'),(12194,214,521,'0'),(12195,171,521,''),(12196,172,521,''),(12197,59,522,'73/2023'),(12198,60,522,'Notificación de venta y Transferencia'),(12199,111,522,''),(12200,61,522,'Inauto'),(12201,201,522,'0'),(12202,64,522,'Y4602314M'),(12203,222,522,'0'),(12204,202,522,''),(12205,203,522,''),(12206,204,522,''),(12207,205,522,''),(12208,233,522,''),(12209,207,522,'0'),(12210,219,522,'0'),(12211,75,522,'8859FPC'),(12212,68,522,'1500'),(12213,74,522,'0'),(12214,112,522,'{\"nombre\":\"DNI(112).pdf\"}'),(12215,220,522,''),(12216,221,522,''),(12217,113,522,'{\"nombre\":\"Orden de mandato electrónico(113).pdf\"}'),(12218,210,522,''),(12219,211,522,''),(12220,114,522,'{\"nombre\":\"Ficha técnica(114).pdf\"}'),(12221,115,522,'{\"nombre\":\"Permiso de circulación(115).pdf\"}'),(12222,116,522,''),(12223,117,522,'{\"nombre\":\"Factura de venta(117).pdf\"}'),(12224,206,522,'{\"nombre\":\"Contrato de compraventa(206).pdf\"}'),(12225,209,522,''),(12226,62,522,'Jerez'),(12227,63,522,'NICU MUSTAFA'),(12228,66,522,'KIA'),(12229,67,522,'PICANTO'),(12230,69,522,'0'),(12231,70,522,''),(12232,71,522,'0'),(12233,72,522,'0'),(12234,73,522,'0'),(12235,212,522,'0'),(12236,213,522,'0'),(12237,214,522,'0'),(12238,171,522,'{\"nombre\":\"Permiso circulación provisional(171).PDF\"}'),(12239,172,522,''),(12240,237,494,''),(12241,239,494,''),(12242,237,496,''),(12243,239,496,''),(12244,76,519,''),(12245,237,519,''),(12246,239,519,''),(12247,178,519,'{\"nombre\":\"Documentación adicional (I_V)(178).PDF\"}'),(12248,179,519,''),(12249,180,519,''),(12250,181,519,''),(12251,182,519,''),(12252,59,523,'74/2023'),(12253,60,523,'Otros'),(12254,111,523,'Solicitud informe tráfico'),(12255,61,523,'Gadir'),(12256,201,523,'0'),(12257,64,523,'.'),(12258,222,523,'0'),(12259,202,523,''),(12260,203,523,''),(12261,204,523,''),(12262,205,523,''),(12263,233,523,''),(12264,207,523,'0'),(12265,219,523,'0'),(12266,75,523,'8511JSW'),(12267,68,523,'0'),(12268,74,523,'0'),(12269,112,523,''),(12270,220,523,''),(12271,221,523,''),(12272,113,523,''),(12273,210,523,''),(12274,211,523,''),(12275,114,523,''),(12276,115,523,''),(12277,116,523,''),(12278,117,523,''),(12279,206,523,''),(12280,209,523,''),(12281,62,523,'Jerez'),(12282,63,523,'GADIR'),(12283,66,523,'.'),(12284,67,523,'.'),(12285,69,523,'0'),(12286,70,523,''),(12287,71,523,'0'),(12288,72,523,'0'),(12289,73,523,'0'),(12290,212,523,'0'),(12291,213,523,'0'),(12292,214,523,'0'),(12293,171,523,''),(12294,172,523,''),(12295,59,524,'75/2023'),(12296,60,524,'Otros'),(12297,111,524,'Otros'),(12298,61,524,'Inauto'),(12299,201,524,'0'),(12300,64,524,'X5870657E'),(12301,222,524,'1'),(12302,202,524,''),(12303,203,524,''),(12304,204,524,''),(12305,205,524,''),(12306,233,524,''),(12307,207,524,'0'),(12308,219,524,'1'),(12309,75,524,'4303MJR'),(12310,68,524,'0'),(12311,74,524,'0'),(12312,112,524,'{\"nombre\":\"DNI(112).pdf\"}'),(12313,220,524,''),(12314,221,524,'{\"nombre\":\"Certificado de empadronamiento(221).pdf\"}'),(12315,113,524,''),(12316,210,524,''),(12317,211,524,''),(12318,114,524,''),(12319,115,524,'{\"nombre\":\"Permiso de circulación(115).PDF\"}'),(12320,116,524,''),(12321,117,524,''),(12322,206,524,''),(12323,209,524,''),(12324,62,524,'Cádiz'),(12325,63,524,'PAULA FRANCHI'),(12326,66,524,'CITROEN'),(12327,67,524,'C3 AIRCROSS'),(12328,178,524,'{\"nombre\":\"Documentación adicional (I_V)(178).jpg\"}'),(12329,179,524,'{\"nombre\":\"Documentación adicional (II_V)(179).jpg\"}'),(12330,69,524,'0'),(12331,70,524,''),(12332,71,524,'0'),(12333,72,524,'0'),(12334,73,524,'0'),(12335,212,524,'0'),(12336,213,524,'0'),(12337,214,524,'0'),(12338,171,524,''),(12339,172,524,''),(12340,76,523,''),(12341,178,523,'{\"nombre\":\"Documentación adicional (I_V)(178).PDF\"}'),(12342,237,523,''),(12343,239,523,''),(12344,179,523,''),(12345,180,523,''),(12346,181,523,''),(12347,182,523,''),(12348,76,524,''),(12349,237,524,''),(12350,239,524,''),(12351,180,524,''),(12352,181,524,''),(12353,182,524,''),(12354,76,521,''),(12355,237,521,''),(12356,239,521,''),(12357,178,521,''),(12358,179,521,''),(12359,180,521,''),(12360,181,521,''),(12361,182,521,''),(12362,76,522,''),(12363,237,522,''),(12364,239,522,''),(12365,178,522,'{\"nombre\":\"Documentación adicional (I_V)(178).PDF\"}'),(12366,179,522,''),(12367,180,522,''),(12368,181,522,''),(12369,182,522,''),(12370,59,525,'76/2023'),(12371,60,525,'Transferencia'),(12372,111,525,''),(12373,61,525,'Gadir'),(12374,201,525,'0'),(12375,64,525,'Y9854848Y'),(12376,222,525,'0'),(12377,202,525,''),(12378,203,525,''),(12379,204,525,''),(12380,205,525,''),(12381,233,525,''),(12382,207,525,'0'),(12383,219,525,'0'),(12384,75,525,'7761MHY'),(12385,68,525,'0'),(12386,74,525,'0'),(12387,112,525,''),(12388,220,525,''),(12389,221,525,''),(12390,113,525,''),(12391,210,525,'{\"nombre\":\"DNI comprador(210).pdf\"}'),(12392,211,525,'{\"nombre\":\"Orden de mandato electrónico comprador(211).pdf\"}'),(12393,114,525,'{\"nombre\":\"Ficha técnica(114).pdf\"}'),(12394,115,525,'{\"nombre\":\"Permiso de circulación(115).pdf\"}'),(12395,116,525,''),(12396,117,525,'{\"nombre\":\"Factura de venta(117).pdf\"}'),(12397,206,525,''),(12398,209,525,''),(12399,62,525,'Jerez'),(12400,63,525,'JHOANA ARANA RIOS'),(12401,66,525,'KIA'),(12402,67,525,'RIO'),(12403,59,526,'77/2023'),(12404,60,526,'Transferencia'),(12405,111,526,''),(12406,61,526,'Gadir'),(12407,201,526,'0'),(12408,64,526,'Y9854848Y'),(12409,222,526,'0'),(12410,202,526,''),(12411,203,526,''),(12412,204,526,''),(12413,205,526,''),(12414,233,526,''),(12415,207,526,'0'),(12416,219,526,'0'),(12417,75,526,'7761MHY'),(12418,68,526,'0'),(12419,74,526,'0'),(12420,112,526,''),(12421,220,526,''),(12422,221,526,''),(12423,113,526,''),(12424,210,526,''),(12425,211,526,''),(12426,114,526,''),(12427,115,526,''),(12428,116,526,''),(12429,117,526,''),(12430,206,526,''),(12431,209,526,''),(12432,62,526,'Jerez'),(12433,63,526,'JHOANA ARANA RIOS'),(12434,66,526,'KIA'),(12435,67,526,'RIO'),(12436,69,526,'0'),(12437,70,526,''),(12438,71,526,'0'),(12439,72,526,'0'),(12440,73,526,'0'),(12441,212,526,'0'),(12442,213,526,'0'),(12443,214,526,'0'),(12444,171,526,''),(12445,172,526,''),(12446,59,527,'78/2023'),(12447,60,527,'Transferencia'),(12448,111,527,''),(12449,61,527,'Gadir'),(12450,201,527,'0'),(12451,64,527,'31575625Y'),(12452,222,527,'0'),(12453,202,527,''),(12454,203,527,''),(12455,204,527,''),(12456,205,527,''),(12457,233,527,''),(12458,207,527,'0'),(12459,219,527,'0'),(12460,75,527,'2376MDL'),(12461,68,527,'0'),(12462,74,527,'0'),(12463,112,527,''),(12464,220,527,''),(12465,221,527,''),(12466,113,527,''),(12467,210,527,'{\"nombre\":\"DNI comprador(210).pdf\"}'),(12468,211,527,''),(12469,114,527,'{\"nombre\":\"Ficha técnica(114).pdf\"}'),(12470,115,527,'{\"nombre\":\"Permiso de circulación(115).pdf\"}'),(12471,116,527,''),(12472,117,527,'{\"nombre\":\"Factura de venta(117).pdf\"}'),(12473,206,527,''),(12474,209,527,''),(12475,62,527,'Jerez'),(12476,63,527,'MIGUEL BORREGO ARANA'),(12477,66,527,'KIA'),(12478,67,527,'SPORTAGE'),(12479,69,527,'0'),(12480,70,527,''),(12481,71,527,'0'),(12482,72,527,'0'),(12483,73,527,'0'),(12484,212,527,'0'),(12485,213,527,'0'),(12486,214,527,'0'),(12487,171,527,'{\"nombre\":\"Permiso circulación provisional(171).PDF\"}'),(12488,172,527,''),(12489,59,528,'79/2023'),(12490,60,528,'Notificación de venta y Transferencia'),(12491,111,528,''),(12492,61,528,'Gadir'),(12493,201,528,'0'),(12494,64,528,'20069068G'),(12495,222,528,'0'),(12496,202,528,''),(12497,203,528,''),(12498,204,528,''),(12499,205,528,''),(12500,233,528,''),(12501,207,528,'0'),(12502,219,528,'0'),(12503,75,528,'1148LHR'),(12504,68,528,'0'),(12505,74,528,'0'),(12506,112,528,'{\"nombre\":\"DNI(112).pdf\"}'),(12507,220,528,''),(12508,221,528,''),(12509,113,528,''),(12510,210,528,'{\"nombre\":\"DNI comprador(210).pdf\"}'),(12511,211,528,'{\"nombre\":\"Orden de mandato electrónico comprador(211).pdf\"}'),(12512,114,528,'{\"nombre\":\"Ficha técnica(114).pdf\"}'),(12513,115,528,'{\"nombre\":\"Permiso de circulación(115).pdf\"}'),(12514,116,528,''),(12515,117,528,'{\"nombre\":\"Factura de venta(117).pdf\"}'),(12516,206,528,'{\"nombre\":\"Contrato de compraventa(206).pdf\"}'),(12517,209,528,''),(12518,62,528,'Jerez'),(12519,63,528,'FABIOLA DEL CARMEN ORDOÑEZ VELAZQUEZ'),(12520,66,528,'KIA'),(12521,67,528,'STONIC'),(12522,59,529,'80/2023'),(12523,60,529,'Notificación de venta'),(12524,111,529,''),(12525,61,529,'Fyrsa'),(12526,201,529,'1'),(12527,64,529,''),(12528,222,529,'0'),(12529,202,529,'A41545930'),(12530,203,529,''),(12531,204,529,''),(12532,205,529,''),(12533,233,529,''),(12534,207,529,'0'),(12535,219,529,'0'),(12536,75,529,'0149MKD'),(12537,68,529,'17363.71'),(12538,74,529,'0'),(12539,112,529,''),(12540,220,529,''),(12541,221,529,''),(12542,113,529,''),(12543,210,529,''),(12544,211,529,''),(12545,114,529,'{\"nombre\":\"Ficha técnica(114).pdf\"}'),(12546,115,529,'{\"nombre\":\"Permiso de circulación(115).pdf\"}'),(12547,116,529,''),(12548,117,529,''),(12549,206,529,'{\"nombre\":\"Contrato de compraventa(206).pdf\"}'),(12550,209,529,''),(12551,62,529,'Córdoba'),(12552,63,529,'FYRSA'),(12553,66,529,'CITROEN'),(12554,67,529,'C3'),(12555,69,529,'0'),(12556,70,529,''),(12557,71,529,'0'),(12558,72,529,'0'),(12559,73,529,'0'),(12560,212,529,'0'),(12561,213,529,'0'),(12562,214,529,'0'),(12563,171,529,''),(12564,172,529,''),(12565,59,530,'81/2023'),(12566,60,530,'Notificación de venta y Transferencia'),(12567,111,530,''),(12568,61,530,'Gadir'),(12569,201,530,'0'),(12570,64,530,'20069068G'),(12571,222,530,'0'),(12572,202,530,''),(12573,203,530,''),(12574,204,530,''),(12575,205,530,''),(12576,233,530,''),(12577,207,530,'0'),(12578,219,530,'0'),(12579,75,530,'1148LHR'),(12580,68,530,'0'),(12581,74,530,'0'),(12582,112,530,'{\"nombre\":\"DNI(112).pdf\"}'),(12583,220,530,''),(12584,221,530,''),(12585,113,530,''),(12586,210,530,'{\"nombre\":\"DNI comprador(210).pdf\"}'),(12587,211,530,'{\"nombre\":\"Orden de mandato electrónico comprador(211).pdf\"}'),(12588,114,530,'{\"nombre\":\"Ficha técnica(114).pdf\"}'),(12589,115,530,'{\"nombre\":\"Permiso de circulación(115).pdf\"}'),(12590,116,530,''),(12591,117,530,'{\"nombre\":\"Factura de venta(117).pdf\"}'),(12592,206,530,'{\"nombre\":\"Contrato de compraventa(206).pdf\"}'),(12593,209,530,''),(12594,62,530,'Jerez'),(12595,63,530,'FABIOLA DEL CARMEN ORDOÑEZ VELAZQUEZ'),(12596,66,530,'KIA'),(12597,67,530,'STONIC'),(12598,69,530,'0'),(12599,70,530,''),(12600,71,530,'0'),(12601,72,530,'0'),(12602,73,530,'0'),(12603,212,530,'0'),(12604,213,530,'0'),(12605,214,530,'0'),(12606,171,530,''),(12607,172,530,''),(12608,41,531,'82/2023'),(12609,42,531,'Matrícula simple'),(12610,43,531,'Gysa'),(12611,45,531,'INVERSIONES AMSABE SL'),(12612,188,531,'1'),(12613,46,531,'B14882757'),(12614,223,531,'0'),(12615,189,531,'B14882757'),(12616,190,531,'{\"nombre\":\"DNI administrador(190).pdf\"}'),(12617,191,531,'{\"nombre\":\"CIF documento(191).pdf\"}'),(12618,192,531,'{\"nombre\":\"Sustitutivos de poderes(192).pdf\"}'),(12619,232,531,''),(12620,215,531,'0'),(12621,48,531,'LAND ROVER'),(12622,49,531,'RANGE ROVER'),(12623,50,531,'123308.21'),(12624,56,531,'0'),(12625,90,531,'{\"nombre\":\"Documento DNI(90).pdf\"}'),(12626,217,531,''),(12627,218,531,''),(12628,91,531,'{\"nombre\":\"Orden de mandato electrónico(91).pdf\"}'),(12629,92,531,'{\"nombre\":\"Ficha Técnica del vehículo(92).pdf\"}'),(12630,93,531,'{\"nombre\":\"Factura de venta(93).pdf\"}'),(12631,94,531,''),(12632,95,531,''),(12633,96,531,''),(12634,165,531,''),(12635,97,531,''),(12636,98,531,''),(12637,164,531,''),(12638,99,531,'0'),(12639,124,531,''),(12640,100,531,''),(12641,102,531,''),(12642,103,531,''),(12643,104,531,''),(12644,105,531,''),(12645,106,531,''),(12646,107,531,''),(12647,108,531,''),(12648,109,531,''),(12649,110,531,''),(12650,125,531,''),(12651,126,531,''),(12652,127,531,''),(12653,132,531,''),(12654,128,531,'0'),(12655,129,531,''),(12656,130,531,''),(12657,131,531,''),(12658,187,531,''),(12659,193,531,''),(12660,194,531,''),(12661,195,531,''),(12662,196,531,''),(12663,197,531,''),(12664,198,531,''),(12665,199,531,''),(12666,200,531,''),(12667,234,531,'0'),(12668,235,531,''),(12669,185,531,''),(12670,44,531,'Córdoba'),(12671,47,531,'SALKA9BW6PA084060'),(12672,51,531,'0'),(12673,52,531,''),(12674,53,531,'0'),(12675,54,531,'0'),(12676,55,531,'0'),(12677,166,531,'{\"nombre\":\"Permiso circulación provisional(166).PDF\"}'),(12678,167,531,'{\"nombre\":\"Ficha técnica provisional(167).PDF\"}'),(12679,168,531,''),(12680,169,531,''),(12681,170,531,''),(12682,57,531,'7530MKM'),(12683,123,531,''),(12684,183,531,'0'),(12685,184,531,''),(12686,186,531,''),(12687,59,532,'83/2023'),(12688,60,532,'Notificación de venta'),(12689,111,532,''),(12690,61,532,'Fyrsa'),(12691,201,532,'0'),(12692,64,532,'A41545930'),(12693,222,532,'0'),(12694,202,532,''),(12695,203,532,''),(12696,204,532,''),(12697,205,532,''),(12698,233,532,''),(12699,207,532,'0'),(12700,219,532,'0'),(12701,75,532,'6185LNY'),(12702,68,532,'14876.03'),(12703,74,532,'0'),(12704,112,532,''),(12705,220,532,''),(12706,221,532,''),(12707,113,532,''),(12708,210,532,''),(12709,211,532,''),(12710,114,532,'{\"nombre\":\"Ficha técnica(114).pdf\"}'),(12711,115,532,'{\"nombre\":\"Permiso de circulación(115).pdf\"}'),(12712,116,532,''),(12713,117,532,''),(12714,206,532,'{\"nombre\":\"Contrato de compraventa(206).pdf\"}'),(12715,209,532,''),(12716,62,532,'Córdoba'),(12717,63,532,'FYRSA'),(12718,66,532,'OPEL'),(12719,67,532,'MOKKA'),(12720,69,532,'0'),(12721,70,532,''),(12722,71,532,'0'),(12723,72,532,'0'),(12724,73,532,'0'),(12725,212,532,'0'),(12726,213,532,'0'),(12727,214,532,'0'),(12728,171,532,''),(12729,172,532,''),(12730,69,466,'0'),(12731,70,466,''),(12732,71,466,'0'),(12733,72,466,'0'),(12734,73,466,'0'),(12735,212,466,'0'),(12736,213,466,'0'),(12737,214,466,'0'),(12738,171,466,''),(12739,172,466,''),(12740,69,510,'0'),(12741,70,510,''),(12742,71,510,'0'),(12743,72,510,'0'),(12744,73,510,'0'),(12745,212,510,'0'),(12746,213,510,'0'),(12747,214,510,'0'),(12748,171,510,''),(12749,172,510,''),(12750,69,525,'0'),(12751,70,525,''),(12752,71,525,'0'),(12753,72,525,'0'),(12754,73,525,'0'),(12755,212,525,'0'),(12756,213,525,'0'),(12757,214,525,'0'),(12758,171,525,'{\"nombre\":\"Permiso circulación provisional(171).PDF\"}'),(12759,172,525,''),(12760,69,528,'0'),(12761,70,528,''),(12762,71,528,'0'),(12763,72,528,'0'),(12764,73,528,'0'),(12765,212,528,'0'),(12766,213,528,'0'),(12767,214,528,'0'),(12768,171,528,''),(12769,172,528,''),(12770,241,440,'0'),(12771,242,440,'Urgencia de prueba'),(12772,234,440,'0'),(12773,243,521,'0'),(12774,244,521,''),(12775,240,521,'0'),(12776,76,526,''),(12777,237,526,''),(12778,239,526,''),(12779,178,526,''),(12780,179,526,''),(12781,180,526,''),(12782,181,526,''),(12783,182,526,''),(12784,76,525,''),(12785,237,525,''),(12786,239,525,''),(12787,178,525,''),(12788,179,525,''),(12789,180,525,''),(12790,181,525,''),(12791,182,525,''),(12792,41,533,'84/2023'),(12793,42,533,'Matrícula simple'),(12794,43,533,'Surauto'),(12795,45,533,'MARIA EUGENIO LEON AMADO'),(12796,241,533,'0'),(12797,242,533,''),(12798,188,533,'0'),(12799,46,533,'44056838Q'),(12800,223,533,'0'),(12801,189,533,''),(12802,190,533,''),(12803,191,533,''),(12804,192,533,''),(12805,232,533,''),(12806,215,533,'0'),(12807,48,533,'VOLVO'),(12808,49,533,'S60 B4'),(12809,50,533,'41775.35'),(12810,56,533,'0'),(12811,90,533,'{\"nombre\":\"Documento DNI(90).pdf\"}'),(12812,217,533,''),(12813,218,533,''),(12814,91,533,'{\"nombre\":\"Orden de mandato electrónico(91).pdf\"}'),(12815,92,533,'{\"nombre\":\"Ficha Técnica del vehículo(92).pdf\"}'),(12816,93,533,'{\"nombre\":\"Factura de venta(93).pdf\"}'),(12817,94,533,''),(12818,95,533,''),(12819,96,533,''),(12820,165,533,''),(12821,97,533,''),(12822,98,533,''),(12823,164,533,''),(12824,99,533,'0'),(12825,124,533,''),(12826,100,533,''),(12827,102,533,''),(12828,103,533,''),(12829,104,533,''),(12830,105,533,''),(12831,106,533,''),(12832,107,533,''),(12833,108,533,''),(12834,109,533,''),(12835,110,533,''),(12836,125,533,''),(12837,126,533,''),(12838,127,533,''),(12839,132,533,''),(12840,128,533,'0'),(12841,129,533,''),(12842,130,533,''),(12843,131,533,''),(12844,187,533,''),(12845,193,533,''),(12846,194,533,''),(12847,195,533,''),(12848,196,533,''),(12849,197,533,''),(12850,198,533,''),(12851,199,533,''),(12852,200,533,''),(12853,234,533,'0'),(12854,235,533,''),(12855,185,533,''),(12856,44,533,'Jerez'),(12857,47,533,'7JRZSK8V5RG294756'),(12858,173,533,'{\"nombre\":\"Documentación adicional (I_V)(173).pdf\"}'),(12859,41,534,'85/2023'),(12860,42,534,'Matrícula simple'),(12861,43,534,'Surauto'),(12862,45,534,'MARIA EUGENIO LEON AMADO'),(12863,241,534,'0'),(12864,242,534,''),(12865,188,534,'0'),(12866,46,534,'44056838Q'),(12867,223,534,'0'),(12868,189,534,''),(12869,190,534,''),(12870,191,534,''),(12871,192,534,''),(12872,232,534,''),(12873,215,534,'0'),(12874,48,534,'VOLVO'),(12875,49,534,'S60 B4'),(12876,50,534,'41775.35'),(12877,56,534,'0'),(12878,90,534,''),(12879,217,534,''),(12880,218,534,''),(12881,91,534,''),(12882,92,534,''),(12883,93,534,''),(12884,94,534,''),(12885,95,534,''),(12886,96,534,''),(12887,165,534,''),(12888,97,534,''),(12889,98,534,''),(12890,164,534,''),(12891,99,534,'0'),(12892,124,534,''),(12893,100,534,''),(12894,102,534,''),(12895,103,534,''),(12896,104,534,''),(12897,105,534,''),(12898,106,534,''),(12899,107,534,''),(12900,108,534,''),(12901,109,534,''),(12902,110,534,''),(12903,125,534,''),(12904,126,534,''),(12905,127,534,''),(12906,132,534,''),(12907,128,534,'0'),(12908,129,534,''),(12909,130,534,''),(12910,131,534,''),(12911,187,534,''),(12912,193,534,''),(12913,194,534,''),(12914,195,534,''),(12915,196,534,''),(12916,197,534,''),(12917,198,534,''),(12918,199,534,''),(12919,200,534,''),(12920,234,534,'0'),(12921,235,534,''),(12922,185,534,''),(12923,44,534,'Jerez'),(12924,47,534,'7JRZSK8V5RG294756'),(12925,51,534,'0'),(12926,52,534,''),(12927,53,534,'0'),(12928,54,534,'0'),(12929,55,534,'0'),(12930,166,534,'{\"nombre\":\"Permiso circulación provisional(166).PDF\"}'),(12931,167,534,'{\"nombre\":\"Ficha técnica provisional(167).PDF\"}'),(12932,168,534,''),(12933,169,534,''),(12934,170,534,''),(12935,57,534,'9054MKM'),(12936,123,534,''),(12937,183,534,'0'),(12938,184,534,''),(12939,186,534,''),(12940,59,535,'86/2023'),(12941,60,535,'Otros'),(12942,111,535,'Solicitud informe tráfico'),(12943,61,535,'Noray'),(12944,243,535,'0'),(12945,244,535,''),(12946,201,535,'0'),(12947,240,535,'0'),(12948,64,535,'.'),(12949,222,535,'0'),(12950,202,535,''),(12951,203,535,''),(12952,204,535,''),(12953,205,535,''),(12954,233,535,''),(12955,207,535,'0'),(12956,219,535,'0'),(12957,75,535,'2405LGV'),(12958,68,535,'0'),(12959,74,535,'0'),(12960,112,535,''),(12961,220,535,''),(12962,221,535,''),(12963,113,535,''),(12964,210,535,''),(12965,211,535,''),(12966,114,535,''),(12967,115,535,''),(12968,116,535,''),(12969,117,535,''),(12970,206,535,''),(12971,209,535,''),(12972,62,535,'Cádiz'),(12973,63,535,'NORAY'),(12974,66,535,'.'),(12975,67,535,'.'),(12976,69,535,'0'),(12977,70,535,''),(12978,71,535,'0'),(12979,72,535,'0'),(12980,73,535,'0'),(12981,212,535,'0'),(12982,213,535,'0'),(12983,214,535,'0'),(12984,171,535,''),(12985,172,535,''),(12986,76,527,''),(12987,237,527,''),(12988,239,527,''),(12989,178,527,''),(12990,179,527,''),(12991,180,527,''),(12992,181,527,''),(12993,182,527,''),(12994,41,536,'87/2023'),(12995,42,536,'Matrícula simple'),(12996,43,536,'Surauto'),(12997,45,536,'JOSE MANUEL SANCHEZ SL'),(12998,241,536,'0'),(12999,242,536,''),(13000,188,536,'1'),(13001,46,536,''),(13002,223,536,'0'),(13003,189,536,'B11789146'),(13004,190,536,'{\"nombre\":\"DNI administrador(190).pdf\"}'),(13005,191,536,'{\"nombre\":\"CIF documento(191).pdf\"}'),(13006,192,536,'{\"nombre\":\"Sustitutivos de poderes(192).pdf\"}'),(13007,232,536,''),(13008,215,536,'0'),(13009,48,536,'VOLVO'),(13010,49,536,'XC60 D'),(13011,50,536,'44640.88'),(13012,56,536,'0'),(13013,90,536,'{\"nombre\":\"Documento DNI(90).pdf\"}'),(13014,217,536,''),(13015,218,536,''),(13016,91,536,'{\"nombre\":\"Orden de mandato electrónico(91).pdf\"}'),(13017,92,536,'{\"nombre\":\"Ficha Técnica del vehículo(92).pdf\"}'),(13018,93,536,'{\"nombre\":\"Factura de venta(93).pdf\"}'),(13019,94,536,''),(13020,95,536,''),(13021,96,536,''),(13022,165,536,''),(13023,97,536,''),(13024,98,536,''),(13025,164,536,''),(13026,99,536,'0'),(13027,124,536,''),(13028,100,536,''),(13029,102,536,''),(13030,103,536,''),(13031,104,536,''),(13032,105,536,''),(13033,106,536,''),(13034,107,536,''),(13035,108,536,''),(13036,109,536,''),(13037,110,536,''),(13038,125,536,''),(13039,126,536,''),(13040,127,536,''),(13041,132,536,''),(13042,128,536,'0'),(13043,129,536,''),(13044,130,536,''),(13045,131,536,''),(13046,187,536,''),(13047,193,536,''),(13048,194,536,''),(13049,195,536,''),(13050,196,536,''),(13051,197,536,''),(13052,198,536,''),(13053,199,536,''),(13054,200,536,''),(13055,234,536,'0'),(13056,235,536,''),(13057,185,536,''),(13058,44,536,'Jerez'),(13059,47,536,'YV1UZK5V2R1768474'),(13060,51,536,'0'),(13061,52,536,''),(13062,53,536,'0'),(13063,54,536,'0'),(13064,55,536,'0'),(13065,166,536,'{\"nombre\":\"Permiso circulación provisional(166).PDF\"}'),(13066,167,536,'{\"nombre\":\"Ficha técnica provisional(167).PDF\"}'),(13067,168,536,''),(13068,169,536,''),(13069,170,536,''),(13070,57,536,'8929MKM'),(13071,123,536,''),(13072,183,536,'0'),(13073,184,536,''),(13074,186,536,''),(13075,76,535,''),(13076,178,535,'{\"nombre\":\"Documentación adicional (I_V)(178).PDF\"}'),(13077,237,535,''),(13078,239,535,''),(13079,179,535,''),(13080,180,535,''),(13081,181,535,''),(13082,182,535,''),(13083,58,534,''),(13084,238,534,''),(13085,173,534,''),(13086,174,534,''),(13087,175,534,''),(13088,176,534,''),(13089,177,534,''),(13090,76,528,''),(13091,76,530,''),(13092,237,530,''),(13093,239,530,''),(13094,178,530,''),(13095,179,530,''),(13096,180,530,''),(13097,181,530,''),(13098,182,530,''),(13099,237,528,''),(13100,239,528,''),(13101,178,528,''),(13102,179,528,''),(13103,180,528,''),(13104,181,528,''),(13105,182,528,''),(13106,76,466,''),(13107,178,466,'{\"nombre\":\"Documentación adicional (I_V)(178).PDF\"}'),(13108,237,466,''),(13109,239,466,''),(13110,179,466,''),(13111,180,466,''),(13112,181,466,''),(13113,182,466,''),(13114,76,510,''),(13115,178,510,'{\"nombre\":\"Documentación adicional (I_V)(178).PDF\"}'),(13116,237,510,''),(13117,239,510,''),(13118,179,510,''),(13119,180,510,''),(13120,181,510,''),(13121,182,510,''),(13122,243,524,'0'),(13123,244,524,''),(13124,240,524,'0'),(13125,76,529,''),(13126,237,529,''),(13127,239,529,''),(13128,178,529,'{\"nombre\":\"Documentación adicional (I_V)(178).PDF\"}'),(13129,179,529,''),(13130,180,529,''),(13131,181,529,''),(13132,182,529,''),(13133,76,532,''),(13134,237,532,''),(13135,239,532,''),(13136,178,532,''),(13137,179,532,''),(13138,180,532,''),(13139,181,532,''),(13140,182,532,''),(13141,59,537,'88/2023'),(13142,60,537,'Transferencia'),(13143,111,537,''),(13144,61,537,'Fyrsa'),(13145,243,537,'0'),(13146,244,537,''),(13147,201,537,'0'),(13148,240,537,'0'),(13149,64,537,'52540741R'),(13150,222,537,'0'),(13151,202,537,''),(13152,203,537,''),(13153,204,537,''),(13154,205,537,''),(13155,233,537,''),(13156,207,537,'0'),(13157,219,537,'0'),(13158,75,537,'0149MKD'),(13159,68,537,'18003.31'),(13160,74,537,'0'),(13161,112,537,'{\"nombre\":\"DNI(112).pdf\"}'),(13162,220,537,''),(13163,221,537,''),(13164,113,537,'{\"nombre\":\"Orden de mandato electrónico(113).pdf\"}'),(13165,210,537,''),(13166,211,537,''),(13167,114,537,'{\"nombre\":\"Ficha técnica(114).pdf\"}'),(13168,115,537,'{\"nombre\":\"Permiso de circulación(115).pdf\"}'),(13169,116,537,''),(13170,117,537,'{\"nombre\":\"Factura de venta(117).pdf\"}'),(13171,206,537,''),(13172,209,537,''),(13173,62,537,'Córdoba'),(13174,63,537,'TRINIDAD RUMIN VELASCO'),(13175,66,537,'CITROEN '),(13176,67,537,'C-3 AIRCROSS'),(13177,69,537,'0'),(13178,70,537,''),(13179,71,537,'0'),(13180,72,537,'0'),(13181,73,537,'0'),(13182,212,537,'0'),(13183,213,537,'0'),(13184,214,537,'0'),(13185,171,537,'{\"nombre\":\"Permiso circulación provisional(171).PDF\"}'),(13186,172,537,''),(13189,59,538,'89/2023'),(13190,60,538,'Transferencia'),(13191,111,538,''),(13192,61,538,'Gadir'),(13193,243,538,'1'),(13194,244,538,'ex gerente de gadir'),(13195,201,538,'0'),(13196,240,538,'0'),(13197,64,538,'31660462L'),(13198,222,538,'0'),(13199,202,538,''),(13200,203,538,''),(13201,204,538,''),(13202,205,538,''),(13203,233,538,''),(13204,207,538,'0'),(13205,219,538,'0'),(13206,75,538,'7737FNJ'),(13207,68,538,'0'),(13208,74,538,'0'),(13209,112,538,''),(13210,220,538,''),(13211,221,538,''),(13212,113,538,''),(13213,210,538,'{\"nombre\":\"DNI comprador(210).pdf\"}'),(13214,211,538,'{\"nombre\":\"Orden de mandato electrónico comprador(211).pdf\"}'),(13215,114,538,'{\"nombre\":\"Ficha técnica(114).pdf\"}'),(13216,115,538,'{\"nombre\":\"Permiso de circulación(115).PDF\"}'),(13217,116,538,''),(13218,117,538,'{\"nombre\":\"Factura de venta(117).pdf\"}'),(13219,206,538,''),(13220,209,538,''),(13221,62,538,'Jerez'),(13222,63,538,'IGNACIO MARIANO GIL DE BERNABE RIVERO'),(13223,66,538,'HONDA'),(13224,67,538,'CRV'),(13225,69,538,'0'),(13226,70,538,''),(13227,71,538,'0'),(13228,72,538,'0'),(13229,73,538,'0'),(13230,212,538,'0'),(13231,213,538,'0'),(13232,214,538,'0'),(13233,171,538,'{\"nombre\":\"Permiso circulación provisional(171).PDF\"}'),(13234,172,538,''),(13235,59,539,'90/2023'),(13236,60,539,'Transferencia'),(13237,111,539,''),(13238,61,539,'Tysa'),(13239,243,539,'0'),(13240,244,539,''),(13241,201,539,'0'),(13242,240,539,'0'),(13243,64,539,'75952391C'),(13244,222,539,'0'),(13245,202,539,''),(13246,203,539,''),(13247,204,539,''),(13248,205,539,''),(13249,233,539,''),(13250,207,539,'0'),(13251,219,539,'0'),(13252,75,539,'1980JNP'),(13253,68,539,'0'),(13254,74,539,'0'),(13255,112,539,'{\"nombre\":\"DNI(112).pdf\"}'),(13256,220,539,''),(13257,221,539,''),(13258,113,539,'{\"nombre\":\"Orden de mandato electrónico(113).pdf\"}'),(13259,210,539,''),(13260,211,539,''),(13261,114,539,'{\"nombre\":\"Ficha técnica(114).pdf\"}'),(13262,115,539,'{\"nombre\":\"Permiso de circulación(115).pdf\"}'),(13263,116,539,''),(13264,117,539,'{\"nombre\":\"Factura de venta(117).pdf\"}'),(13265,206,539,''),(13266,209,539,''),(13267,62,539,'Sevilla'),(13268,63,539,'RAFAEL JESUS RAMOS PESO'),(13269,66,539,'FORD'),(13270,67,539,'ECOSPORT'),(13271,59,540,'91/2023'),(13272,60,540,'Transferencia'),(13273,111,540,''),(13274,61,540,'Fyrsa'),(13275,243,540,'1'),(13276,244,540,'SE ENTREGA EL COCHE ESTA TARDE, QUE EL CLIENTE VIENE DE VALENCIA '),(13277,201,540,'0'),(13278,240,540,'0'),(13279,64,540,'44527454Y'),(13280,222,540,'0'),(13281,202,540,''),(13282,203,540,''),(13283,204,540,''),(13284,205,540,''),(13285,233,540,''),(13286,207,540,'0'),(13287,219,540,'0'),(13288,75,540,'5466KNK'),(13289,68,540,'27920.66'),(13290,74,540,'0'),(13291,112,540,'{\"nombre\":\"DNI(112).pdf\"}'),(13292,220,540,''),(13293,221,540,''),(13294,113,540,''),(13295,210,540,''),(13296,211,540,''),(13297,114,540,'{\"nombre\":\"Ficha técnica(114).pdf\"}'),(13298,115,540,'{\"nombre\":\"Permiso de circulación(115).pdf\"}'),(13299,116,540,''),(13300,117,540,'{\"nombre\":\"Factura de venta(117).pdf\"}'),(13301,206,540,''),(13302,209,540,''),(13303,62,540,'Córdoba'),(13304,63,540,'JOSEP FRANCESC BELENGUER GIMENEZ'),(13305,66,540,'VOLVO'),(13306,67,540,'XC-40'),(13307,69,540,'0'),(13308,70,540,''),(13309,71,540,'0'),(13310,72,540,'0'),(13311,73,540,'0'),(13312,212,540,'0'),(13313,213,540,'0'),(13314,214,540,'0'),(13315,171,540,'{\"nombre\":\"Permiso circulación provisional(171).PDF\"}'),(13316,172,540,''),(13317,69,539,'0'),(13318,70,539,''),(13319,71,539,'0'),(13320,72,539,'0'),(13321,73,539,'0'),(13322,212,539,'0'),(13323,213,539,'0'),(13324,214,539,'0'),(13325,171,539,'{\"nombre\":\"Permiso circulación provisional(171).PDF\"}'),(13326,172,539,''),(13327,76,537,''),(13328,178,537,''),(13329,237,537,''),(13330,239,537,''),(13331,179,537,''),(13332,180,537,''),(13333,181,537,''),(13334,182,537,''),(13335,41,541,'92/2023'),(13336,42,541,'Matrícula simple'),(13337,43,541,'Autos Pisa'),(13338,45,541,'JUANA MARIA ARROYO FERNANDEZ'),(13339,241,541,'0'),(13340,242,541,''),(13341,188,541,'0'),(13342,46,541,'24260209Q'),(13343,223,541,'0'),(13344,189,541,''),(13345,190,541,''),(13346,191,541,''),(13347,192,541,''),(13348,232,541,''),(13349,215,541,'0'),(13350,48,541,'PORSCHE'),(13351,49,541,'CAYENNE E-HY COUPE'),(13352,50,541,'96896.15'),(13353,56,541,'0'),(13354,90,541,'{\"nombre\":\"Documento DNI(90).pdf\"}'),(13355,217,541,''),(13356,218,541,''),(13357,91,541,'{\"nombre\":\"Orden de mandato electrónico(91).pdf\"}'),(13358,92,541,'{\"nombre\":\"Ficha Técnica del vehículo(92).pdf\"}'),(13359,93,541,'{\"nombre\":\"Factura de venta(93).pdf\"}'),(13360,94,541,''),(13361,95,541,''),(13362,96,541,''),(13363,165,541,''),(13364,97,541,''),(13365,98,541,''),(13366,164,541,''),(13367,99,541,'0'),(13368,124,541,''),(13369,100,541,''),(13370,102,541,''),(13371,103,541,''),(13372,104,541,''),(13373,105,541,''),(13374,106,541,''),(13375,107,541,''),(13376,108,541,''),(13377,109,541,''),(13378,110,541,''),(13379,125,541,''),(13380,126,541,''),(13381,127,541,''),(13382,132,541,''),(13383,128,541,'0'),(13384,129,541,''),(13385,130,541,''),(13386,131,541,''),(13387,187,541,''),(13388,193,541,''),(13389,194,541,''),(13390,195,541,''),(13391,196,541,''),(13392,197,541,''),(13393,198,541,''),(13394,199,541,''),(13395,200,541,''),(13396,234,541,'0'),(13397,235,541,''),(13398,185,541,''),(13399,44,541,'Sevilla'),(13400,47,541,'WP1ZZZ9Y0RDA57989'),(13401,51,541,'0'),(13402,52,541,''),(13403,53,541,'0'),(13404,54,541,'0'),(13405,55,541,'0'),(13406,166,541,'{\"nombre\":\"Permiso circulación provisional(166).PDF\"}'),(13407,167,541,'{\"nombre\":\"Ficha técnica provisional(167).PDF\"}'),(13408,168,541,'{\"nombre\":\"Modelo 576(168).PDF\"}'),(13409,169,541,'{\"nombre\":\"Alta IVTM(169).PDF\"}'),(13410,170,541,'{\"nombre\":\"Pago IVTM(170).PDF\"}'),(13411,57,541,'3003MJN'),(13412,123,541,''),(13413,183,541,'0'),(13414,184,541,''),(13415,186,541,''),(13416,76,540,''),(13417,237,540,''),(13418,239,540,''),(13419,178,540,''),(13420,179,540,''),(13421,180,540,''),(13422,181,540,''),(13423,182,540,''),(13424,241,497,'0'),(13425,242,497,''),(13426,41,542,'93/2023'),(13427,42,542,'Matrícula simple'),(13428,43,542,'Autos Pisa'),(13429,45,542,'RAFAEL MIGUEL JIMENEZ ROSALES'),(13430,241,542,'0'),(13431,242,542,''),(13432,188,542,'0'),(13433,46,542,'30411856Z'),(13434,223,542,'0'),(13435,189,542,''),(13436,190,542,''),(13437,191,542,''),(13438,192,542,''),(13439,232,542,''),(13440,215,542,'0'),(13441,48,542,'PORSCHE'),(13442,49,542,'CAYENNE E-HY'),(13443,50,542,'108910.15'),(13444,56,542,'0'),(13445,90,542,'{\"nombre\":\"Documento DNI(90).pdf\"}'),(13446,217,542,''),(13447,218,542,''),(13448,91,542,'{\"nombre\":\"Orden de mandato electrónico(91).pdf\"}'),(13449,92,542,'{\"nombre\":\"Ficha Técnica del vehículo(92).pdf\"}'),(13450,93,542,'{\"nombre\":\"Factura de venta(93).pdf\"}'),(13451,94,542,''),(13452,95,542,''),(13453,96,542,''),(13454,165,542,''),(13455,97,542,''),(13456,98,542,''),(13457,164,542,''),(13458,99,542,'0'),(13459,124,542,''),(13460,100,542,''),(13461,102,542,''),(13462,103,542,''),(13463,104,542,''),(13464,105,542,''),(13465,106,542,''),(13466,107,542,''),(13467,108,542,''),(13468,109,542,''),(13469,110,542,''),(13470,125,542,''),(13471,126,542,''),(13472,127,542,''),(13473,132,542,''),(13474,128,542,'0'),(13475,129,542,''),(13476,130,542,''),(13477,131,542,''),(13478,187,542,''),(13479,193,542,''),(13480,194,542,''),(13481,195,542,''),(13482,196,542,''),(13483,197,542,''),(13484,198,542,''),(13485,199,542,''),(13486,200,542,''),(13487,234,542,'0'),(13488,235,542,''),(13489,185,542,''),(13490,44,542,'Sevilla'),(13491,47,542,'WP1ZZZ9YXRDA18679'),(13492,51,542,'0'),(13493,52,542,''),(13494,53,542,'0'),(13495,54,542,'0'),(13496,55,542,'0'),(13497,166,542,'{\"nombre\":\"Permiso circulación provisional(166).PDF\"}'),(13498,167,542,'{\"nombre\":\"Ficha técnica provisional(167).PDF\"}'),(13499,168,542,'{\"nombre\":\"Modelo 576(168).PDF\"}'),(13500,169,542,'{\"nombre\":\"Alta IVTM(169).PDF\"}'),(13501,170,542,'{\"nombre\":\"Pago IVTM(170).PDF\"}'),(13502,57,542,'3787MKN'),(13503,123,542,''),(13504,183,542,'0'),(13505,184,542,''),(13506,186,542,''),(13507,58,541,''),(13508,238,541,''),(13509,173,541,''),(13510,174,541,''),(13511,175,541,''),(13512,176,541,''),(13513,177,541,''),(13514,76,538,''),(13515,237,538,''),(13516,239,538,''),(13517,178,538,''),(13518,179,538,''),(13519,180,538,''),(13520,181,538,''),(13521,182,538,''),(13522,58,542,''),(13523,238,542,''),(13524,173,542,''),(13525,174,542,''),(13526,175,542,''),(13527,176,542,''),(13528,177,542,''),(13529,76,539,''),(13530,237,539,''),(13531,239,539,''),(13532,178,539,''),(13533,179,539,''),(13534,180,539,''),(13535,181,539,''),(13536,182,539,''),(13537,243,519,'0'),(13538,244,519,''),(13539,240,519,'0'),(13540,59,543,'94/2023'),(13541,60,543,'Transferencia'),(13542,111,543,''),(13543,61,543,'Fyrsa'),(13544,243,543,'0'),(13545,244,543,''),(13546,201,543,'0'),(13547,240,543,'0'),(13548,64,543,'46269694l'),(13549,222,543,'0'),(13550,202,543,''),(13551,203,543,''),(13552,204,543,''),(13553,205,543,''),(13554,233,543,''),(13555,207,543,'0'),(13556,219,543,'0'),(13557,75,543,'5172KFF'),(13558,68,543,'15523.97'),(13559,74,543,'0'),(13560,112,543,'{\"nombre\":\"DNI(112).pdf\"}'),(13561,220,543,''),(13562,221,543,''),(13563,113,543,''),(13564,210,543,''),(13565,211,543,''),(13566,114,543,'{\"nombre\":\"Ficha técnica(114).pdf\"}'),(13567,115,543,'{\"nombre\":\"Permiso de circulación(115).pdf\"}'),(13568,116,543,''),(13569,117,543,'{\"nombre\":\"Factura de venta(117).pdf\"}'),(13570,206,543,''),(13571,209,543,''),(13572,62,543,'Córdoba'),(13573,63,543,'MARIA DOLORES MEDINA VARO'),(13574,66,543,'AUDI'),(13575,67,543,'A1 '),(13576,69,543,'0'),(13577,70,543,''),(13578,71,543,'0'),(13579,72,543,'0'),(13580,73,543,'0'),(13581,212,543,'0'),(13582,213,543,'0'),(13583,214,543,'0'),(13584,171,543,'{\"nombre\":\"Permiso circulación provisional(171).PDF\"}'),(13585,172,543,''),(13586,243,522,'0'),(13587,244,522,''),(13588,240,522,'0'),(13589,243,494,'0'),(13590,244,494,''),(13591,240,494,'0'),(13592,59,544,'95/2023'),(13593,60,544,'Transferencia'),(13594,111,544,''),(13595,61,544,'Inauto'),(13596,243,544,'0'),(13597,244,544,''),(13598,201,544,'0'),(13599,240,544,'0'),(13600,64,544,'A41197161'),(13601,222,544,'0'),(13602,202,544,''),(13603,203,544,''),(13604,204,544,''),(13605,205,544,''),(13606,233,544,''),(13607,207,544,'0'),(13608,219,544,'0'),(13609,75,544,'2080LBL'),(13610,68,544,'0'),(13611,74,544,'0'),(13612,112,544,'{\"nombre\":\"DNI(112).pdf\"}'),(13613,220,544,''),(13614,221,544,''),(13615,113,544,'{\"nombre\":\"Orden de mandato electrónico(113).pdf\"}'),(13616,210,544,''),(13617,211,544,''),(13618,114,544,'{\"nombre\":\"Ficha técnica(114).pdf\"}'),(13619,115,544,'{\"nombre\":\"Permiso de circulación(115).pdf\"}'),(13620,116,544,''),(13621,117,544,''),(13622,206,544,''),(13623,209,544,''),(13624,62,544,'Cádiz'),(13625,63,544,'INAUTO'),(13626,66,544,'CITROEN'),(13627,67,544,'C3'),(13628,69,544,'0'),(13629,70,544,''),(13630,71,544,'0'),(13631,72,544,'0'),(13632,73,544,'0'),(13633,212,544,'0'),(13634,213,544,'0'),(13635,214,544,'0'),(13636,171,544,''),(13637,172,544,''),(13638,59,545,'96/2023'),(13639,60,545,'Otros'),(13640,111,545,'Solicitud informe tráfico'),(13641,61,545,'Noray'),(13642,243,545,'0'),(13643,244,545,''),(13644,201,545,'0'),(13645,240,545,'0'),(13646,64,545,'.'),(13647,222,545,'0'),(13648,202,545,''),(13649,203,545,''),(13650,204,545,''),(13651,205,545,''),(13652,233,545,''),(13653,207,545,'0'),(13654,219,545,'0'),(13655,75,545,'5476JHC'),(13656,68,545,'0'),(13657,74,545,'0'),(13658,112,545,''),(13659,220,545,''),(13660,221,545,''),(13661,113,545,''),(13662,210,545,''),(13663,211,545,''),(13664,114,545,''),(13665,115,545,''),(13666,116,545,''),(13667,117,545,''),(13668,206,545,''),(13669,209,545,''),(13670,62,545,'Algeciras'),(13671,63,545,'NORAY'),(13672,66,545,'DACIA'),(13673,67,545,'SANDERO'),(13674,69,545,'0'),(13675,70,545,''),(13676,71,545,'0'),(13677,72,545,'0'),(13678,73,545,'0'),(13679,212,545,'0'),(13680,213,545,'0'),(13681,214,545,'0'),(13682,171,545,''),(13683,172,545,''),(13684,59,546,'97/2023'),(13685,60,546,'Transferencia'),(13686,111,546,''),(13687,61,546,'Tysa'),(13688,243,546,'0'),(13689,244,546,''),(13690,201,546,'0'),(13691,240,546,'1'),(13692,64,546,'A41121336'),(13693,222,546,'0'),(13694,202,546,''),(13695,203,546,''),(13696,204,546,''),(13697,205,546,''),(13698,233,546,''),(13699,207,546,'0'),(13700,219,546,'0'),(13701,75,546,'4281JVX'),(13702,68,546,'0'),(13703,74,546,'0'),(13704,112,546,'{\"nombre\":\"DNI(112).pdf\"}'),(13705,220,546,''),(13706,221,546,''),(13707,113,546,''),(13708,210,546,'{\"nombre\":\"DNI comprador(210).pdf\"}'),(13709,211,546,'{\"nombre\":\"Orden de mandato electrónico comprador(211).pdf\"}'),(13710,114,546,'{\"nombre\":\"Ficha técnica(114).pdf\"}'),(13711,115,546,'{\"nombre\":\"Permiso de circulación(115).pdf\"}'),(13712,116,546,'{\"nombre\":\"Informe de tráfico(116).pdf\"}'),(13713,117,546,'{\"nombre\":\"Factura de venta(117).pdf\"}'),(13714,206,546,''),(13715,209,546,''),(13716,62,546,'Sevilla'),(13717,63,546,'TYSA'),(13718,66,546,'PEUGEOT'),(13719,67,546,'BOXER'),(13720,178,546,'{\"nombre\":\"Documentación adicional (I_V)(178).pdf\"}'),(13721,179,546,'{\"nombre\":\"Documentación adicional (II_V)(179).pdf\"}'),(13722,69,546,'0'),(13723,70,546,''),(13724,71,546,'0'),(13725,72,546,'0'),(13726,73,546,'0'),(13727,212,546,'0'),(13728,213,546,'0'),(13729,214,546,'0'),(13730,171,546,''),(13731,172,546,''),(13732,241,493,'0'),(13733,242,493,''),(13734,51,493,'0'),(13735,52,493,''),(13736,53,493,'0'),(13737,54,493,'0'),(13738,55,493,'0'),(13739,166,493,'{\"nombre\":\"Permiso circulación provisional(166).PDF\"}'),(13740,167,493,'{\"nombre\":\"Ficha técnica provisional(167).PDF\"}'),(13741,168,493,''),(13742,169,493,''),(13743,170,493,''),(13744,57,493,'0684MKV'),(13745,123,493,''),(13746,183,493,'0'),(13747,184,493,''),(13748,186,493,''),(13749,59,547,'98/2023'),(13750,60,547,'Otros'),(13751,111,547,'Solicitud justificante provisional'),(13752,61,547,'Surauto'),(13753,243,547,'0'),(13754,244,547,''),(13755,201,547,'0'),(13756,240,547,'0'),(13757,64,547,'31662463L'),(13758,222,547,'0'),(13759,202,547,''),(13760,203,547,''),(13761,204,547,''),(13762,205,547,''),(13763,233,547,''),(13764,207,547,'0'),(13765,219,547,'0'),(13766,75,547,'4707MCM'),(13767,68,547,'0'),(13768,74,547,'0'),(13769,112,547,''),(13770,220,547,''),(13771,221,547,''),(13772,113,547,''),(13773,210,547,''),(13774,211,547,''),(13775,114,547,''),(13776,115,547,''),(13777,116,547,''),(13778,117,547,''),(13779,206,547,''),(13780,209,547,''),(13781,62,547,'Jerez'),(13782,63,547,'ANA MARIA PEÑA RODRIGUEZ'),(13783,66,547,'VOLVO'),(13784,67,547,'XC40\n'),(13785,59,548,'99/2023'),(13786,60,548,'Otros'),(13787,111,548,'Solicitud justificante provisional'),(13788,61,548,'Surauto'),(13789,243,548,'0'),(13790,244,548,''),(13791,201,548,'0'),(13792,240,548,'0'),(13793,64,548,'31662463L'),(13794,222,548,'0'),(13795,202,548,''),(13796,203,548,''),(13797,204,548,''),(13798,205,548,''),(13799,233,548,''),(13800,207,548,'0'),(13801,219,548,'0'),(13802,75,548,'4707MCM'),(13803,68,548,'0'),(13804,74,548,'0'),(13805,112,548,'{\"nombre\":\"DNI(112).pdf\"}'),(13806,220,548,''),(13807,221,548,''),(13808,113,548,''),(13809,210,548,''),(13810,211,548,''),(13811,114,548,''),(13812,115,548,'{\"nombre\":\"Permiso de circulación(115).pdf\"}'),(13813,116,548,''),(13814,117,548,''),(13815,206,548,''),(13816,209,548,''),(13817,62,548,'Jerez'),(13818,63,548,'ANA MARIA PEÑA RODRIGUEZ'),(13819,66,548,'VOLVO'),(13820,67,548,'XC40\n'),(13821,69,548,'0'),(13822,70,548,''),(13823,71,548,'0'),(13824,72,548,'0'),(13825,73,548,'0'),(13826,212,548,'0'),(13827,213,548,'0'),(13828,214,548,'0'),(13829,171,548,''),(13830,172,548,''),(13831,241,463,'0'),(13832,242,463,''),(13833,51,463,'0'),(13834,52,463,''),(13835,53,463,'0'),(13836,54,463,'0'),(13837,55,463,'0'),(13838,166,463,'{\"nombre\":\"Permiso circulación provisional(166).PDF\"}'),(13839,167,463,'{\"nombre\":\"Ficha técnica provisional(167).PDF\"}'),(13840,168,463,''),(13841,169,463,''),(13842,170,463,''),(13843,57,463,'4036MKP'),(13844,123,463,''),(13845,183,463,'0'),(13846,184,463,''),(13847,186,463,''),(13848,76,545,''),(13849,178,545,'{\"nombre\":\"Documentación adicional (I_V)(178).PDF\"}'),(13850,237,545,''),(13851,239,545,''),(13852,179,545,''),(13853,180,545,''),(13854,181,545,''),(13855,182,545,''),(13856,59,549,'100/2023'),(13857,60,549,'Notificación de venta y Transferencia'),(13858,111,549,''),(13859,61,549,'Tysa'),(13860,243,549,'0'),(13861,244,549,''),(13862,201,549,'0'),(13863,240,549,'1'),(13864,64,549,'B23800279'),(13865,222,549,'0'),(13866,202,549,''),(13867,203,549,''),(13868,204,549,''),(13869,205,549,''),(13870,233,549,''),(13871,207,549,'0'),(13872,219,549,'0'),(13873,75,549,'1941GZW'),(13874,68,549,'0'),(13875,74,549,'0'),(13876,112,549,''),(13877,220,549,''),(13878,221,549,''),(13879,113,549,''),(13880,210,549,'{\"nombre\":\"DNI comprador(210).pdf\"}'),(13881,211,549,'{\"nombre\":\"Orden de mandato electrónico comprador(211).pdf\"}'),(13882,114,549,'{\"nombre\":\"Ficha técnica(114).pdf\"}'),(13883,115,549,'{\"nombre\":\"Permiso de circulación(115).pdf\"}'),(13884,116,549,'{\"nombre\":\"Informe de tráfico(116).pdf\"}'),(13885,117,549,'{\"nombre\":\"Factura de venta(117).pdf\"}'),(13886,206,549,'{\"nombre\":\"Contrato de compraventa(206).pdf\"}'),(13887,209,549,''),(13888,62,549,'Córdoba'),(13889,63,549,'BASILIO Y ALI'),(13890,66,549,'PEUGEOT'),(13891,67,549,'3008'),(13892,76,543,''),(13893,237,543,''),(13894,239,543,''),(13895,178,543,''),(13896,179,543,''),(13897,180,543,''),(13898,181,543,''),(13899,182,543,''),(13900,76,544,''),(13901,237,544,''),(13902,239,544,''),(13903,178,544,''),(13904,179,544,''),(13905,180,544,''),(13906,181,544,''),(13907,182,544,''),(13908,59,550,'101/2023'),(13909,60,550,'Transferencia'),(13910,111,550,''),(13911,61,550,'Gysa'),(13912,243,550,'0'),(13913,244,550,''),(13914,201,550,'1'),(13915,240,550,'0'),(13916,64,550,''),(13917,222,550,'0'),(13918,202,550,'B56133663'),(13919,203,550,'{\"nombre\":\"DNI Administrador(203).pdf\"}'),(13920,204,550,'{\"nombre\":\"CIF documento(204).pdf\"}'),(13921,205,550,'{\"nombre\":\"Sustitutivos de poderes(205).pdf\"}'),(13922,233,550,''),(13923,207,550,'0'),(13924,219,550,'0'),(13925,75,550,'5724MBL'),(13926,68,550,'0'),(13927,74,550,'0'),(13928,112,550,''),(13929,220,550,''),(13930,221,550,''),(13931,113,550,''),(13932,210,550,'{\"nombre\":\"DNI comprador(210).pdf\"}'),(13933,211,550,'{\"nombre\":\"Orden de mandato electrónico comprador(211).pdf\"}'),(13934,114,550,'{\"nombre\":\"Ficha técnica(114).pdf\"}'),(13935,115,550,'{\"nombre\":\"Permiso de circulación(115).pdf\"}'),(13936,116,550,''),(13937,117,550,'{\"nombre\":\"Factura de venta(117).pdf\"}'),(13938,206,550,''),(13939,209,550,''),(13940,62,550,'Córdoba'),(13941,63,550,'DE PRADO CERVANTES SL'),(13942,66,550,'LAND ROVER'),(13943,67,550,'RR SPORT'),(13944,69,550,'0'),(13945,70,550,''),(13946,71,550,'0'),(13947,72,550,'0'),(13948,73,550,'0'),(13949,212,550,'0'),(13950,213,550,'0'),(13951,214,550,'0'),(13952,171,550,'{\"nombre\":\"Permiso circulación provisional(171).PDF\"}'),(13953,172,550,''),(13954,243,488,'0'),(13955,244,488,''),(13956,240,488,'0'),(13957,243,525,'0'),(13958,244,525,''),(13959,240,525,'0'),(13960,59,551,'102/2023'),(13961,60,551,'Transferencia'),(13962,111,551,''),(13963,61,551,'Tysa'),(13964,243,551,'0'),(13965,244,551,''),(13966,201,551,'0'),(13967,240,551,'1'),(13968,64,551,'A41121336'),(13969,222,551,'0'),(13970,202,551,''),(13971,203,551,''),(13972,204,551,''),(13973,205,551,''),(13974,233,551,''),(13975,207,551,'0'),(13976,219,551,'0'),(13977,75,551,'3716JNK'),(13978,68,551,'0'),(13979,74,551,'0'),(13980,112,551,''),(13981,220,551,''),(13982,221,551,''),(13983,113,551,''),(13984,210,551,'{\"nombre\":\"DNI comprador(210).pdf\"}'),(13985,211,551,'{\"nombre\":\"Orden de mandato electrónico comprador(211).pdf\"}'),(13986,114,551,'{\"nombre\":\"Ficha técnica(114).pdf\"}'),(13987,115,551,'{\"nombre\":\"Permiso de circulación(115).pdf\"}'),(13988,116,551,'{\"nombre\":\"Informe de tráfico(116).pdf\"}'),(13989,117,551,'{\"nombre\":\"Factura de venta(117).pdf\"}'),(13990,206,551,''),(13991,209,551,''),(13992,62,551,'Córdoba'),(13993,63,551,'TYSA'),(13994,66,551,'PEUGEOT'),(13995,67,551,'3008'),(13996,69,551,'0'),(13997,70,551,''),(13998,71,551,'0'),(13999,72,551,'0'),(14000,73,551,'0'),(14001,212,551,'0'),(14002,213,551,'0'),(14003,214,551,'0'),(14004,171,551,'{\"nombre\":\"Permiso circulación provisional(171).PDF\"}'),(14005,172,551,''),(14006,59,552,'103/2023'),(14007,60,552,'Transferencia'),(14008,111,552,''),(14009,61,552,'Tysa'),(14010,243,552,'0'),(14011,244,552,''),(14012,201,552,'0'),(14013,240,552,'0'),(14014,64,552,'75445643p'),(14015,222,552,'0'),(14016,202,552,''),(14017,203,552,''),(14018,204,552,''),(14019,205,552,''),(14020,233,552,''),(14021,207,552,'0'),(14022,219,552,'0'),(14023,75,552,'8251jkz'),(14024,68,552,'0'),(14025,74,552,'0'),(14026,112,552,'{\"nombre\":\"DNI(112).pdf\"}'),(14027,220,552,''),(14028,221,552,''),(14029,113,552,''),(14030,210,552,''),(14031,211,552,'{\"nombre\":\"Orden de mandato electrónico comprador(211).pdf\"}'),(14032,114,552,'{\"nombre\":\"Ficha técnica(114).pdf\"}'),(14033,115,552,'{\"nombre\":\"Permiso de circulación(115).pdf\"}'),(14034,116,552,''),(14035,117,552,'{\"nombre\":\"Factura de venta(117).pdf\"}'),(14036,206,552,''),(14037,209,552,''),(14038,62,552,'Sevilla'),(14039,63,552,'dolores perez zambrano'),(14040,66,552,'nissan'),(14041,67,552,'pulsar'),(14042,69,552,'0'),(14043,70,552,''),(14044,71,552,'0'),(14045,72,552,'0'),(14046,73,552,'0'),(14047,212,552,'0'),(14048,213,552,'0'),(14049,214,552,'0'),(14050,171,552,'{\"nombre\":\"Permiso circulación provisional(171).PDF\"}'),(14051,172,552,''),(14052,76,550,''),(14053,237,550,''),(14054,239,550,''),(14055,178,550,''),(14056,179,550,''),(14057,180,550,''),(14058,181,550,''),(14059,182,550,''),(14060,76,546,''),(14061,237,546,''),(14062,239,546,''),(14063,180,546,''),(14064,181,546,''),(14065,182,546,''),(14066,59,553,'104/2023'),(14067,60,553,'Transferencia'),(14068,111,553,''),(14069,61,553,'Inauto'),(14070,243,553,'0'),(14071,244,553,''),(14072,201,553,'0'),(14073,240,553,'0'),(14074,64,553,'52329210R'),(14075,222,553,'0'),(14076,202,553,''),(14077,203,553,''),(14078,204,553,''),(14079,205,553,''),(14080,233,553,''),(14081,207,553,'0'),(14082,219,553,'0'),(14083,75,553,'9662LRS'),(14084,68,553,'21257.10'),(14085,74,553,'0'),(14086,112,553,'{\"nombre\":\"DNI(112).jpg\"}'),(14087,220,553,''),(14088,221,553,''),(14089,113,553,'{\"nombre\":\"Orden de mandato electrónico(113).pdf\"}'),(14090,210,553,''),(14091,211,553,''),(14092,114,553,'{\"nombre\":\"Ficha técnica(114).pdf\"}'),(14093,115,553,'{\"nombre\":\"Permiso de circulación(115).pdf\"}'),(14094,116,553,''),(14095,117,553,'{\"nombre\":\"Factura de venta(117).pdf\"}'),(14096,206,553,''),(14097,209,553,''),(14098,62,553,'Jerez'),(14099,63,553,'maria victoria reinoso cuena'),(14100,66,553,'CITROEN'),(14101,67,553,'C4'),(14102,69,553,'0'),(14103,70,553,''),(14104,71,553,'0'),(14105,72,553,'0'),(14106,73,553,'0'),(14107,212,553,'0'),(14108,213,553,'0'),(14109,214,553,'0'),(14110,171,553,''),(14111,172,553,''),(14112,76,551,''),(14113,237,551,''),(14114,239,551,''),(14115,178,551,''),(14116,179,551,''),(14117,180,551,''),(14118,181,551,''),(14119,182,551,''),(14120,76,552,''),(14121,237,552,''),(14122,239,552,''),(14123,178,552,''),(14124,179,552,''),(14125,180,552,''),(14126,181,552,''),(14127,182,552,''),(14128,76,553,''),(14129,237,553,''),(14130,239,553,''),(14131,178,553,''),(14132,179,553,''),(14133,180,553,''),(14134,181,553,''),(14135,182,553,''),(14136,41,554,'105/2023'),(14137,42,554,'Matrícula con exención por familia numerosa'),(14138,43,554,'Inauto'),(14139,45,554,'Javier Caro'),(14140,241,554,'0'),(14141,242,554,''),(14142,188,554,'0'),(14143,46,554,'28583114W'),(14144,223,554,'0'),(14145,189,554,''),(14146,190,554,''),(14147,191,554,''),(14148,192,554,''),(14149,232,554,''),(14150,215,554,'0'),(14151,48,554,'jjjj'),(14152,49,554,'jlkjl'),(14153,50,554,'0'),(14154,56,554,'0'),(14155,90,554,''),(14156,217,554,''),(14157,218,554,''),(14158,91,554,''),(14159,92,554,''),(14160,93,554,''),(14161,94,554,''),(14162,95,554,''),(14163,96,554,''),(14164,165,554,''),(14165,97,554,''),(14166,98,554,''),(14167,164,554,''),(14168,99,554,'0'),(14169,124,554,''),(14170,100,554,''),(14171,102,554,''),(14172,103,554,''),(14173,104,554,''),(14174,105,554,''),(14175,106,554,''),(14176,107,554,''),(14177,108,554,''),(14178,109,554,''),(14179,110,554,''),(14180,125,554,''),(14181,126,554,''),(14182,127,554,''),(14183,132,554,''),(14184,128,554,'0'),(14185,129,554,''),(14186,130,554,''),(14187,131,554,''),(14188,187,554,''),(14189,193,554,''),(14190,194,554,''),(14191,195,554,''),(14192,196,554,''),(14193,197,554,''),(14194,198,554,''),(14195,199,554,''),(14196,200,554,''),(14197,234,554,'0'),(14198,235,554,''),(14199,185,554,''),(14200,44,554,'Cádiz'),(14201,47,554,'jjjj'),(14202,51,554,'0'),(14203,52,554,''),(14204,53,554,'0'),(14205,54,554,'0'),(14206,55,554,'0'),(14207,166,554,''),(14208,167,554,''),(14209,168,554,''),(14210,169,554,''),(14211,170,554,''),(14212,57,554,''),(14213,123,554,''),(14214,183,554,'0'),(14215,184,554,''),(14216,186,554,''),(14217,58,554,''),(14218,238,554,''),(14219,173,554,''),(14220,174,554,''),(14221,175,554,''),(14222,176,554,''),(14223,177,554,''),(14224,59,555,'105/2023'),(14225,60,555,'Transferencia'),(14226,111,555,''),(14227,61,555,'Tysa'),(14228,243,555,'0'),(14229,244,555,''),(14230,201,555,'0'),(14231,240,555,'0'),(14232,64,555,'48123334C'),(14233,222,555,'0'),(14234,202,555,''),(14235,203,555,''),(14236,204,555,''),(14237,205,555,''),(14238,233,555,''),(14239,207,555,'0'),(14240,219,555,'0'),(14241,75,555,'7824JYN'),(14242,68,555,'0'),(14243,74,555,'0'),(14244,112,555,'{\"nombre\":\"DNI(112).pdf\"}'),(14245,220,555,''),(14246,221,555,''),(14247,113,555,''),(14248,210,555,''),(14249,211,555,'{\"nombre\":\"Orden de mandato electrónico comprador(211).pdf\"}'),(14250,114,555,'{\"nombre\":\"Ficha técnica(114).pdf\"}'),(14251,115,555,'{\"nombre\":\"Permiso de circulación(115).pdf\"}'),(14252,116,555,''),(14253,117,555,'{\"nombre\":\"Factura de venta(117).pdf\"}'),(14254,206,555,''),(14255,209,555,''),(14256,62,555,'Sevilla'),(14257,63,555,'JOSE ALVARIÑO ACUÑA'),(14258,66,555,'FORD'),(14259,67,555,'EDGE'),(14260,69,555,'0'),(14261,70,555,''),(14262,71,555,'0'),(14263,72,555,'0'),(14264,73,555,'0'),(14265,212,555,'0'),(14266,213,555,'0'),(14267,214,555,'0'),(14268,171,555,'{\"nombre\":\"Permiso circulación provisional(171).PDF\"}'),(14269,172,555,''),(14270,59,556,'106/2023'),(14271,60,556,'Transferencia'),(14272,111,556,''),(14273,61,556,'Autos Pisa'),(14274,243,556,'0'),(14275,244,556,''),(14276,201,556,'0'),(14277,240,556,'0'),(14278,64,556,'50169712L'),(14279,222,556,'0'),(14280,202,556,''),(14281,203,556,''),(14282,204,556,''),(14283,205,556,''),(14284,233,556,''),(14285,207,556,'0'),(14286,219,556,'0'),(14287,75,556,'5628LTS'),(14288,68,556,'73500.00'),(14289,74,556,'0'),(14290,112,556,''),(14291,220,556,''),(14292,221,556,''),(14293,113,556,''),(14294,210,556,'{\"nombre\":\"DNI comprador(210).pdf\"}'),(14295,211,556,'{\"nombre\":\"Orden de mandato electrónico comprador(211).pdf\"}'),(14296,114,556,'{\"nombre\":\"Ficha técnica(114).pdf\"}'),(14297,115,556,'{\"nombre\":\"Permiso de circulación(115).pdf\"}'),(14298,116,556,''),(14299,117,556,'{\"nombre\":\"Factura de venta(117).pdf\"}'),(14300,206,556,''),(14301,209,556,''),(14302,62,556,'Sevilla'),(14303,63,556,'MIGUEL ANGEL SALOM MORENO'),(14304,66,556,'PORSCHE'),(14305,67,556,'MACAN'),(14306,69,556,'0'),(14307,70,556,''),(14308,71,556,'0'),(14309,72,556,'0'),(14310,73,556,'0'),(14311,212,556,'0'),(14312,213,556,'0'),(14313,214,556,'0'),(14314,171,556,'{\"nombre\":\"Permiso circulación provisional(171).PDF\"}'),(14315,172,556,''),(14316,59,557,'107/2023'),(14317,60,557,'Transferencia'),(14318,111,557,''),(14319,61,557,'Autos Pisa'),(14320,243,557,'0'),(14321,244,557,''),(14322,201,557,'1'),(14323,240,557,'0'),(14324,64,557,''),(14325,222,557,'0'),(14326,202,557,'B41895947'),(14327,203,557,''),(14328,204,557,''),(14329,205,557,''),(14330,233,557,''),(14331,207,557,'0'),(14332,219,557,'0'),(14333,75,557,'4157LXF'),(14334,68,557,'115000'),(14335,74,557,'0'),(14336,112,557,''),(14337,220,557,''),(14338,221,557,''),(14339,113,557,'{\"nombre\":\"Orden de mandato electrónico(113).pdf\"}'),(14340,210,557,''),(14341,211,557,''),(14342,114,557,'{\"nombre\":\"Ficha técnica(114).pdf\"}'),(14343,115,557,'{\"nombre\":\"Permiso de circulación(115).pdf\"}'),(14344,116,557,''),(14345,117,557,''),(14346,206,557,''),(14347,209,557,''),(14348,62,557,'Sevilla'),(14349,63,557,'AUTOS PISA SL'),(14350,66,557,'PORSCHE'),(14351,67,557,'718 CAYMAN GT4'),(14352,69,557,'0'),(14353,70,557,''),(14354,71,557,'0'),(14355,72,557,'0'),(14356,73,557,'0'),(14357,212,557,'0'),(14358,213,557,'0'),(14359,214,557,'0'),(14360,171,557,''),(14361,172,557,''),(14362,41,558,'108/2023'),(14363,42,558,'Matrícula simple'),(14364,43,558,'Tysa'),(14365,45,558,'Javier Caro'),(14366,241,558,'0'),(14367,242,558,''),(14368,188,558,'0'),(14369,46,558,'28583114W'),(14370,223,558,'0'),(14371,189,558,''),(14372,190,558,''),(14373,191,558,''),(14374,192,558,''),(14375,232,558,''),(14376,215,558,'0'),(14377,48,558,'saas'),(14378,49,558,'kkk'),(14379,50,558,'0'),(14380,56,558,'0'),(14381,90,558,'{\"nombre\":\"Documento DNI(90).docx\"}'),(14382,217,558,''),(14383,218,558,''),(14384,91,558,''),(14385,92,558,''),(14386,93,558,''),(14387,94,558,''),(14388,95,558,''),(14389,96,558,''),(14390,165,558,''),(14391,97,558,''),(14392,98,558,''),(14393,164,558,''),(14394,99,558,'0'),(14395,124,558,''),(14396,100,558,''),(14397,102,558,''),(14398,103,558,''),(14399,104,558,''),(14400,105,558,''),(14401,106,558,''),(14402,107,558,''),(14403,108,558,''),(14404,109,558,''),(14405,110,558,''),(14406,125,558,''),(14407,126,558,''),(14408,127,558,''),(14409,132,558,''),(14410,128,558,'0'),(14411,129,558,''),(14412,130,558,''),(14413,131,558,''),(14414,187,558,''),(14415,193,558,''),(14416,194,558,''),(14417,195,558,''),(14418,196,558,''),(14419,197,558,''),(14420,198,558,''),(14421,199,558,''),(14422,200,558,''),(14423,234,558,'0'),(14424,235,558,''),(14425,185,558,''),(14426,44,558,'Sevilla'),(14427,47,558,'12121'),(14428,51,558,'0'),(14429,52,558,''),(14430,53,558,'0'),(14431,54,558,'0'),(14432,55,558,'0'),(14433,166,558,'{\"nombre\":\"Permiso circulación provisional(166).txt\"}'),(14434,167,558,''),(14435,168,558,''),(14436,169,558,''),(14437,170,558,''),(14438,57,558,'asas'),(14439,123,558,''),(14440,183,558,'0'),(14441,184,558,''),(14442,186,558,''),(14443,58,558,''),(14444,238,558,''),(14445,173,558,''),(14446,174,558,''),(14447,175,558,''),(14448,176,558,''),(14449,177,558,''),(14450,59,559,'108/2023'),(14451,60,559,'Transferencia'),(14452,111,559,''),(14453,61,559,'Gysa'),(14454,243,559,'0'),(14455,244,559,''),(14456,201,559,'0'),(14457,240,559,'0'),(14458,64,559,'klksa'),(14459,222,559,'0'),(14460,202,559,''),(14461,203,559,''),(14462,204,559,''),(14463,205,559,''),(14464,233,559,''),(14465,207,559,'0'),(14466,219,559,'0'),(14467,75,559,'111111'),(14468,68,559,'0'),(14469,74,559,'0'),(14470,112,559,''),(14471,220,559,''),(14472,221,559,''),(14473,113,559,''),(14474,210,559,''),(14475,211,559,''),(14476,114,559,''),(14477,115,559,''),(14478,116,559,''),(14479,117,559,''),(14480,206,559,''),(14481,209,559,''),(14482,62,559,'Jerez'),(14483,63,559,'Javier Caro'),(14484,66,559,'lklk'),(14485,67,559,'lala'),(14486,69,559,'0'),(14487,70,559,''),(14488,71,559,'0'),(14489,72,559,'0'),(14490,73,559,'0'),(14491,212,559,'0'),(14492,213,559,'0'),(14493,214,559,'0'),(14494,171,559,''),(14495,172,559,''),(14496,76,559,''),(14497,237,559,''),(14498,239,559,''),(14499,178,559,''),(14500,179,559,''),(14501,180,559,''),(14502,181,559,''),(14503,182,559,''),(14504,59,560,'109/2023'),(14505,60,560,'Transferencia'),(14506,111,560,''),(14507,61,560,'Fyrsa'),(14508,243,560,'1'),(14509,244,560,'EL COCHE LO ENTREGA UN AGENTE ESTA TARDE  ( ESTA EN BAJA TEMPORAL )'),(14510,201,560,'0'),(14511,240,560,'0'),(14512,64,560,'78841888A'),(14513,222,560,'0'),(14514,202,560,''),(14515,203,560,''),(14516,204,560,''),(14517,205,560,''),(14518,233,560,''),(14519,207,560,'0'),(14520,219,560,'0'),(14521,75,560,'3940FMM'),(14522,68,560,'4000'),(14523,74,560,'0'),(14524,112,560,'{\"nombre\":\"DNI(112).pdf\"}'),(14525,220,560,''),(14526,221,560,''),(14527,113,560,''),(14528,210,560,''),(14529,211,560,''),(14530,114,560,'{\"nombre\":\"Ficha técnica(114).pdf\"}'),(14531,115,560,'{\"nombre\":\"Permiso de circulación(115).pdf\"}'),(14532,116,560,''),(14533,117,560,'{\"nombre\":\"Factura de venta(117).pdf\"}'),(14534,206,560,''),(14535,209,560,''),(14536,62,560,'Córdoba'),(14537,63,560,'PURIFICACION  ARAGON BRAVO'),(14538,66,560,'MINI'),(14539,67,560,'COOPER'),(14540,69,560,'0'),(14541,70,560,''),(14542,71,560,'0'),(14543,72,560,'0'),(14544,73,560,'0'),(14545,212,560,'0'),(14546,213,560,'0'),(14547,214,560,'0'),(14548,171,560,'{\"nombre\":\"Permiso circulación provisional(171).PDF\"}'),(14549,172,560,''),(14550,69,549,'0'),(14551,70,549,''),(14552,71,549,'0'),(14553,72,549,'0'),(14554,73,549,'0'),(14555,212,549,'0'),(14556,213,549,'0'),(14557,214,549,'0'),(14558,171,549,'{\"nombre\":\"Permiso circulación provisional(171).PDF\"}'),(14559,172,549,''),(14560,76,557,''),(14561,237,557,''),(14562,239,557,''),(14563,178,557,''),(14564,179,557,''),(14565,180,557,''),(14566,181,557,''),(14567,182,557,''),(14568,76,556,''),(14569,237,556,''),(14570,239,556,''),(14571,178,556,''),(14572,179,556,''),(14573,180,556,''),(14574,181,556,''),(14575,182,556,''),(14576,41,561,'110/2023'),(14577,42,561,'Matrícula simple'),(14578,43,561,'Noray'),(14579,45,561,'ANTONIO ALMAGRO GARCIA'),(14580,241,561,'0'),(14581,242,561,''),(14582,188,561,'0'),(14583,46,561,'78688458F'),(14584,223,561,'0'),(14585,189,561,''),(14586,190,561,''),(14587,191,561,''),(14588,192,561,''),(14589,232,561,''),(14590,215,561,'0'),(14591,48,561,'KIA'),(14592,49,561,'SPORTAGE'),(14593,50,561,'0'),(14594,56,561,'790'),(14595,90,561,'{\"nombre\":\"Documento DNI(90).pdf\"}'),(14596,217,561,''),(14597,218,561,''),(14598,91,561,'{\"nombre\":\"Orden de mandato electrónico(91).pdf\"}'),(14599,92,561,'{\"nombre\":\"Ficha Técnica del vehículo(92).pdf\"}'),(14600,93,561,'{\"nombre\":\"Factura de venta(93).pdf\"}'),(14601,94,561,''),(14602,95,561,''),(14603,96,561,''),(14604,165,561,''),(14605,97,561,''),(14606,98,561,''),(14607,164,561,''),(14608,99,561,'0'),(14609,124,561,''),(14610,100,561,''),(14611,102,561,''),(14612,103,561,''),(14613,104,561,''),(14614,105,561,''),(14615,106,561,''),(14616,107,561,''),(14617,108,561,''),(14618,109,561,''),(14619,110,561,''),(14620,125,561,''),(14621,126,561,''),(14622,127,561,''),(14623,132,561,''),(14624,128,561,'0'),(14625,129,561,''),(14626,130,561,''),(14627,131,561,''),(14628,187,561,''),(14629,193,561,''),(14630,194,561,''),(14631,195,561,''),(14632,196,561,''),(14633,197,561,''),(14634,198,561,''),(14635,199,561,''),(14636,200,561,''),(14637,234,561,'0'),(14638,235,561,''),(14639,185,561,''),(14640,44,561,'Cádiz'),(14641,47,561,'U5YPV81BAPL211000'),(14642,51,561,'0'),(14643,52,561,''),(14644,53,561,'0'),(14645,54,561,'0'),(14646,55,561,'0'),(14647,166,561,'{\"nombre\":\"Permiso circulación provisional(166).PDF\"}'),(14648,167,561,'{\"nombre\":\"Ficha técnica provisional(167).PDF\"}'),(14649,168,561,''),(14650,169,561,''),(14651,170,561,''),(14652,57,561,'2169MKT'),(14653,123,561,''),(14654,183,561,'0'),(14655,184,561,''),(14656,186,561,''),(14657,41,562,'111/2023'),(14658,42,562,'Matrícula simple'),(14659,43,562,'Noray'),(14660,45,562,'JOSE HUBERTO MENDEZ PEREA'),(14661,241,562,'0'),(14662,242,562,''),(14663,188,562,'0'),(14664,46,562,'31825559E'),(14665,223,562,'0'),(14666,189,562,''),(14667,190,562,''),(14668,191,562,''),(14669,192,562,''),(14670,232,562,''),(14671,215,562,'0'),(14672,48,562,'KIA'),(14673,49,562,'XCEED'),(14674,50,562,'16908.13'),(14675,56,562,'790'),(14676,90,562,'{\"nombre\":\"Documento DNI(90).pdf\"}'),(14677,217,562,''),(14678,218,562,''),(14679,91,562,'{\"nombre\":\"Orden de mandato electrónico(91).pdf\"}'),(14680,92,562,'{\"nombre\":\"Ficha Técnica del vehículo(92).pdf\"}'),(14681,93,562,'{\"nombre\":\"Factura de venta(93).pdf\"}'),(14682,94,562,''),(14683,95,562,''),(14684,96,562,''),(14685,165,562,''),(14686,97,562,''),(14687,98,562,''),(14688,164,562,''),(14689,99,562,'0'),(14690,124,562,''),(14691,100,562,''),(14692,102,562,''),(14693,103,562,''),(14694,104,562,''),(14695,105,562,''),(14696,106,562,''),(14697,107,562,''),(14698,108,562,''),(14699,109,562,''),(14700,110,562,''),(14701,125,562,''),(14702,126,562,''),(14703,127,562,''),(14704,132,562,''),(14705,128,562,'0'),(14706,129,562,''),(14707,130,562,''),(14708,131,562,''),(14709,187,562,''),(14710,193,562,''),(14711,194,562,''),(14712,195,562,''),(14713,196,562,''),(14714,197,562,''),(14715,198,562,''),(14716,199,562,''),(14717,200,562,''),(14718,234,562,'0'),(14719,235,562,''),(14720,185,562,''),(14721,44,562,'Algeciras'),(14722,47,562,'U5YH4F12ARL164531'),(14723,51,562,'0'),(14724,52,562,''),(14725,53,562,'0'),(14726,54,562,'0'),(14727,55,562,'0'),(14728,166,562,'{\"nombre\":\"Permiso circulación provisional(166).PDF\"}'),(14729,167,562,'{\"nombre\":\"Ficha técnica provisional(167).PDF\"}'),(14730,168,562,''),(14731,169,562,''),(14732,170,562,''),(14733,57,562,'2327MKT'),(14734,123,562,''),(14735,183,562,'0'),(14736,184,562,''),(14737,186,562,''),(14738,76,560,''),(14739,237,560,''),(14740,239,560,''),(14741,178,560,''),(14742,179,560,''),(14743,180,560,''),(14744,181,560,''),(14745,182,560,''),(14746,41,563,'112/2023'),(14747,42,563,'Matricula con exención de discapacidad'),(14748,43,563,'Gysa'),(14749,45,563,'Javier Caro'),(14750,241,563,'0'),(14751,242,563,''),(14752,188,563,'0'),(14753,46,563,''),(14754,223,563,'0'),(14755,189,563,''),(14756,190,563,''),(14757,191,563,''),(14758,192,563,''),(14759,232,563,''),(14760,215,563,'0'),(14761,48,563,''),(14762,49,563,''),(14763,50,563,'0'),(14764,56,563,'0'),(14765,90,563,'{\"nombre\":\"Documento DNI(90).pdf\"}'),(14766,217,563,''),(14767,218,563,''),(14768,91,563,''),(14769,92,563,''),(14770,93,563,''),(14771,94,563,'{\"nombre\":\"Ficha técnica del vehículo(94).pdf\"}'),(14772,95,563,''),(14773,96,563,''),(14774,165,563,''),(14775,97,563,''),(14776,98,563,''),(14777,164,563,''),(14778,99,563,'0'),(14779,124,563,''),(14780,100,563,''),(14781,102,563,''),(14782,103,563,''),(14783,104,563,''),(14784,105,563,''),(14785,106,563,''),(14786,107,563,''),(14787,108,563,''),(14788,109,563,''),(14789,110,563,''),(14790,125,563,''),(14791,126,563,''),(14792,127,563,''),(14793,132,563,''),(14794,128,563,'0'),(14795,129,563,''),(14796,130,563,''),(14797,131,563,''),(14798,187,563,''),(14799,193,563,''),(14800,194,563,''),(14801,195,563,''),(14802,196,563,''),(14803,197,563,''),(14804,198,563,''),(14805,199,563,''),(14806,200,563,''),(14807,234,563,'0'),(14808,235,563,''),(14809,185,563,''),(14810,44,563,''),(14811,47,563,''),(14812,59,564,'112/2023'),(14813,60,564,'Transferencia'),(14814,111,564,''),(14815,61,564,'Gysa'),(14816,243,564,'0'),(14817,244,564,''),(14818,201,564,'0'),(14819,240,564,'0'),(14820,64,564,''),(14821,222,564,'0'),(14822,202,564,''),(14823,203,564,''),(14824,204,564,''),(14825,205,564,''),(14826,233,564,''),(14827,207,564,'0'),(14828,219,564,'0'),(14829,75,564,'1111AAA'),(14830,68,564,'0'),(14831,74,564,'0'),(14832,112,564,'{\"nombre\":\"DNI(112).pdf\"}'),(14833,220,564,''),(14834,221,564,''),(14835,113,564,''),(14836,210,564,''),(14837,211,564,''),(14838,114,564,'{\"nombre\":\"Ficha técnica(114).pdf\"}'),(14839,115,564,''),(14840,116,564,''),(14841,117,564,'{\"nombre\":\"Factura de venta(117).pdf\"}'),(14842,206,564,''),(14843,209,564,''),(14844,62,564,'Jerez'),(14845,63,564,''),(14846,66,564,''),(14847,67,564,''),(14848,76,549,''),(14849,178,549,'{\"nombre\":\"Documentación adicional (I_V)(178).PDF\"}'),(14850,237,549,''),(14851,239,549,''),(14852,179,549,''),(14853,180,549,''),(14854,181,549,''),(14855,182,549,''),(14856,76,555,''),(14857,237,555,''),(14858,239,555,''),(14859,178,555,''),(14860,179,555,''),(14861,180,555,''),(14862,181,555,''),(14863,182,555,''),(14864,59,565,'112/2023'),(14865,60,565,'Transferencia'),(14866,111,565,''),(14867,61,565,'Fyrsa'),(14868,243,565,'0'),(14869,244,565,''),(14870,201,565,'0'),(14871,240,565,'0'),(14872,64,565,'30463923D'),(14873,222,565,'0'),(14874,202,565,''),(14875,203,565,''),(14876,204,565,''),(14877,205,565,''),(14878,233,565,''),(14879,207,565,'0'),(14880,219,565,'0'),(14881,75,565,'4265LJD'),(14882,68,565,'15110.74'),(14883,74,565,'0'),(14884,112,565,'{\"nombre\":\"DNI(112).pdf\"}'),(14885,220,565,''),(14886,221,565,''),(14887,113,565,''),(14888,210,565,''),(14889,211,565,''),(14890,114,565,'{\"nombre\":\"Ficha técnica(114).pdf\"}'),(14891,115,565,''),(14892,116,565,''),(14893,117,565,'{\"nombre\":\"Factura de venta(117).pdf\"}'),(14894,206,565,''),(14895,209,565,''),(14896,62,565,'Córdoba'),(14897,63,565,'ANGEL SANCHEZ DELGADO'),(14898,66,565,'SEAT'),(14899,67,565,'ARONA'),(14900,59,566,'113/2023'),(14901,60,566,'Transferencia'),(14902,111,566,''),(14903,61,566,'Fyrsa'),(14904,243,566,'0'),(14905,244,566,''),(14906,201,566,'0'),(14907,240,566,'0'),(14908,64,566,'30463923D'),(14909,222,566,'0'),(14910,202,566,''),(14911,203,566,''),(14912,204,566,''),(14913,205,566,''),(14914,233,566,''),(14915,207,566,'0'),(14916,219,566,'0'),(14917,75,566,'4265LJD'),(14918,68,566,'15110.74'),(14919,74,566,'0'),(14920,112,566,'{\"nombre\":\"DNI(112).pdf\"}'),(14921,220,566,''),(14922,221,566,''),(14923,113,566,''),(14924,210,566,''),(14925,211,566,''),(14926,114,566,'{\"nombre\":\"Ficha técnica(114).pdf\"}'),(14927,115,566,'{\"nombre\":\"Permiso de circulación(115).pdf\"}'),(14928,116,566,''),(14929,117,566,'{\"nombre\":\"Factura de venta(117).pdf\"}'),(14930,206,566,''),(14931,209,566,''),(14932,62,566,'Córdoba'),(14933,63,566,'ANGEL SANCHEZ DELGADO'),(14934,66,566,'SEAT'),(14935,67,566,'ARONA'),(14936,69,566,'0'),(14937,70,566,''),(14938,71,566,'0'),(14939,72,566,'0'),(14940,73,566,'0'),(14941,212,566,'0'),(14942,213,566,'0'),(14943,214,566,'0'),(14944,171,566,'{\"nombre\":\"Permiso circulación provisional(171).PDF\"}'),(14945,172,566,''),(14946,59,567,'114/2023'),(14947,60,567,'Transferencia'),(14948,111,567,''),(14949,61,567,'Fyrsa'),(14950,243,567,'0'),(14951,244,567,''),(14952,201,567,'0'),(14953,240,567,'0'),(14954,64,567,'30955062Y'),(14955,222,567,'0'),(14956,202,567,''),(14957,203,567,''),(14958,204,567,''),(14959,205,567,''),(14960,233,567,''),(14961,207,567,'0'),(14962,219,567,'0'),(14963,75,567,'9989MKC'),(14964,68,567,'17727.27'),(14965,74,567,'0'),(14966,112,567,'{\"nombre\":\"DNI(112).pdf\"}'),(14967,220,567,''),(14968,221,567,'{\"nombre\":\"Certificado de empadronamiento(221).pdf\"}'),(14969,113,567,''),(14970,210,567,''),(14971,211,567,''),(14972,114,567,'{\"nombre\":\"Ficha técnica(114).pdf\"}'),(14973,115,567,'{\"nombre\":\"Permiso de circulación(115).pdf\"}'),(14974,116,567,''),(14975,117,567,'{\"nombre\":\"Factura de venta(117).pdf\"}'),(14976,206,567,''),(14977,209,567,''),(14978,62,567,'Córdoba'),(14979,63,567,'JOSE DANIEL ALONSO DURAN'),(14980,66,567,'CITROEN '),(14981,67,567,'C4'),(14982,69,567,'0'),(14983,70,567,''),(14984,71,567,'0'),(14985,72,567,'0'),(14986,73,567,'0'),(14987,212,567,'0'),(14988,213,567,'0'),(14989,214,567,'0'),(14990,171,567,'{\"nombre\":\"Permiso circulación provisional(171).PDF\"}'),(14991,172,567,''),(14992,76,566,''),(14993,237,566,''),(14994,239,566,''),(14995,178,566,''),(14996,179,566,''),(14997,180,566,''),(14998,181,566,''),(14999,182,566,''),(15000,76,567,''),(15001,237,567,''),(15002,239,567,''),(15003,178,567,'{\"nombre\":\"Documentación adicional (I_V)(178).PDF\"}'),(15004,179,567,''),(15005,180,567,''),(15006,181,567,''),(15007,182,567,''),(15008,58,562,''),(15009,238,562,''),(15010,173,562,''),(15011,174,562,''),(15012,175,562,''),(15013,176,562,''),(15014,177,562,''),(15015,58,463,''),(15016,238,463,''),(15017,58,493,''),(15018,238,493,''),(15019,238,499,''),(15020,174,499,''),(15021,175,499,''),(15022,176,499,''),(15023,177,499,''),(15024,58,531,''),(15025,238,531,''),(15026,173,531,''),(15027,174,531,''),(15028,175,531,''),(15029,176,531,''),(15030,177,531,''),(15031,58,536,''),(15032,238,536,''),(15033,173,536,''),(15034,174,536,''),(15035,175,536,''),(15036,176,536,''),(15037,177,536,''),(15038,58,561,''),(15039,238,561,''),(15040,173,561,''),(15041,174,561,''),(15042,175,561,''),(15043,176,561,''),(15044,177,561,''),(15049,41,568,'115/2023'),(15050,42,568,'Matricula con exención de discapacidad'),(15051,43,568,'Noray'),(15052,45,568,'TERESA CASTILLO BARRAGAN'),(15053,241,568,'0'),(15054,242,568,''),(15055,188,568,'0'),(15056,46,568,'32040486Z'),(15057,223,568,'0'),(15058,189,568,''),(15059,190,568,''),(15060,191,568,''),(15061,192,568,''),(15062,232,568,''),(15063,215,568,'0'),(15064,48,568,'KIA'),(15065,49,568,'SPORTAGE'),(15066,50,568,'28048.62'),(15067,56,568,'0'),(15068,90,568,'{\"nombre\":\"Documento DNI(90).pdf\"}'),(15069,217,568,''),(15070,218,568,''),(15071,91,568,'{\"nombre\":\"Orden de mandato electrónico(91).pdf\"}'),(15072,92,568,''),(15073,93,568,''),(15074,94,568,'{\"nombre\":\"Ficha técnica del vehículo(94).pdf\"}'),(15075,95,568,'{\"nombre\":\"Autorización hacienda(95).pdf\"}'),(15076,96,568,'{\"nombre\":\"Modelo 05(96).pdf\"}'),(15077,165,568,''),(15078,97,568,'{\"nombre\":\"Certificado de discapacidad(97).pdf\"}'),(15079,98,568,'{\"nombre\":\"Factura de venta(98).pdf\"}'),(15080,164,568,'{\"nombre\":\"Declaración jurada firmada por el cliente(164).pdf\"}'),(15081,99,568,'0'),(15082,124,568,'{\"nombre\":\"Carnet de conducir del solicitante(124).pdf\"}'),(15083,100,568,''),(15084,102,568,''),(15085,103,568,''),(15086,104,568,''),(15087,105,568,''),(15088,106,568,''),(15089,107,568,''),(15090,108,568,''),(15091,109,568,''),(15092,110,568,''),(15093,125,568,''),(15094,126,568,''),(15095,127,568,''),(15096,132,568,''),(15097,128,568,'0'),(15098,129,568,''),(15099,130,568,''),(15100,131,568,''),(15101,187,568,''),(15102,193,568,''),(15103,194,568,''),(15104,195,568,''),(15105,196,568,''),(15106,197,568,''),(15107,198,568,''),(15108,199,568,''),(15109,200,568,''),(15110,234,568,'0'),(15111,235,568,''),(15112,185,568,''),(15113,44,568,'Algeciras'),(15114,47,568,'U5YPV81GBPL115041 '),(15115,59,569,'116/2023'),(15116,60,569,'Transferencia'),(15117,111,569,''),(15118,61,569,'Fyrsa'),(15119,243,569,'0'),(15120,244,569,''),(15121,201,569,'0'),(15122,240,569,'0'),(15123,64,569,'Y5261475D'),(15124,222,569,'0'),(15125,202,569,''),(15126,203,569,''),(15127,204,569,''),(15128,205,569,''),(15129,233,569,''),(15130,207,569,'0'),(15131,219,569,'1'),(15132,75,569,'1873MKD'),(15133,68,569,'18003.31'),(15134,74,569,'0'),(15135,112,569,'{\"nombre\":\"DNI(112).pdf\"}'),(15136,220,569,''),(15137,221,569,''),(15138,113,569,''),(15139,210,569,''),(15140,211,569,''),(15141,114,569,'{\"nombre\":\"Ficha técnica(114).pdf\"}'),(15142,115,569,'{\"nombre\":\"Permiso de circulación(115).pdf\"}'),(15143,116,569,''),(15144,117,569,'{\"nombre\":\"Factura de venta(117).pdf\"}'),(15145,206,569,''),(15146,209,569,''),(15147,62,569,'Córdoba'),(15148,63,569,'JOHNY JOSE GARRIDO BELISARIO'),(15149,66,569,'CITROEN '),(15150,67,569,'C4'),(15151,69,569,'0'),(15152,70,569,''),(15153,71,569,'0'),(15154,72,569,'0'),(15155,73,569,'0'),(15156,212,569,'0'),(15157,213,569,'0'),(15158,214,569,'0'),(15159,171,569,''),(15160,172,569,''),(15161,59,570,'117/2023'),(15162,60,570,'Transferencia'),(15163,111,570,''),(15164,61,570,'Fyrsa'),(15165,243,570,'0'),(15166,244,570,''),(15167,201,570,'0'),(15168,240,570,'0'),(15169,64,570,'30832741E'),(15170,222,570,'0'),(15171,202,570,''),(15172,203,570,''),(15173,204,570,''),(15174,205,570,''),(15175,233,570,''),(15176,207,570,'0'),(15177,219,570,'0'),(15178,75,570,'1917MKD'),(15179,68,570,'17755.37'),(15180,74,570,'0'),(15181,112,570,'{\"nombre\":\"DNI(112).pdf\"}'),(15182,220,570,''),(15183,221,570,''),(15184,113,570,''),(15185,210,570,''),(15186,211,570,''),(15187,114,570,'{\"nombre\":\"Ficha técnica(114).pdf\"}'),(15188,115,570,'{\"nombre\":\"Permiso de circulación(115).pdf\"}'),(15189,116,570,''),(15190,117,570,'{\"nombre\":\"Factura de venta(117).pdf\"}'),(15191,206,570,''),(15192,209,570,''),(15193,62,570,'Córdoba'),(15194,63,570,'FERNANDO SANCHEZ RAMIREZ '),(15195,66,570,'CITROEN '),(15196,67,570,'C4 '),(15197,69,570,'0'),(15198,70,570,''),(15199,71,570,'0'),(15200,72,570,'0'),(15201,73,570,'0'),(15202,212,570,'0'),(15203,213,570,'0'),(15204,214,570,'0'),(15205,171,570,''),(15206,172,570,''),(15207,41,571,'118/2023'),(15208,42,571,'Matrícula simple'),(15209,43,571,'Noray'),(15210,45,571,'ALICIA GALVAN GAMAZA'),(15211,241,571,'0'),(15212,242,571,''),(15213,188,571,'0'),(15214,46,571,'79250921M'),(15215,223,571,'0'),(15216,189,571,''),(15217,190,571,''),(15218,191,571,''),(15219,192,571,''),(15220,232,571,''),(15221,215,571,'0'),(15222,48,571,'KIA'),(15223,49,571,'NIRO PHEV'),(15224,50,571,'31969.58'),(15225,56,571,'790'),(15226,90,571,'{\"nombre\":\"Documento DNI(90).pdf\"}'),(15227,217,571,''),(15228,218,571,''),(15229,91,571,'{\"nombre\":\"Orden de mandato electrónico(91).pdf\"}'),(15230,92,571,'{\"nombre\":\"Ficha Técnica del vehículo(92).pdf\"}'),(15231,93,571,'{\"nombre\":\"Factura de venta(93).pdf\"}'),(15232,94,571,''),(15233,95,571,''),(15234,96,571,''),(15235,165,571,''),(15236,97,571,''),(15237,98,571,''),(15238,164,571,''),(15239,99,571,'0'),(15240,124,571,''),(15241,100,571,''),(15242,102,571,''),(15243,103,571,''),(15244,104,571,''),(15245,105,571,''),(15246,106,571,''),(15247,107,571,''),(15248,108,571,''),(15249,109,571,''),(15250,110,571,''),(15251,125,571,''),(15252,126,571,''),(15253,127,571,''),(15254,132,571,''),(15255,128,571,'0'),(15256,129,571,''),(15257,130,571,''),(15258,131,571,''),(15259,187,571,''),(15260,193,571,''),(15261,194,571,''),(15262,195,571,''),(15263,196,571,''),(15264,197,571,''),(15265,198,571,''),(15266,199,571,''),(15267,200,571,''),(15268,234,571,'0'),(15269,235,571,''),(15270,185,571,''),(15271,44,571,'Chiclana'),(15272,47,571,'KNACS81FGR5100261 '),(15273,51,571,'0'),(15274,52,571,''),(15275,53,571,'0'),(15276,54,571,'0'),(15277,55,571,'0'),(15278,166,571,'{\"nombre\":\"Permiso circulación provisional(166).PDF\"}'),(15279,167,571,'{\"nombre\":\"Ficha técnica provisional(167).PDF\"}'),(15280,168,571,'{\"nombre\":\"Modelo 576(168).PDF\"}'),(15281,169,571,'{\"nombre\":\"Alta IVTM(169).PDF\"}'),(15282,170,571,'{\"nombre\":\"Pago IVTM(170).PDF\"}'),(15283,57,571,'6531mkw'),(15284,123,571,''),(15285,183,571,'0'),(15286,184,571,''),(15287,186,571,''),(15288,41,572,'119/2023'),(15289,42,572,'Matrícula simple'),(15290,43,572,'Noray'),(15291,45,572,'PILAR PARRA ABAD'),(15292,241,572,'0'),(15293,242,572,''),(15294,188,572,'0'),(15295,46,572,'48835308Y'),(15296,223,572,'0'),(15297,189,572,''),(15298,190,572,''),(15299,191,572,''),(15300,192,572,''),(15301,232,572,''),(15302,215,572,'0'),(15303,48,572,'KIA'),(15304,49,572,'XCEED'),(15305,50,572,'16023.13'),(15306,56,572,'400'),(15307,90,572,'{\"nombre\":\"Documento DNI(90).pdf\"}'),(15308,217,572,''),(15309,218,572,''),(15310,91,572,'{\"nombre\":\"Orden de mandato electrónico(91).pdf\"}'),(15311,92,572,'{\"nombre\":\"Ficha Técnica del vehículo(92).pdf\"}'),(15312,93,572,'{\"nombre\":\"Factura de venta(93).pdf\"}'),(15313,94,572,''),(15314,95,572,''),(15315,96,572,''),(15316,165,572,''),(15317,97,572,''),(15318,98,572,''),(15319,164,572,''),(15320,99,572,'0'),(15321,124,572,''),(15322,100,572,''),(15323,102,572,''),(15324,103,572,''),(15325,104,572,''),(15326,105,572,''),(15327,106,572,''),(15328,107,572,''),(15329,108,572,''),(15330,109,572,''),(15331,110,572,''),(15332,125,572,''),(15333,126,572,''),(15334,127,572,''),(15335,132,572,''),(15336,128,572,'0'),(15337,129,572,''),(15338,130,572,''),(15339,131,572,''),(15340,187,572,''),(15341,193,572,''),(15342,194,572,''),(15343,195,572,''),(15344,196,572,''),(15345,197,572,''),(15346,198,572,''),(15347,199,572,''),(15348,200,572,''),(15349,234,572,'0'),(15350,235,572,''),(15351,185,572,''),(15352,44,572,'Algeciras'),(15353,47,572,'U5YH4F12ARL164537'),(15354,51,572,'0'),(15355,52,572,''),(15356,53,572,'0'),(15357,54,572,'0'),(15358,55,572,'0'),(15359,166,572,'{\"nombre\":\"Permiso circulación provisional(166).PDF\"}'),(15360,167,572,'{\"nombre\":\"Ficha técnica provisional(167).PDF\"}'),(15361,168,572,'{\"nombre\":\"Modelo 576(168).PDF\"}'),(15362,169,572,'{\"nombre\":\"Alta IVTM(169).PDF\"}'),(15363,170,572,'{\"nombre\":\"Pago IVTM(170).PDF\"}'),(15364,57,572,'6740MKW'),(15365,123,572,''),(15366,183,572,'0'),(15367,184,572,''),(15368,186,572,''),(15369,41,573,'120/2023'),(15370,42,573,'Matrícula simple'),(15371,43,573,'Noray'),(15372,45,573,'FRANCISCO RODRIGUEZ RODRIGUEZ'),(15373,241,573,'0'),(15374,242,573,''),(15375,188,573,'0'),(15376,46,573,'31817979D'),(15377,223,573,'0'),(15378,189,573,''),(15379,190,573,''),(15380,191,573,''),(15381,192,573,''),(15382,232,573,''),(15383,215,573,'0'),(15384,48,573,'KIA'),(15385,49,573,'PICANTO'),(15386,50,573,'14250.48'),(15387,56,573,'400'),(15388,90,573,'{\"nombre\":\"Documento DNI(90).pdf\"}'),(15389,217,573,''),(15390,218,573,''),(15391,91,573,'{\"nombre\":\"Orden de mandato electrónico(91).pdf\"}'),(15392,92,573,'{\"nombre\":\"Ficha Técnica del vehículo(92).pdf\"}'),(15393,93,573,'{\"nombre\":\"Factura de venta(93).pdf\"}'),(15394,94,573,''),(15395,95,573,''),(15396,96,573,''),(15397,165,573,''),(15398,97,573,''),(15399,98,573,''),(15400,164,573,''),(15401,99,573,'0'),(15402,124,573,''),(15403,100,573,''),(15404,102,573,''),(15405,103,573,''),(15406,104,573,''),(15407,105,573,''),(15408,106,573,''),(15409,107,573,''),(15410,108,573,''),(15411,109,573,''),(15412,110,573,''),(15413,125,573,''),(15414,126,573,''),(15415,127,573,''),(15416,132,573,''),(15417,128,573,'0'),(15418,129,573,''),(15419,130,573,''),(15420,131,573,''),(15421,187,573,''),(15422,193,573,''),(15423,194,573,''),(15424,195,573,''),(15425,196,573,''),(15426,197,573,''),(15427,198,573,''),(15428,199,573,''),(15429,200,573,''),(15430,234,573,'0'),(15431,235,573,''),(15432,185,573,''),(15433,44,573,'Algeciras'),(15434,47,573,'KNAB3519APT110371'),(15435,51,573,'0'),(15436,52,573,''),(15437,53,573,'0'),(15438,54,573,'0'),(15439,55,573,'0'),(15440,166,573,'{\"nombre\":\"Permiso circulación provisional(166).PDF\"}'),(15441,167,573,'{\"nombre\":\"Ficha técnica provisional(167).PDF\"}'),(15442,168,573,'{\"nombre\":\"Modelo 576(168).PDF\"}'),(15443,169,573,'{\"nombre\":\"Alta IVTM(169).pdf\"}'),(15444,170,573,'{\"nombre\":\"Pago IVTM(170).pdf\"}'),(15445,57,573,'6110MKW'),(15446,123,573,''),(15447,183,573,'0'),(15448,184,573,''),(15449,186,573,''),(15450,41,574,'121/2023'),(15451,42,574,'Matrícula simple'),(15452,43,574,'Noray'),(15453,45,574,'RAQUEL MARTIN MARTINEZ'),(15454,241,574,'0'),(15455,242,574,''),(15456,188,574,'0'),(15457,46,574,'76430890G'),(15458,223,574,'0'),(15459,189,574,''),(15460,190,574,''),(15461,191,574,''),(15462,192,574,''),(15463,232,574,''),(15464,215,574,'0'),(15465,48,574,'KAI'),(15466,49,574,'NIRO'),(15467,50,574,'25010.04'),(15468,56,574,'400'),(15469,90,574,'{\"nombre\":\"Documento DNI(90).pdf\"}'),(15470,217,574,''),(15471,218,574,''),(15472,91,574,'{\"nombre\":\"Orden de mandato electrónico(91).pdf\"}'),(15473,92,574,'{\"nombre\":\"Ficha Técnica del vehículo(92).pdf\"}'),(15474,93,574,'{\"nombre\":\"Factura de venta(93).pdf\"}'),(15475,94,574,''),(15476,95,574,''),(15477,96,574,''),(15478,165,574,''),(15479,97,574,''),(15480,98,574,''),(15481,164,574,''),(15482,99,574,'0'),(15483,124,574,''),(15484,100,574,''),(15485,102,574,''),(15486,103,574,''),(15487,104,574,''),(15488,105,574,''),(15489,106,574,''),(15490,107,574,''),(15491,108,574,''),(15492,109,574,''),(15493,110,574,''),(15494,125,574,''),(15495,126,574,''),(15496,127,574,''),(15497,132,574,''),(15498,128,574,'0'),(15499,129,574,''),(15500,130,574,''),(15501,131,574,''),(15502,187,574,''),(15503,193,574,''),(15504,194,574,''),(15505,195,574,''),(15506,196,574,''),(15507,197,574,''),(15508,198,574,''),(15509,199,574,''),(15510,200,574,''),(15511,234,574,'0'),(15512,235,574,''),(15513,185,574,''),(15514,44,574,'Algeciras'),(15515,47,574,'KNACR81EGR5122255'),(15516,41,575,'122/2023'),(15517,42,575,'Matrícula simple'),(15518,43,575,'Noray'),(15519,45,575,'RAQUEL MARTIN MARTINEZ'),(15520,241,575,'0'),(15521,242,575,''),(15522,188,575,'0'),(15523,46,575,'76430890G'),(15524,223,575,'0'),(15525,189,575,''),(15526,190,575,''),(15527,191,575,''),(15528,192,575,''),(15529,232,575,''),(15530,215,575,'0'),(15531,48,575,'KAI'),(15532,49,575,'NIRO'),(15533,50,575,'25010.04'),(15534,56,575,'400'),(15535,90,575,''),(15536,217,575,''),(15537,218,575,''),(15538,91,575,''),(15539,92,575,''),(15540,93,575,''),(15541,94,575,''),(15542,95,575,''),(15543,96,575,''),(15544,165,575,''),(15545,97,575,''),(15546,98,575,''),(15547,164,575,''),(15548,99,575,'0'),(15549,124,575,''),(15550,100,575,''),(15551,102,575,''),(15552,103,575,''),(15553,104,575,''),(15554,105,575,''),(15555,106,575,''),(15556,107,575,''),(15557,108,575,''),(15558,109,575,''),(15559,110,575,''),(15560,125,575,''),(15561,126,575,''),(15562,127,575,''),(15563,132,575,''),(15564,128,575,'0'),(15565,129,575,''),(15566,130,575,''),(15567,131,575,''),(15568,187,575,''),(15569,193,575,''),(15570,194,575,''),(15571,195,575,''),(15572,196,575,''),(15573,197,575,''),(15574,198,575,''),(15575,199,575,''),(15576,200,575,''),(15577,234,575,'0'),(15578,235,575,''),(15579,185,575,''),(15580,44,575,'Algeciras'),(15581,47,575,'KNACR81EGR5122255'),(15582,51,575,'0'),(15583,52,575,''),(15584,53,575,'0'),(15585,54,575,'0'),(15586,55,575,'0'),(15587,166,575,''),(15588,167,575,''),(15589,168,575,''),(15590,169,575,''),(15591,170,575,''),(15592,57,575,''),(15593,123,575,''),(15594,183,575,''),(15595,184,575,''),(15596,186,575,''),(15597,41,576,'123/2023'),(15598,42,576,'Matrícula con IVA reducido por discapacidad'),(15599,43,576,'Gadir'),(15600,45,576,'RUBEN BLANCO GARCIA'),(15601,241,576,'0'),(15602,242,576,''),(15603,188,576,'0'),(15604,46,576,'31719649G'),(15605,223,576,'0'),(15606,189,576,''),(15607,190,576,''),(15608,191,576,''),(15609,192,576,''),(15610,232,576,''),(15611,215,576,'0'),(15612,48,576,'LOA'),(15613,49,576,'SPORTAGE'),(15614,50,576,'33725.83'),(15615,56,576,'790'),(15616,90,576,'{\"nombre\":\"Documento DNI(90).pdf\"}'),(15617,217,576,''),(15618,218,576,''),(15619,91,576,'{\"nombre\":\"Orden de mandato electrónico(91).pdf\"}'),(15620,92,576,''),(15621,93,576,''),(15622,94,576,'{\"nombre\":\"Ficha técnica del vehículo(94).pdf\"}'),(15623,95,576,'{\"nombre\":\"Autorización hacienda(95).pdf\"}'),(15624,96,576,'{\"nombre\":\"Modelo 05(96).pdf\"}'),(15625,165,576,''),(15626,97,576,'{\"nombre\":\"Certificado de discapacidad(97).pdf\"}'),(15627,98,576,''),(15628,164,576,''),(15629,99,576,'0'),(15630,124,576,'{\"nombre\":\"Carnet de conducir del solicitante(124).pdf\"}'),(15631,100,576,''),(15632,102,576,''),(15633,103,576,''),(15634,104,576,''),(15635,105,576,''),(15636,106,576,''),(15637,107,576,''),(15638,108,576,''),(15639,109,576,''),(15640,110,576,''),(15641,125,576,''),(15642,126,576,''),(15643,127,576,''),(15644,132,576,''),(15645,128,576,'0'),(15646,129,576,''),(15647,130,576,''),(15648,131,576,''),(15649,187,576,'{\"nombre\":\"Orden de mandato(187).pdf\"}'),(15650,193,576,''),(15651,194,576,''),(15652,195,576,''),(15653,196,576,''),(15654,197,576,''),(15655,198,576,''),(15656,199,576,''),(15657,200,576,''),(15658,234,576,'0'),(15659,235,576,''),(15660,185,576,''),(15661,44,576,'Jerez'),(15662,47,576,'U5YPV81HDPL111696 '),(15663,51,576,'0'),(15664,52,576,''),(15665,53,576,'0'),(15666,54,576,'0'),(15667,55,576,'0'),(15668,166,576,''),(15669,167,576,''),(15670,168,576,''),(15671,169,576,''),(15672,170,576,''),(15673,57,576,''),(15674,123,576,''),(15675,183,576,'0'),(15676,184,576,''),(15677,186,576,''),(15678,51,574,'0'),(15679,52,574,''),(15680,53,574,'0'),(15681,54,574,'0'),(15682,55,574,'0'),(15683,166,574,''),(15684,167,574,''),(15685,168,574,''),(15686,169,574,''),(15687,170,574,''),(15688,57,574,''),(15689,123,574,''),(15690,183,574,''),(15691,184,574,''),(15692,186,574,''),(15693,41,577,'124/2023'),(15694,42,577,'Matrícula con IVA reducido por discapacidad'),(15695,43,577,'Gadir'),(15696,45,577,'MARIA OLIVA SELVATICO SANCHEZ'),(15697,241,577,'0'),(15698,242,577,''),(15699,188,577,'0'),(15700,46,577,'31242750X'),(15701,223,577,'0'),(15702,189,577,''),(15703,190,577,''),(15704,191,577,''),(15705,192,577,''),(15706,232,577,''),(15707,215,577,'0'),(15708,48,577,'KIA'),(15709,49,577,'PICANTO'),(15710,50,577,'10882.65'),(15711,56,577,'790'),(15712,90,577,'{\"nombre\":\"Documento DNI(90).pdf\"}'),(15713,217,577,''),(15714,218,577,''),(15715,91,577,''),(15716,92,577,''),(15717,93,577,''),(15718,94,577,''),(15719,95,577,'{\"nombre\":\"Autorización hacienda(95).pdf\"}'),(15720,96,577,'{\"nombre\":\"Modelo 05(96).pdf\"}'),(15721,165,577,''),(15722,97,577,'{\"nombre\":\"Certificado de discapacidad(97).pdf\"}'),(15723,98,577,''),(15724,164,577,''),(15725,99,577,'0'),(15726,124,577,'{\"nombre\":\"Carnet de conducir del solicitante(124).pdf\"}'),(15727,100,577,''),(15728,102,577,''),(15729,103,577,''),(15730,104,577,''),(15731,105,577,''),(15732,106,577,''),(15733,107,577,''),(15734,108,577,''),(15735,109,577,''),(15736,110,577,''),(15737,125,577,''),(15738,126,577,''),(15739,127,577,''),(15740,132,577,''),(15741,128,577,'0'),(15742,129,577,''),(15743,130,577,''),(15744,131,577,''),(15745,187,577,''),(15746,193,577,''),(15747,194,577,''),(15748,195,577,''),(15749,196,577,''),(15750,197,577,''),(15751,198,577,''),(15752,199,577,''),(15753,200,577,''),(15754,234,577,'0'),(15755,235,577,''),(15756,185,577,''),(15757,44,577,'Jerez'),(15758,47,577,'KNAB2518APT175919'),(15759,51,577,'0'),(15760,52,577,''),(15761,53,577,'0'),(15762,54,577,'0'),(15763,55,577,'0'),(15764,166,577,''),(15765,167,577,''),(15766,168,577,''),(15767,169,577,''),(15768,170,577,''),(15769,57,577,''),(15770,123,577,''),(15771,183,577,'0'),(15772,184,577,''),(15773,186,577,''),(15774,51,568,'0'),(15775,52,568,''),(15776,53,568,'0'),(15777,54,568,'0'),(15778,55,568,'0'),(15779,166,568,''),(15780,167,568,''),(15781,168,568,''),(15782,169,568,''),(15783,170,568,''),(15784,57,568,''),(15785,123,568,''),(15786,183,568,'0'),(15787,184,568,''),(15788,186,568,''),(15789,58,573,''),(15790,238,573,''),(15791,173,573,''),(15792,174,573,''),(15793,175,573,''),(15794,176,573,''),(15795,177,573,''),(15796,58,568,''),(15797,173,568,'{\"nombre\":\"Documentación adicional (I_V)(173).pdf\"}'),(15798,58,576,''),(15799,173,576,'{\"nombre\":\"Documentación adicional (I_V)(173).pdf\"}'),(15800,58,577,''),(15801,173,577,'{\"nombre\":\"Documentación adicional (I_V)(173).pdf\"}'),(15802,59,578,'125/2023'),(15803,60,578,'Transferencia'),(15804,111,578,''),(15805,61,578,'Fyrsa'),(15806,243,578,'0'),(15807,244,578,''),(15808,201,578,'0'),(15809,240,578,'0'),(15810,64,578,'08906680E'),(15811,222,578,'1'),(15812,202,578,''),(15813,203,578,''),(15814,204,578,''),(15815,205,578,''),(15816,233,578,''),(15817,207,578,'0'),(15818,219,578,'0'),(15819,75,578,'9233LFY'),(15820,68,578,'22135.54'),(15821,74,578,'0'),(15822,112,578,'{\"nombre\":\"DNI(112).pdf\"}'),(15823,220,578,''),(15824,221,578,'{\"nombre\":\"Certificado de empadronamiento(221).pdf\"}'),(15825,113,578,'{\"nombre\":\"Orden de mandato electrónico(113).pdf\"}'),(15826,210,578,''),(15827,211,578,''),(15828,114,578,'{\"nombre\":\"Ficha técnica(114).pdf\"}'),(15829,115,578,'{\"nombre\":\"Permiso de circulación(115).pdf\"}'),(15830,116,578,''),(15831,117,578,'{\"nombre\":\"Factura de venta(117).pdf\"}'),(15832,206,578,''),(15833,209,578,''),(15834,62,578,'Córdoba'),(15835,63,578,'JUAN ANTONIO BERNAL MIRANDA'),(15836,66,578,'SEAT '),(15837,67,578,'TARRACO'),(15838,69,578,'0'),(15839,70,578,''),(15840,71,578,'0'),(15841,72,578,'0'),(15842,73,578,'0'),(15843,212,578,'0'),(15844,213,578,'0'),(15845,214,578,'0'),(15846,171,578,'{\"nombre\":\"Permiso circulación provisional(171).PDF\"}'),(15847,172,578,''),(15884,58,571,''),(15885,58,572,''),(15904,76,520,''),(15905,237,520,''),(15906,239,520,''),(15907,178,520,''),(15908,179,520,''),(15909,180,520,''),(15910,181,520,''),(15911,182,520,''),(15912,76,548,''),(15913,237,548,''),(15914,239,548,''),(15915,178,548,''),(15916,179,548,''),(15917,180,548,''),(15918,181,548,''),(15919,182,548,''),(15920,41,580,'127/2023'),(15921,42,580,'Matrícula simple'),(15922,43,580,'Gysa'),(15923,45,580,'Javier Caro'),(15924,241,580,'0'),(15925,242,580,''),(15926,188,580,'0'),(15927,46,580,'28583114W'),(15928,223,580,'0'),(15929,189,580,''),(15930,190,580,''),(15931,191,580,''),(15932,192,580,''),(15933,232,580,''),(15934,215,580,'0'),(15935,245,580,'asa'),(15936,48,580,'ford'),(15937,49,580,'modelo'),(15938,50,580,'0'),(15939,56,580,'0'),(15940,90,580,''),(15941,217,580,''),(15942,218,580,''),(15943,91,580,''),(15944,92,580,''),(15945,93,580,''),(15946,94,580,''),(15947,95,580,''),(15948,96,580,''),(15949,165,580,''),(15950,97,580,''),(15951,98,580,''),(15952,164,580,''),(15953,99,580,'0'),(15954,124,580,''),(15955,100,580,''),(15956,102,580,''),(15957,103,580,''),(15958,104,580,''),(15959,105,580,''),(15960,106,580,''),(15961,107,580,''),(15962,108,580,''),(15963,109,580,''),(15964,110,580,''),(15965,125,580,''),(15966,126,580,''),(15967,127,580,''),(15968,132,580,''),(15969,128,580,'0'),(15970,129,580,''),(15971,130,580,''),(15972,131,580,''),(15973,187,580,''),(15974,193,580,''),(15975,194,580,''),(15976,195,580,''),(15977,196,580,''),(15978,197,580,''),(15979,198,580,''),(15980,199,580,''),(15981,200,580,''),(15982,234,580,'0'),(15983,235,580,''),(15984,185,580,''),(15985,44,580,'Jerez'),(15986,47,580,'121212'),(15987,51,580,'0'),(15988,52,580,''),(15989,53,580,'0'),(15990,54,580,'0'),(15991,55,580,'0'),(15992,166,580,''),(15993,167,580,''),(15994,168,580,''),(15995,169,580,''),(15996,170,580,''),(15997,57,580,'11111'),(15998,123,580,''),(15999,183,580,'0'),(16000,184,580,''),(16001,186,580,''),(16056,41,582,'129/2023'),(16057,42,582,'Matrícula simple'),(16058,43,582,'Gysa'),(16059,45,582,'Javier Caro'),(16060,241,582,'0'),(16061,242,582,''),(16062,188,582,'0'),(16063,46,582,'28583114W'),(16064,223,582,'0'),(16065,189,582,''),(16066,190,582,''),(16067,191,582,''),(16068,192,582,''),(16069,232,582,''),(16070,215,582,'0'),(16071,245,582,'as'),(16072,48,582,'ford'),(16073,49,582,'T'),(16074,50,582,'0'),(16075,56,582,'0'),(16076,90,582,''),(16077,217,582,''),(16078,218,582,''),(16079,91,582,''),(16080,92,582,''),(16081,93,582,''),(16082,94,582,''),(16083,95,582,''),(16084,96,582,''),(16085,165,582,''),(16086,97,582,''),(16087,98,582,''),(16088,164,582,''),(16089,99,582,'0'),(16090,124,582,''),(16091,100,582,''),(16092,102,582,''),(16093,103,582,''),(16094,104,582,''),(16095,105,582,''),(16096,106,582,''),(16097,107,582,''),(16098,108,582,''),(16099,109,582,''),(16100,110,582,''),(16101,125,582,''),(16102,126,582,''),(16103,127,582,''),(16104,132,582,''),(16105,128,582,'0'),(16106,129,582,''),(16107,130,582,''),(16108,131,582,''),(16109,187,582,''),(16110,193,582,''),(16111,194,582,''),(16112,195,582,''),(16113,196,582,''),(16114,197,582,''),(16115,198,582,''),(16116,199,582,''),(16117,200,582,''),(16118,234,582,'0'),(16119,235,582,''),(16120,185,582,''),(16121,44,582,'Jerez'),(16122,47,582,'121212'),(16123,51,582,'0'),(16124,52,582,''),(16125,53,582,'0'),(16126,54,582,'0'),(16127,55,582,'0'),(16128,166,582,''),(16129,167,582,''),(16130,168,582,''),(16131,169,582,''),(16132,170,582,''),(16133,57,582,'16161B'),(16134,123,582,'{\"nombre\":\"Documentación definitiva(123).txt\"}'),(16135,183,582,'0'),(16136,184,582,''),(16137,186,582,''),(16138,58,582,''),(16139,238,582,''),(16140,173,582,''),(16141,174,582,''),(16142,175,582,''),(16143,176,582,''),(16144,177,582,''),(16145,76,570,''),(16146,237,570,''),(16147,239,570,''),(16148,178,570,''),(16149,179,570,''),(16150,180,570,''),(16151,181,570,''),(16152,182,570,''),(16153,76,569,''),(16154,237,569,''),(16155,239,569,''),(16156,178,569,''),(16157,179,569,''),(16158,180,569,''),(16159,181,569,''),(16160,182,569,''),(16161,76,578,''),(16162,237,578,''),(16163,239,578,''),(16164,178,578,''),(16165,179,578,''),(16166,180,578,''),(16167,181,578,''),(16168,182,578,''),(16169,58,580,''),(16170,238,580,''),(16171,173,580,''),(16172,174,580,''),(16173,175,580,''),(16174,176,580,''),(16175,177,580,''),(16176,41,583,'130/2023'),(16177,42,583,'Matrícula simple'),(16178,43,583,'Inauto'),(16179,45,583,'Javier Caro'),(16180,241,583,'0'),(16181,242,583,''),(16182,188,583,'0'),(16183,46,583,'28583114W'),(16184,223,583,'0'),(16185,189,583,''),(16186,190,583,''),(16187,191,583,''),(16188,192,583,''),(16189,232,583,''),(16190,215,583,'0'),(16191,245,583,'ss'),(16192,48,583,'saas'),(16193,49,583,'T'),(16194,50,583,'0'),(16195,56,583,'0'),(16196,90,583,''),(16197,217,583,''),(16198,218,583,''),(16199,91,583,''),(16200,92,583,''),(16201,93,583,''),(16202,94,583,''),(16203,95,583,''),(16204,96,583,''),(16205,165,583,''),(16206,97,583,''),(16207,98,583,''),(16208,164,583,''),(16209,99,583,'0'),(16210,124,583,''),(16211,100,583,''),(16212,102,583,''),(16213,103,583,''),(16214,104,583,''),(16215,105,583,''),(16216,106,583,''),(16217,107,583,''),(16218,108,583,''),(16219,109,583,''),(16220,110,583,''),(16221,125,583,''),(16222,126,583,''),(16223,127,583,''),(16224,132,583,''),(16225,128,583,'0'),(16226,129,583,''),(16227,130,583,''),(16228,131,583,''),(16229,187,583,''),(16230,193,583,''),(16231,194,583,''),(16232,195,583,''),(16233,196,583,''),(16234,197,583,''),(16235,198,583,''),(16236,199,583,''),(16237,200,583,''),(16238,234,583,'0'),(16239,235,583,''),(16240,185,583,''),(16241,44,583,'Jerez'),(16242,47,583,'121212'),(16243,51,583,'0'),(16244,52,583,''),(16245,53,583,'0'),(16246,54,583,'0'),(16247,55,583,'0'),(16248,166,583,''),(16249,167,583,''),(16250,168,583,''),(16251,169,583,''),(16252,170,583,''),(16253,57,583,''),(16254,123,583,''),(16255,183,583,'0'),(16256,184,583,''),(16257,186,583,''),(16258,58,583,''),(16259,238,583,''),(16260,173,583,''),(16261,174,583,''),(16262,175,583,''),(16263,176,583,''),(16264,177,583,'');
/*!40000 ALTER TABLE `valores` ENABLE KEYS */;
UNLOCK TABLES;
/*!40103 SET TIME_ZONE=@OLD_TIME_ZONE */;

/*!40101 SET SQL_MODE=@OLD_SQL_MODE */;
/*!40014 SET FOREIGN_KEY_CHECKS=@OLD_FOREIGN_KEY_CHECKS */;
/*!40014 SET UNIQUE_CHECKS=@OLD_UNIQUE_CHECKS */;
/*!40101 SET CHARACTER_SET_CLIENT=@OLD_CHARACTER_SET_CLIENT */;
/*!40101 SET CHARACTER_SET_RESULTS=@OLD_CHARACTER_SET_RESULTS */;
/*!40101 SET COLLATION_CONNECTION=@OLD_COLLATION_CONNECTION */;
/*!40111 SET SQL_NOTES=@OLD_SQL_NOTES */;

-- Dump completed on 2023-10-23 19:40:22
